
  0%|          | 0/20 [00:00<?, ?it/s]
      Epoch 0 train:   0%|          | 0/20 [00:00<?, ?it/s]
      Epoch 0 train:   0%|          | 0/20 [00:18<?, ?it/s, avg_loss=1.5301, num_batches=1/60, num_samples=1]
      Epoch 0 train:   0%|          | 0/20 [00:18<?, ?it/s, avg_loss=4.1379, num_batches=2/60, num_samples=2]
      Epoch 0 train:   0%|          | 0/20 [00:18<?, ?it/s, avg_loss=2.7702, num_batches=3/60, num_samples=3]
      Epoch 0 train:   0%|          | 0/20 [00:19<?, ?it/s, avg_loss=3.5784, num_batches=4/60, num_samples=4]
      Epoch 0 train:   0%|          | 0/20 [00:19<?, ?it/s, avg_loss=2.9623, num_batches=5/60, num_samples=5]
      Epoch 0 train:   0%|          | 0/20 [00:19<?, ?it/s, avg_loss=2.5757, num_batches=6/60, num_samples=6]
      Epoch 0 train:   0%|          | 0/20 [00:19<?, ?it/s, avg_loss=2.4082, num_batches=7/60, num_samples=7]
      Epoch 0 train:   0%|          | 0/20 [00:19<?, ?it/s, avg_loss=2.4774, num_batches=8/60, num_samples=8]
      Epoch 0 train:   0%|          | 0/20 [00:19<?, ?it/s, avg_loss=2.5082, num_batches=9/60, num_samples=9]
      Epoch 0 train:   0%|          | 0/20 [00:19<?, ?it/s, avg_loss=2.4412, num_batches=10/60, num_samples=10]
      Epoch 0 train:   0%|          | 0/20 [00:19<?, ?it/s, avg_loss=2.3062, num_batches=11/60, num_samples=11]
      Epoch 0 train:   0%|          | 0/20 [00:19<?, ?it/s, avg_loss=2.2340, num_batches=12/60, num_samples=12]
      Epoch 0 train:   0%|          | 0/20 [00:19<?, ?it/s, avg_loss=2.2013, num_batches=13/60, num_samples=13]
      Epoch 0 train:   0%|          | 0/20 [00:20<?, ?it/s, avg_loss=2.1040, num_batches=14/60, num_samples=14]
      Epoch 0 train:   0%|          | 0/20 [00:20<?, ?it/s, avg_loss=2.2118, num_batches=15/60, num_samples=15]
      Epoch 0 train:   0%|          | 0/20 [00:20<?, ?it/s, avg_loss=2.3319, num_batches=16/60, num_samples=16]
      Epoch 0 train:   0%|          | 0/20 [00:20<?, ?it/s, avg_loss=2.2388, num_batches=17/60, num_samples=17]
      Epoch 0 train:   0%|          | 0/20 [00:20<?, ?it/s, avg_loss=2.1412, num_batches=18/60, num_samples=18]
      Epoch 0 train:   0%|          | 0/20 [00:20<?, ?it/s, avg_loss=2.0690, num_batches=19/60, num_samples=19]
      Epoch 0 train:   0%|          | 0/20 [00:20<?, ?it/s, avg_loss=2.0000, num_batches=20/60, num_samples=20]
      Epoch 0 train:   0%|          | 0/20 [00:20<?, ?it/s, avg_loss=1.9995, num_batches=21/60, num_samples=21]
      Epoch 0 train:   0%|          | 0/20 [00:20<?, ?it/s, avg_loss=1.9876, num_batches=22/60, num_samples=22]
      Epoch 0 train:   0%|          | 0/20 [00:20<?, ?it/s, avg_loss=1.9731, num_batches=23/60, num_samples=23]
      Epoch 0 train:   0%|          | 0/20 [00:20<?, ?it/s, avg_loss=1.9505, num_batches=24/60, num_samples=24]
      Epoch 0 train:   0%|          | 0/20 [00:21<?, ?it/s, avg_loss=1.9281, num_batches=25/60, num_samples=25]
      Epoch 0 train:   0%|          | 0/20 [00:21<?, ?it/s, avg_loss=1.9101, num_batches=26/60, num_samples=26]
      Epoch 0 train:   0%|          | 0/20 [00:21<?, ?it/s, avg_loss=1.8633, num_batches=27/60, num_samples=27]
      Epoch 0 train:   0%|          | 0/20 [00:21<?, ?it/s, avg_loss=1.8317, num_batches=28/60, num_samples=28]
      Epoch 0 train:   0%|          | 0/20 [00:21<?, ?it/s, avg_loss=1.8014, num_batches=29/60, num_samples=29]
      Epoch 0 train:   0%|          | 0/20 [00:21<?, ?it/s, avg_loss=1.7718, num_batches=30/60, num_samples=30]
      Epoch 0 train:   0%|          | 0/20 [00:21<?, ?it/s, avg_loss=1.7378, num_batches=31/60, num_samples=31]
      Epoch 0 train:   0%|          | 0/20 [00:21<?, ?it/s, avg_loss=1.7240, num_batches=32/60, num_samples=32]
      Epoch 0 train:   0%|          | 0/20 [00:21<?, ?it/s, avg_loss=1.7025, num_batches=33/60, num_samples=33]
      Epoch 0 train:   0%|          | 0/20 [00:21<?, ?it/s, avg_loss=1.7543, num_batches=34/60, num_samples=34]
      Epoch 0 train:   0%|          | 0/20 [00:21<?, ?it/s, avg_loss=1.7905, num_batches=35/60, num_samples=35]
      Epoch 0 train:   0%|          | 0/20 [00:21<?, ?it/s, avg_loss=1.7596, num_batches=36/60, num_samples=36]
      Epoch 0 train:   0%|          | 0/20 [00:22<?, ?it/s, avg_loss=1.7872, num_batches=37/60, num_samples=37]
      Epoch 0 train:   0%|          | 0/20 [00:22<?, ?it/s, avg_loss=1.7997, num_batches=38/60, num_samples=38]
      Epoch 0 train:   0%|          | 0/20 [00:22<?, ?it/s, avg_loss=1.7681, num_batches=39/60, num_samples=39]
      Epoch 0 train:   0%|          | 0/20 [00:22<?, ?it/s, avg_loss=1.7385, num_batches=40/60, num_samples=40]
      Epoch 0 train:   0%|          | 0/20 [00:22<?, ?it/s, avg_loss=1.7107, num_batches=41/60, num_samples=41]
      Epoch 0 train:   0%|          | 0/20 [00:22<?, ?it/s, avg_loss=1.6838, num_batches=42/60, num_samples=42]
      Epoch 0 train:   0%|          | 0/20 [00:22<?, ?it/s, avg_loss=1.6523, num_batches=43/60, num_samples=43]
      Epoch 0 train:   0%|          | 0/20 [00:22<?, ?it/s, avg_loss=1.6453, num_batches=44/60, num_samples=44]
      Epoch 0 train:   0%|          | 0/20 [00:22<?, ?it/s, avg_loss=1.6166, num_batches=45/60, num_samples=45]
      Epoch 0 train:   0%|          | 0/20 [00:22<?, ?it/s, avg_loss=1.6615, num_batches=46/60, num_samples=46]
      Epoch 0 train:   0%|          | 0/20 [00:22<?, ?it/s, avg_loss=1.6998, num_batches=47/60, num_samples=47]
      Epoch 0 train:   0%|          | 0/20 [00:22<?, ?it/s, avg_loss=1.6734, num_batches=48/60, num_samples=48]
      Epoch 0 train:   0%|          | 0/20 [00:23<?, ?it/s, avg_loss=1.7075, num_batches=49/60, num_samples=49]
      Epoch 0 train:   0%|          | 0/20 [00:23<?, ?it/s, avg_loss=1.6930, num_batches=50/60, num_samples=50]
      Epoch 0 train:   0%|          | 0/20 [00:23<?, ?it/s, avg_loss=1.6734, num_batches=51/60, num_samples=51]
      Epoch 0 train:   0%|          | 0/20 [00:23<?, ?it/s, avg_loss=1.6900, num_batches=52/60, num_samples=52]
      Epoch 0 train:   0%|          | 0/20 [00:23<?, ?it/s, avg_loss=1.6740, num_batches=53/60, num_samples=53]
      Epoch 0 train:   0%|          | 0/20 [00:23<?, ?it/s, avg_loss=1.6754, num_batches=54/60, num_samples=54]
      Epoch 0 train:   0%|          | 0/20 [00:23<?, ?it/s, avg_loss=1.6723, num_batches=55/60, num_samples=55]
      Epoch 0 train:   0%|          | 0/20 [00:23<?, ?it/s, avg_loss=1.6613, num_batches=56/60, num_samples=56]
      Epoch 0 train:   0%|          | 0/20 [00:23<?, ?it/s, avg_loss=1.6478, num_batches=57/60, num_samples=57]
      Epoch 0 train:   0%|          | 0/20 [00:23<?, ?it/s, avg_loss=1.6606, num_batches=58/60, num_samples=58]
      Epoch 0 train:   0%|          | 0/20 [00:23<?, ?it/s, avg_loss=1.6735, num_batches=59/60, num_samples=59]
      Epoch 0 train:   0%|          | 0/20 [00:23<?, ?it/s, avg_loss=1.6685, num_batches=60/60, num_samples=60]
      Epoch 0 val:   0%|          | 0/20 [00:24<?, ?it/s, avg_loss=1.6685, num_batches=60/60, num_samples=60]  
      Epoch 0 val:   0%|          | 0/20 [00:24<?, ?it/s, avg_loss=1.3183, num_batches=1/15, num_samples=1]  
      Epoch 0 val:   0%|          | 0/20 [00:24<?, ?it/s, avg_loss=1.7567, num_batches=2/15, num_samples=2]
      Epoch 0 val:   0%|          | 0/20 [00:24<?, ?it/s, avg_loss=1.6210, num_batches=3/15, num_samples=3]
      Epoch 0 val:   0%|          | 0/20 [00:24<?, ?it/s, avg_loss=1.7677, num_batches=4/15, num_samples=4]
      Epoch 0 val:   0%|          | 0/20 [00:24<?, ?it/s, avg_loss=1.5042, num_batches=5/15, num_samples=5]
      Epoch 0 val:   0%|          | 0/20 [00:24<?, ?it/s, avg_loss=1.3354, num_batches=6/15, num_samples=6]
      Epoch 0 val:   0%|          | 0/20 [00:24<?, ?it/s, avg_loss=1.3319, num_batches=7/15, num_samples=7]
      Epoch 0 val:   0%|          | 0/20 [00:24<?, ?it/s, avg_loss=1.2277, num_batches=8/15, num_samples=8]
      Epoch 0 val:   0%|          | 0/20 [00:24<?, ?it/s, avg_loss=1.2328, num_batches=9/15, num_samples=9]
      Epoch 0 val:   0%|          | 0/20 [00:24<?, ?it/s, avg_loss=1.3435, num_batches=10/15, num_samples=10]
      Epoch 0 val:   0%|          | 0/20 [00:24<?, ?it/s, avg_loss=1.2590, num_batches=11/15, num_samples=11]
      Epoch 0 val:   0%|          | 0/20 [00:24<?, ?it/s, avg_loss=1.2057, num_batches=12/15, num_samples=12]
      Epoch 0 val:   0%|          | 0/20 [00:24<?, ?it/s, avg_loss=1.3009, num_batches=13/15, num_samples=13]
      Epoch 0 val:   0%|          | 0/20 [00:24<?, ?it/s, avg_loss=1.2868, num_batches=14/15, num_samples=14]
      Epoch 0 val:   0%|          | 0/20 [00:24<?, ?it/s, avg_loss=1.3524, num_batches=15/15, num_samples=15]
      Epoch 0 val:   5%|▌         | 1/20 [00:25<07:55, 25.02s/it, avg_loss=1.3524, num_batches=15/15, num_samples=15]
      Epoch 1 train:   5%|▌         | 1/20 [00:25<07:55, 25.02s/it, avg_loss=1.3524, num_batches=15/15, num_samples=15]
      Epoch 1 train:   5%|▌         | 1/20 [00:25<07:55, 25.02s/it, avg_loss=1.2196, num_batches=1/60, num_samples=1]  
      Epoch 1 train:   5%|▌         | 1/20 [00:25<07:55, 25.02s/it, avg_loss=1.1886, num_batches=2/60, num_samples=2]
      Epoch 1 train:   5%|▌         | 1/20 [00:25<07:55, 25.02s/it, avg_loss=0.9634, num_batches=3/60, num_samples=3]
      Epoch 1 train:   5%|▌         | 1/20 [00:25<07:55, 25.02s/it, avg_loss=0.8670, num_batches=4/60, num_samples=4]
      Epoch 1 train:   5%|▌         | 1/20 [00:25<07:55, 25.02s/it, avg_loss=0.8073, num_batches=5/60, num_samples=5]
      Epoch 1 train:   5%|▌         | 1/20 [00:25<07:55, 25.02s/it, avg_loss=0.9661, num_batches=6/60, num_samples=6]
      Epoch 1 train:   5%|▌         | 1/20 [00:25<07:55, 25.02s/it, avg_loss=0.9077, num_batches=7/60, num_samples=7]
      Epoch 1 train:   5%|▌         | 1/20 [00:25<07:55, 25.02s/it, avg_loss=0.8576, num_batches=8/60, num_samples=8]
      Epoch 1 train:   5%|▌         | 1/20 [00:25<07:55, 25.02s/it, avg_loss=0.9422, num_batches=9/60, num_samples=9]
      Epoch 1 train:   5%|▌         | 1/20 [00:25<07:55, 25.02s/it, avg_loss=1.0009, num_batches=10/60, num_samples=10]
      Epoch 1 train:   5%|▌         | 1/20 [00:26<07:55, 25.02s/it, avg_loss=1.0283, num_batches=11/60, num_samples=11]
      Epoch 1 train:   5%|▌         | 1/20 [00:26<07:55, 25.02s/it, avg_loss=1.0307, num_batches=12/60, num_samples=12]
      Epoch 1 train:   5%|▌         | 1/20 [00:26<07:55, 25.02s/it, avg_loss=1.0929, num_batches=13/60, num_samples=13]
      Epoch 1 train:   5%|▌         | 1/20 [00:26<07:55, 25.02s/it, avg_loss=1.1272, num_batches=14/60, num_samples=14]
      Epoch 1 train:   5%|▌         | 1/20 [00:26<07:55, 25.02s/it, avg_loss=1.0942, num_batches=15/60, num_samples=15]
      Epoch 1 train:   5%|▌         | 1/20 [00:26<07:55, 25.02s/it, avg_loss=1.1208, num_batches=16/60, num_samples=16]
      Epoch 1 train:   5%|▌         | 1/20 [00:26<07:55, 25.02s/it, avg_loss=1.0884, num_batches=17/60, num_samples=17]
      Epoch 1 train:   5%|▌         | 1/20 [00:26<07:55, 25.02s/it, avg_loss=1.1113, num_batches=18/60, num_samples=18]
      Epoch 1 train:   5%|▌         | 1/20 [00:26<07:55, 25.02s/it, avg_loss=1.1116, num_batches=19/60, num_samples=19]
      Epoch 1 train:   5%|▌         | 1/20 [00:26<07:55, 25.02s/it, avg_loss=1.0801, num_batches=20/60, num_samples=20]
      Epoch 1 train:   5%|▌         | 1/20 [00:27<07:55, 25.02s/it, avg_loss=1.0685, num_batches=21/60, num_samples=21]
      Epoch 1 train:   5%|▌         | 1/20 [00:27<07:55, 25.02s/it, avg_loss=1.1405, num_batches=22/60, num_samples=22]
      Epoch 1 train:   5%|▌         | 1/20 [00:27<07:55, 25.02s/it, avg_loss=1.1185, num_batches=23/60, num_samples=23]
      Epoch 1 train:   5%|▌         | 1/20 [00:27<07:55, 25.02s/it, avg_loss=1.1080, num_batches=24/60, num_samples=24]
      Epoch 1 train:   5%|▌         | 1/20 [00:27<07:55, 25.02s/it, avg_loss=1.0868, num_batches=25/60, num_samples=25]
      Epoch 1 train:   5%|▌         | 1/20 [00:27<07:55, 25.02s/it, avg_loss=1.1591, num_batches=26/60, num_samples=26]
      Epoch 1 train:   5%|▌         | 1/20 [00:27<07:55, 25.02s/it, avg_loss=1.1334, num_batches=27/60, num_samples=27]
      Epoch 1 train:   5%|▌         | 1/20 [00:27<07:55, 25.02s/it, avg_loss=1.1196, num_batches=28/60, num_samples=28]
      Epoch 1 train:   5%|▌         | 1/20 [00:27<07:55, 25.02s/it, avg_loss=1.1765, num_batches=29/60, num_samples=29]
      Epoch 1 train:   5%|▌         | 1/20 [00:27<07:55, 25.02s/it, avg_loss=1.1494, num_batches=30/60, num_samples=30]
      Epoch 1 train:   5%|▌         | 1/20 [00:27<07:55, 25.02s/it, avg_loss=1.1890, num_batches=31/60, num_samples=31]
      Epoch 1 train:   5%|▌         | 1/20 [00:27<07:55, 25.02s/it, avg_loss=1.2242, num_batches=32/60, num_samples=32]
      Epoch 1 train:   5%|▌         | 1/20 [00:27<07:55, 25.02s/it, avg_loss=1.2354, num_batches=33/60, num_samples=33]
      Epoch 1 train:   5%|▌         | 1/20 [00:28<07:55, 25.02s/it, avg_loss=1.2482, num_batches=34/60, num_samples=34]
      Epoch 1 train:   5%|▌         | 1/20 [00:28<07:55, 25.02s/it, avg_loss=1.2296, num_batches=35/60, num_samples=35]
      Epoch 1 train:   5%|▌         | 1/20 [00:28<07:55, 25.02s/it, avg_loss=1.2239, num_batches=36/60, num_samples=36]
      Epoch 1 train:   5%|▌         | 1/20 [00:28<07:55, 25.02s/it, avg_loss=1.2199, num_batches=37/60, num_samples=37]
      Epoch 1 train:   5%|▌         | 1/20 [00:28<07:55, 25.02s/it, avg_loss=1.2111, num_batches=38/60, num_samples=38]
      Epoch 1 train:   5%|▌         | 1/20 [00:28<07:55, 25.02s/it, avg_loss=1.2155, num_batches=39/60, num_samples=39]
      Epoch 1 train:   5%|▌         | 1/20 [00:28<07:55, 25.02s/it, avg_loss=1.1998, num_batches=40/60, num_samples=40]
      Epoch 1 train:   5%|▌         | 1/20 [00:28<07:55, 25.02s/it, avg_loss=1.2123, num_batches=41/60, num_samples=41]
      Epoch 1 train:   5%|▌         | 1/20 [00:28<07:55, 25.02s/it, avg_loss=1.2288, num_batches=42/60, num_samples=42]
      Epoch 1 train:   5%|▌         | 1/20 [00:28<07:55, 25.02s/it, avg_loss=1.2088, num_batches=43/60, num_samples=43]
      Epoch 1 train:   5%|▌         | 1/20 [00:29<07:55, 25.02s/it, avg_loss=1.2175, num_batches=44/60, num_samples=44]
      Epoch 1 train:   5%|▌         | 1/20 [00:29<07:55, 25.02s/it, avg_loss=1.2298, num_batches=45/60, num_samples=45]
      Epoch 1 train:   5%|▌         | 1/20 [00:29<07:55, 25.02s/it, avg_loss=1.2336, num_batches=46/60, num_samples=46]
      Epoch 1 train:   5%|▌         | 1/20 [00:29<07:55, 25.02s/it, avg_loss=1.2258, num_batches=47/60, num_samples=47]
      Epoch 1 train:   5%|▌         | 1/20 [00:29<07:55, 25.02s/it, avg_loss=1.2478, num_batches=48/60, num_samples=48]
      Epoch 1 train:   5%|▌         | 1/20 [00:29<07:55, 25.02s/it, avg_loss=1.2594, num_batches=49/60, num_samples=49]
      Epoch 1 train:   5%|▌         | 1/20 [00:29<07:55, 25.02s/it, avg_loss=1.2578, num_batches=50/60, num_samples=50]
      Epoch 1 train:   5%|▌         | 1/20 [00:29<07:55, 25.02s/it, avg_loss=1.2706, num_batches=51/60, num_samples=51]
      Epoch 1 train:   5%|▌         | 1/20 [00:29<07:55, 25.02s/it, avg_loss=1.2570, num_batches=52/60, num_samples=52]
      Epoch 1 train:   5%|▌         | 1/20 [00:29<07:55, 25.02s/it, avg_loss=1.2558, num_batches=53/60, num_samples=53]
      Epoch 1 train:   5%|▌         | 1/20 [00:30<07:55, 25.02s/it, avg_loss=1.2589, num_batches=54/60, num_samples=54]
      Epoch 1 train:   5%|▌         | 1/20 [00:30<07:55, 25.02s/it, avg_loss=1.2450, num_batches=55/60, num_samples=55]
      Epoch 1 train:   5%|▌         | 1/20 [00:30<07:55, 25.02s/it, avg_loss=1.2447, num_batches=56/60, num_samples=56]
      Epoch 1 train:   5%|▌         | 1/20 [00:30<07:55, 25.02s/it, avg_loss=1.2376, num_batches=57/60, num_samples=57]
      Epoch 1 train:   5%|▌         | 1/20 [00:30<07:55, 25.02s/it, avg_loss=1.2401, num_batches=58/60, num_samples=58]
      Epoch 1 train:   5%|▌         | 1/20 [00:30<07:55, 25.02s/it, avg_loss=1.2427, num_batches=59/60, num_samples=59]
      Epoch 1 train:   5%|▌         | 1/20 [00:30<07:55, 25.02s/it, avg_loss=1.2486, num_batches=60/60, num_samples=60]
      Epoch 1 val:   5%|▌         | 1/20 [00:30<07:55, 25.02s/it, avg_loss=1.2486, num_batches=60/60, num_samples=60]  
      Epoch 1 val:   5%|▌         | 1/20 [00:30<07:55, 25.02s/it, avg_loss=1.0767, num_batches=1/15, num_samples=1]  
      Epoch 1 val:   5%|▌         | 1/20 [00:30<07:55, 25.02s/it, avg_loss=1.0198, num_batches=2/15, num_samples=2]
      Epoch 1 val:   5%|▌         | 1/20 [00:30<07:55, 25.02s/it, avg_loss=1.0921, num_batches=3/15, num_samples=3]
      Epoch 1 val:   5%|▌         | 1/20 [00:30<07:55, 25.02s/it, avg_loss=1.1423, num_batches=4/15, num_samples=4]
      Epoch 1 val:   5%|▌         | 1/20 [00:30<07:55, 25.02s/it, avg_loss=1.2229, num_batches=5/15, num_samples=5]
      Epoch 1 val:   5%|▌         | 1/20 [00:30<07:55, 25.02s/it, avg_loss=1.2005, num_batches=6/15, num_samples=6]
      Epoch 1 val:   5%|▌         | 1/20 [00:31<07:55, 25.02s/it, avg_loss=1.1625, num_batches=7/15, num_samples=7]
      Epoch 1 val:   5%|▌         | 1/20 [00:31<07:55, 25.02s/it, avg_loss=1.0895, num_batches=8/15, num_samples=8]
      Epoch 1 val:   5%|▌         | 1/20 [00:31<07:55, 25.02s/it, avg_loss=1.1106, num_batches=9/15, num_samples=9]
      Epoch 1 val:   5%|▌         | 1/20 [00:31<07:55, 25.02s/it, avg_loss=1.1382, num_batches=10/15, num_samples=10]
      Epoch 1 val:   5%|▌         | 1/20 [00:31<07:55, 25.02s/it, avg_loss=1.1572, num_batches=11/15, num_samples=11]
      Epoch 1 val:   5%|▌         | 1/20 [00:31<07:55, 25.02s/it, avg_loss=1.1354, num_batches=12/15, num_samples=12]
      Epoch 1 val:   5%|▌         | 1/20 [00:31<07:55, 25.02s/it, avg_loss=1.1316, num_batches=13/15, num_samples=13]
      Epoch 1 val:   5%|▌         | 1/20 [00:31<07:55, 25.02s/it, avg_loss=1.0994, num_batches=14/15, num_samples=14]
      Epoch 1 val:   5%|▌         | 1/20 [00:31<07:55, 25.02s/it, avg_loss=1.1349, num_batches=15/15, num_samples=15]
      Epoch 1 val:  10%|█         | 2/20 [00:31<04:14, 14.14s/it, avg_loss=1.1349, num_batches=15/15, num_samples=15]
      Epoch 2 train:  10%|█         | 2/20 [00:31<04:14, 14.14s/it, avg_loss=1.1349, num_batches=15/15, num_samples=15]
      Epoch 2 train:  10%|█         | 2/20 [00:31<04:14, 14.14s/it, avg_loss=0.6309, num_batches=1/60, num_samples=1]  
      Epoch 2 train:  10%|█         | 2/20 [00:31<04:14, 14.14s/it, avg_loss=0.5879, num_batches=2/60, num_samples=2]
      Epoch 2 train:  10%|█         | 2/20 [00:31<04:14, 14.14s/it, avg_loss=0.5682, num_batches=3/60, num_samples=3]
      Epoch 2 train:  10%|█         | 2/20 [00:32<04:14, 14.14s/it, avg_loss=0.8265, num_batches=4/60, num_samples=4]
      Epoch 2 train:  10%|█         | 2/20 [00:32<04:14, 14.14s/it, avg_loss=1.0254, num_batches=5/60, num_samples=5]
      Epoch 2 train:  10%|█         | 2/20 [00:32<04:14, 14.14s/it, avg_loss=1.1562, num_batches=6/60, num_samples=6]
      Epoch 2 train:  10%|█         | 2/20 [00:32<04:14, 14.14s/it, avg_loss=1.0181, num_batches=7/60, num_samples=7]
      Epoch 2 train:  10%|█         | 2/20 [00:32<04:14, 14.14s/it, avg_loss=1.0763, num_batches=8/60, num_samples=8]
      Epoch 2 train:  10%|█         | 2/20 [00:32<04:14, 14.14s/it, avg_loss=1.1605, num_batches=9/60, num_samples=9]
      Epoch 2 train:  10%|█         | 2/20 [00:32<04:14, 14.14s/it, avg_loss=1.1859, num_batches=10/60, num_samples=10]
      Epoch 2 train:  10%|█         | 2/20 [00:32<04:14, 14.14s/it, avg_loss=1.1122, num_batches=11/60, num_samples=11]
      Epoch 2 train:  10%|█         | 2/20 [00:32<04:14, 14.14s/it, avg_loss=1.0744, num_batches=12/60, num_samples=12]
      Epoch 2 train:  10%|█         | 2/20 [00:32<04:14, 14.14s/it, avg_loss=1.0840, num_batches=13/60, num_samples=13]
      Epoch 2 train:  10%|█         | 2/20 [00:32<04:14, 14.14s/it, avg_loss=1.1232, num_batches=14/60, num_samples=14]
      Epoch 2 train:  10%|█         | 2/20 [00:32<04:14, 14.14s/it, avg_loss=1.1223, num_batches=15/60, num_samples=15]
      Epoch 2 train:  10%|█         | 2/20 [00:33<04:14, 14.14s/it, avg_loss=1.0827, num_batches=16/60, num_samples=16]
      Epoch 2 train:  10%|█         | 2/20 [00:33<04:14, 14.14s/it, avg_loss=1.1069, num_batches=17/60, num_samples=17]
      Epoch 2 train:  10%|█         | 2/20 [00:33<04:14, 14.14s/it, avg_loss=1.1520, num_batches=18/60, num_samples=18]
      Epoch 2 train:  10%|█         | 2/20 [00:33<04:14, 14.14s/it, avg_loss=1.1089, num_batches=19/60, num_samples=19]
      Epoch 2 train:  10%|█         | 2/20 [00:33<04:14, 14.14s/it, avg_loss=1.1299, num_batches=20/60, num_samples=20]
      Epoch 2 train:  10%|█         | 2/20 [00:33<04:14, 14.14s/it, avg_loss=1.0954, num_batches=21/60, num_samples=21]
      Epoch 2 train:  10%|█         | 2/20 [00:33<04:14, 14.14s/it, avg_loss=1.0495, num_batches=22/60, num_samples=22]
      Epoch 2 train:  10%|█         | 2/20 [00:33<04:14, 14.14s/it, avg_loss=1.0637, num_batches=23/60, num_samples=23]
      Epoch 2 train:  10%|█         | 2/20 [00:33<04:14, 14.14s/it, avg_loss=1.0316, num_batches=24/60, num_samples=24]
      Epoch 2 train:  10%|█         | 2/20 [00:33<04:14, 14.14s/it, avg_loss=1.0575, num_batches=25/60, num_samples=25]
      Epoch 2 train:  10%|█         | 2/20 [00:33<04:14, 14.14s/it, avg_loss=1.0829, num_batches=26/60, num_samples=26]
      Epoch 2 train:  10%|█         | 2/20 [00:34<04:14, 14.14s/it, avg_loss=1.0907, num_batches=27/60, num_samples=27]
      Epoch 2 train:  10%|█         | 2/20 [00:34<04:14, 14.14s/it, avg_loss=1.0932, num_batches=28/60, num_samples=28]
      Epoch 2 train:  10%|█         | 2/20 [00:34<04:14, 14.14s/it, avg_loss=1.0874, num_batches=29/60, num_samples=29]
      Epoch 2 train:  10%|█         | 2/20 [00:34<04:14, 14.14s/it, avg_loss=1.0864, num_batches=30/60, num_samples=30]
      Epoch 2 train:  10%|█         | 2/20 [00:34<04:14, 14.14s/it, avg_loss=1.0773, num_batches=31/60, num_samples=31]
      Epoch 2 train:  10%|█         | 2/20 [00:34<04:14, 14.14s/it, avg_loss=1.0894, num_batches=32/60, num_samples=32]
      Epoch 2 train:  10%|█         | 2/20 [00:34<04:14, 14.14s/it, avg_loss=1.0965, num_batches=33/60, num_samples=33]
      Epoch 2 train:  10%|█         | 2/20 [00:34<04:14, 14.14s/it, avg_loss=1.0786, num_batches=34/60, num_samples=34]
      Epoch 2 train:  10%|█         | 2/20 [00:34<04:14, 14.14s/it, avg_loss=1.0644, num_batches=35/60, num_samples=35]
      Epoch 2 train:  10%|█         | 2/20 [00:34<04:14, 14.14s/it, avg_loss=1.0624, num_batches=36/60, num_samples=36]
      Epoch 2 train:  10%|█         | 2/20 [00:34<04:14, 14.14s/it, avg_loss=1.0450, num_batches=37/60, num_samples=37]
      Epoch 2 train:  10%|█         | 2/20 [00:34<04:14, 14.14s/it, avg_loss=1.0455, num_batches=38/60, num_samples=38]
      Epoch 2 train:  10%|█         | 2/20 [00:35<04:14, 14.14s/it, avg_loss=1.0693, num_batches=39/60, num_samples=39]
      Epoch 2 train:  10%|█         | 2/20 [00:35<04:14, 14.14s/it, avg_loss=1.0694, num_batches=40/60, num_samples=40]
      Epoch 2 train:  10%|█         | 2/20 [00:35<04:14, 14.14s/it, avg_loss=1.0931, num_batches=41/60, num_samples=41]
      Epoch 2 train:  10%|█         | 2/20 [00:35<04:14, 14.14s/it, avg_loss=1.1141, num_batches=42/60, num_samples=42]
      Epoch 2 train:  10%|█         | 2/20 [00:35<04:14, 14.14s/it, avg_loss=1.1136, num_batches=43/60, num_samples=43]
      Epoch 2 train:  10%|█         | 2/20 [00:35<04:14, 14.14s/it, avg_loss=1.1056, num_batches=44/60, num_samples=44]
      Epoch 2 train:  10%|█         | 2/20 [00:35<04:14, 14.14s/it, avg_loss=1.0968, num_batches=45/60, num_samples=45]
      Epoch 2 train:  10%|█         | 2/20 [00:35<04:14, 14.14s/it, avg_loss=1.1148, num_batches=46/60, num_samples=46]
      Epoch 2 train:  10%|█         | 2/20 [00:35<04:14, 14.14s/it, avg_loss=1.1238, num_batches=47/60, num_samples=47]
      Epoch 2 train:  10%|█         | 2/20 [00:35<04:14, 14.14s/it, avg_loss=1.1279, num_batches=48/60, num_samples=48]
      Epoch 2 train:  10%|█         | 2/20 [00:35<04:14, 14.14s/it, avg_loss=1.1309, num_batches=49/60, num_samples=49]
      Epoch 2 train:  10%|█         | 2/20 [00:36<04:14, 14.14s/it, avg_loss=1.1333, num_batches=50/60, num_samples=50]
      Epoch 2 train:  10%|█         | 2/20 [00:36<04:14, 14.14s/it, avg_loss=1.1374, num_batches=51/60, num_samples=51]
      Epoch 2 train:  10%|█         | 2/20 [00:36<04:14, 14.14s/it, avg_loss=1.1347, num_batches=52/60, num_samples=52]
      Epoch 2 train:  10%|█         | 2/20 [00:36<04:14, 14.14s/it, avg_loss=1.1321, num_batches=53/60, num_samples=53]
      Epoch 2 train:  10%|█         | 2/20 [00:36<04:14, 14.14s/it, avg_loss=1.1248, num_batches=54/60, num_samples=54]
      Epoch 2 train:  10%|█         | 2/20 [00:36<04:14, 14.14s/it, avg_loss=1.1149, num_batches=55/60, num_samples=55]
      Epoch 2 train:  10%|█         | 2/20 [00:36<04:14, 14.14s/it, avg_loss=1.1047, num_batches=56/60, num_samples=56]
      Epoch 2 train:  10%|█         | 2/20 [00:36<04:14, 14.14s/it, avg_loss=1.0924, num_batches=57/60, num_samples=57]
      Epoch 2 train:  10%|█         | 2/20 [00:36<04:14, 14.14s/it, avg_loss=1.0795, num_batches=58/60, num_samples=58]
      Epoch 2 train:  10%|█         | 2/20 [00:36<04:14, 14.14s/it, avg_loss=1.0660, num_batches=59/60, num_samples=59]
      Epoch 2 train:  10%|█         | 2/20 [00:37<04:14, 14.14s/it, avg_loss=1.0860, num_batches=60/60, num_samples=60]
      Epoch 2 val:  10%|█         | 2/20 [00:37<04:14, 14.14s/it, avg_loss=1.0860, num_batches=60/60, num_samples=60]  
      Epoch 2 val:  10%|█         | 2/20 [00:37<04:14, 14.14s/it, avg_loss=1.6478, num_batches=1/15, num_samples=1]  
      Epoch 2 val:  10%|█         | 2/20 [00:37<04:14, 14.14s/it, avg_loss=0.9511, num_batches=2/15, num_samples=2]
      Epoch 2 val:  10%|█         | 2/20 [00:37<04:14, 14.14s/it, avg_loss=1.5787, num_batches=3/15, num_samples=3]
      Epoch 2 val:  10%|█         | 2/20 [00:37<04:14, 14.14s/it, avg_loss=1.7548, num_batches=4/15, num_samples=4]
      Epoch 2 val:  10%|█         | 2/20 [00:37<04:14, 14.14s/it, avg_loss=1.4813, num_batches=5/15, num_samples=5]
      Epoch 2 val:  10%|█         | 2/20 [00:37<04:14, 14.14s/it, avg_loss=1.2679, num_batches=6/15, num_samples=6]
      Epoch 2 val:  10%|█         | 2/20 [00:37<04:14, 14.14s/it, avg_loss=1.3988, num_batches=7/15, num_samples=7]
      Epoch 2 val:  10%|█         | 2/20 [00:37<04:14, 14.14s/it, avg_loss=1.4937, num_batches=8/15, num_samples=8]
      Epoch 2 val:  10%|█         | 2/20 [00:37<04:14, 14.14s/it, avg_loss=1.3468, num_batches=9/15, num_samples=9]
      Epoch 2 val:  10%|█         | 2/20 [00:37<04:14, 14.14s/it, avg_loss=1.4269, num_batches=10/15, num_samples=10]
      Epoch 2 val:  10%|█         | 2/20 [00:37<04:14, 14.14s/it, avg_loss=1.4989, num_batches=11/15, num_samples=11]
      Epoch 2 val:  10%|█         | 2/20 [00:37<04:14, 14.14s/it, avg_loss=1.5530, num_batches=12/15, num_samples=12]
      Epoch 2 val:  10%|█         | 2/20 [00:37<04:14, 14.14s/it, avg_loss=1.4544, num_batches=13/15, num_samples=13]
      Epoch 2 val:  10%|█         | 2/20 [00:37<04:14, 14.14s/it, avg_loss=1.5626, num_batches=14/15, num_samples=14]
      Epoch 2 val:  10%|█         | 2/20 [00:37<04:14, 14.14s/it, avg_loss=1.5882, num_batches=15/15, num_samples=15]
      Epoch 2 val:  15%|█▌        | 3/20 [00:38<03:01, 10.68s/it, avg_loss=1.5882, num_batches=15/15, num_samples=15]
      Epoch 3 train:  15%|█▌        | 3/20 [00:38<03:01, 10.68s/it, avg_loss=1.5882, num_batches=15/15, num_samples=15]
      Epoch 3 train:  15%|█▌        | 3/20 [00:38<03:01, 10.68s/it, avg_loss=1.6888, num_batches=1/60, num_samples=1]  
      Epoch 3 train:  15%|█▌        | 3/20 [00:38<03:01, 10.68s/it, avg_loss=1.6959, num_batches=2/60, num_samples=2]
      Epoch 3 train:  15%|█▌        | 3/20 [00:38<03:01, 10.68s/it, avg_loss=1.1979, num_batches=3/60, num_samples=3]
      Epoch 3 train:  15%|█▌        | 3/20 [00:38<03:01, 10.68s/it, avg_loss=0.9474, num_batches=4/60, num_samples=4]
      Epoch 3 train:  15%|█▌        | 3/20 [00:38<03:01, 10.68s/it, avg_loss=0.8010, num_batches=5/60, num_samples=5]
      Epoch 3 train:  15%|█▌        | 3/20 [00:38<03:01, 10.68s/it, avg_loss=0.7033, num_batches=6/60, num_samples=6]
      Epoch 3 train:  15%|█▌        | 3/20 [00:38<03:01, 10.68s/it, avg_loss=0.9250, num_batches=7/60, num_samples=7]
      Epoch 3 train:  15%|█▌        | 3/20 [00:39<03:01, 10.68s/it, avg_loss=1.1188, num_batches=8/60, num_samples=8]
      Epoch 3 train:  15%|█▌        | 3/20 [00:39<03:01, 10.68s/it, avg_loss=1.1737, num_batches=9/60, num_samples=9]
      Epoch 3 train:  15%|█▌        | 3/20 [00:39<03:01, 10.68s/it, avg_loss=1.0787, num_batches=10/60, num_samples=10]
      Epoch 3 train:  15%|█▌        | 3/20 [00:39<03:01, 10.68s/it, avg_loss=1.0361, num_batches=11/60, num_samples=11]
      Epoch 3 train:  15%|█▌        | 3/20 [00:39<03:01, 10.68s/it, avg_loss=0.9844, num_batches=12/60, num_samples=12]
      Epoch 3 train:  15%|█▌        | 3/20 [00:39<03:01, 10.68s/it, avg_loss=1.0327, num_batches=13/60, num_samples=13]
      Epoch 3 train:  15%|█▌        | 3/20 [00:39<03:01, 10.68s/it, avg_loss=1.1151, num_batches=14/60, num_samples=14]
      Epoch 3 train:  15%|█▌        | 3/20 [00:39<03:01, 10.68s/it, avg_loss=1.0764, num_batches=15/60, num_samples=15]
      Epoch 3 train:  15%|█▌        | 3/20 [00:39<03:01, 10.68s/it, avg_loss=1.1188, num_batches=16/60, num_samples=16]
      Epoch 3 train:  15%|█▌        | 3/20 [00:39<03:01, 10.68s/it, avg_loss=1.1358, num_batches=17/60, num_samples=17]
      Epoch 3 train:  15%|█▌        | 3/20 [00:39<03:01, 10.68s/it, avg_loss=1.1185, num_batches=18/60, num_samples=18]
      Epoch 3 train:  15%|█▌        | 3/20 [00:39<03:01, 10.68s/it, avg_loss=1.1087, num_batches=19/60, num_samples=19]
      Epoch 3 train:  15%|█▌        | 3/20 [00:40<03:01, 10.68s/it, avg_loss=1.1086, num_batches=20/60, num_samples=20]
      Epoch 3 train:  15%|█▌        | 3/20 [00:40<03:01, 10.68s/it, avg_loss=1.0829, num_batches=21/60, num_samples=21]
      Epoch 3 train:  15%|█▌        | 3/20 [00:40<03:01, 10.68s/it, avg_loss=1.0543, num_batches=22/60, num_samples=22]
      Epoch 3 train:  15%|█▌        | 3/20 [00:40<03:01, 10.68s/it, avg_loss=1.0220, num_batches=23/60, num_samples=23]
      Epoch 3 train:  15%|█▌        | 3/20 [00:40<03:01, 10.68s/it, avg_loss=1.0184, num_batches=24/60, num_samples=24]
      Epoch 3 train:  15%|█▌        | 3/20 [00:40<03:01, 10.68s/it, avg_loss=0.9927, num_batches=25/60, num_samples=25]
      Epoch 3 train:  15%|█▌        | 3/20 [00:40<03:01, 10.68s/it, avg_loss=0.9833, num_batches=26/60, num_samples=26]
      Epoch 3 train:  15%|█▌        | 3/20 [00:40<03:01, 10.68s/it, avg_loss=0.9526, num_batches=27/60, num_samples=27]
      Epoch 3 train:  15%|█▌        | 3/20 [00:40<03:01, 10.68s/it, avg_loss=0.9724, num_batches=28/60, num_samples=28]
      Epoch 3 train:  15%|█▌        | 3/20 [00:40<03:01, 10.68s/it, avg_loss=0.9428, num_batches=29/60, num_samples=29]
      Epoch 3 train:  15%|█▌        | 3/20 [00:40<03:01, 10.68s/it, avg_loss=0.9774, num_batches=30/60, num_samples=30]
      Epoch 3 train:  15%|█▌        | 3/20 [00:40<03:01, 10.68s/it, avg_loss=1.0110, num_batches=31/60, num_samples=31]
      Epoch 3 train:  15%|█▌        | 3/20 [00:41<03:01, 10.68s/it, avg_loss=1.0385, num_batches=32/60, num_samples=32]
      Epoch 3 train:  15%|█▌        | 3/20 [00:41<03:01, 10.68s/it, avg_loss=1.0314, num_batches=33/60, num_samples=33]
      Epoch 3 train:  15%|█▌        | 3/20 [00:41<03:01, 10.68s/it, avg_loss=1.0078, num_batches=34/60, num_samples=34]
      Epoch 3 train:  15%|█▌        | 3/20 [00:41<03:01, 10.68s/it, avg_loss=1.0204, num_batches=35/60, num_samples=35]
      Epoch 3 train:  15%|█▌        | 3/20 [00:41<03:01, 10.68s/it, avg_loss=1.0058, num_batches=36/60, num_samples=36]
      Epoch 3 train:  15%|█▌        | 3/20 [00:41<03:01, 10.68s/it, avg_loss=1.0071, num_batches=37/60, num_samples=37]
      Epoch 3 train:  15%|█▌        | 3/20 [00:41<03:01, 10.68s/it, avg_loss=0.9825, num_batches=38/60, num_samples=38]
      Epoch 3 train:  15%|█▌        | 3/20 [00:41<03:01, 10.68s/it, avg_loss=0.9617, num_batches=39/60, num_samples=39]
      Epoch 3 train:  15%|█▌        | 3/20 [00:41<03:01, 10.68s/it, avg_loss=0.9549, num_batches=40/60, num_samples=40]
      Epoch 3 train:  15%|█▌        | 3/20 [00:41<03:01, 10.68s/it, avg_loss=0.9682, num_batches=41/60, num_samples=41]
      Epoch 3 train:  15%|█▌        | 3/20 [00:41<03:01, 10.68s/it, avg_loss=0.9471, num_batches=42/60, num_samples=42]
      Epoch 3 train:  15%|█▌        | 3/20 [00:42<03:01, 10.68s/it, avg_loss=0.9271, num_batches=43/60, num_samples=43]
      Epoch 3 train:  15%|█▌        | 3/20 [00:42<03:01, 10.68s/it, avg_loss=0.9794, num_batches=44/60, num_samples=44]
      Epoch 3 train:  15%|█▌        | 3/20 [00:42<03:01, 10.68s/it, avg_loss=0.9654, num_batches=45/60, num_samples=45]
      Epoch 3 train:  15%|█▌        | 3/20 [00:42<03:01, 10.68s/it, avg_loss=0.9843, num_batches=46/60, num_samples=46]
      Epoch 3 train:  15%|█▌        | 3/20 [00:42<03:01, 10.68s/it, avg_loss=0.9960, num_batches=47/60, num_samples=47]
      Epoch 3 train:  15%|█▌        | 3/20 [00:42<03:01, 10.68s/it, avg_loss=1.0108, num_batches=48/60, num_samples=48]
      Epoch 3 train:  15%|█▌        | 3/20 [00:42<03:01, 10.68s/it, avg_loss=1.0014, num_batches=49/60, num_samples=49]
      Epoch 3 train:  15%|█▌        | 3/20 [00:42<03:01, 10.68s/it, avg_loss=0.9904, num_batches=50/60, num_samples=50]
      Epoch 3 train:  15%|█▌        | 3/20 [00:42<03:01, 10.68s/it, avg_loss=0.9851, num_batches=51/60, num_samples=51]
      Epoch 3 train:  15%|█▌        | 3/20 [00:42<03:01, 10.68s/it, avg_loss=0.9793, num_batches=52/60, num_samples=52]
      Epoch 3 train:  15%|█▌        | 3/20 [00:43<03:01, 10.68s/it, avg_loss=0.9813, num_batches=53/60, num_samples=53]
      Epoch 3 train:  15%|█▌        | 3/20 [00:43<03:01, 10.68s/it, avg_loss=0.9776, num_batches=54/60, num_samples=54]
      Epoch 3 train:  15%|█▌        | 3/20 [00:43<03:01, 10.68s/it, avg_loss=1.0075, num_batches=55/60, num_samples=55]
      Epoch 3 train:  15%|█▌        | 3/20 [00:43<03:01, 10.68s/it, avg_loss=1.0099, num_batches=56/60, num_samples=56]
      Epoch 3 train:  15%|█▌        | 3/20 [00:43<03:01, 10.68s/it, avg_loss=1.0046, num_batches=57/60, num_samples=57]
      Epoch 3 train:  15%|█▌        | 3/20 [00:43<03:01, 10.68s/it, avg_loss=0.9963, num_batches=58/60, num_samples=58]
      Epoch 3 train:  15%|█▌        | 3/20 [00:43<03:01, 10.68s/it, avg_loss=0.9798, num_batches=59/60, num_samples=59]
      Epoch 3 train:  15%|█▌        | 3/20 [00:43<03:01, 10.68s/it, avg_loss=0.9731, num_batches=60/60, num_samples=60]
      Epoch 3 val:  15%|█▌        | 3/20 [00:43<03:01, 10.68s/it, avg_loss=0.9731, num_batches=60/60, num_samples=60]  
      Epoch 3 val:  15%|█▌        | 3/20 [00:43<03:01, 10.68s/it, avg_loss=1.3379, num_batches=1/15, num_samples=1]  
      Epoch 3 val:  15%|█▌        | 3/20 [00:43<03:01, 10.68s/it, avg_loss=1.3764, num_batches=2/15, num_samples=2]
      Epoch 3 val:  15%|█▌        | 3/20 [00:43<03:01, 10.68s/it, avg_loss=1.1064, num_batches=3/15, num_samples=3]
      Epoch 3 val:  15%|█▌        | 3/20 [00:44<03:01, 10.68s/it, avg_loss=1.4235, num_batches=4/15, num_samples=4]
      Epoch 3 val:  15%|█▌        | 3/20 [00:44<03:01, 10.68s/it, avg_loss=1.3618, num_batches=5/15, num_samples=5]
      Epoch 3 val:  15%|█▌        | 3/20 [00:44<03:01, 10.68s/it, avg_loss=1.4988, num_batches=6/15, num_samples=6]
      Epoch 3 val:  15%|█▌        | 3/20 [00:44<03:01, 10.68s/it, avg_loss=1.3928, num_batches=7/15, num_samples=7]
      Epoch 3 val:  15%|█▌        | 3/20 [00:44<03:01, 10.68s/it, avg_loss=1.2931, num_batches=8/15, num_samples=8]
      Epoch 3 val:  15%|█▌        | 3/20 [00:44<03:01, 10.68s/it, avg_loss=1.2143, num_batches=9/15, num_samples=9]
      Epoch 3 val:  15%|█▌        | 3/20 [00:44<03:01, 10.68s/it, avg_loss=1.1452, num_batches=10/15, num_samples=10]
      Epoch 3 val:  15%|█▌        | 3/20 [00:44<03:01, 10.68s/it, avg_loss=1.1649, num_batches=11/15, num_samples=11]
      Epoch 3 val:  15%|█▌        | 3/20 [00:44<03:01, 10.68s/it, avg_loss=1.1384, num_batches=12/15, num_samples=12]
      Epoch 3 val:  15%|█▌        | 3/20 [00:44<03:01, 10.68s/it, avg_loss=1.0930, num_batches=13/15, num_samples=13]
      Epoch 3 val:  15%|█▌        | 3/20 [00:44<03:01, 10.68s/it, avg_loss=1.1002, num_batches=14/15, num_samples=14]
      Epoch 3 val:  15%|█▌        | 3/20 [00:44<03:01, 10.68s/it, avg_loss=1.0930, num_batches=15/15, num_samples=15]
      Epoch 3 val:  20%|██        | 4/20 [00:44<02:24,  9.05s/it, avg_loss=1.0930, num_batches=15/15, num_samples=15]
      Epoch 4 train:  20%|██        | 4/20 [00:44<02:24,  9.05s/it, avg_loss=1.0930, num_batches=15/15, num_samples=15]
      Epoch 4 train:  20%|██        | 4/20 [00:44<02:24,  9.05s/it, avg_loss=0.5110, num_batches=1/60, num_samples=1]  
      Epoch 4 train:  20%|██        | 4/20 [00:44<02:24,  9.05s/it, avg_loss=0.3167, num_batches=2/60, num_samples=2]
      Epoch 4 train:  20%|██        | 4/20 [00:45<02:24,  9.05s/it, avg_loss=0.3755, num_batches=3/60, num_samples=3]
      Epoch 4 train:  20%|██        | 4/20 [00:45<02:24,  9.05s/it, avg_loss=0.4186, num_batches=4/60, num_samples=4]
      Epoch 4 train:  20%|██        | 4/20 [00:45<02:24,  9.05s/it, avg_loss=0.4782, num_batches=5/60, num_samples=5]
      Epoch 4 train:  20%|██        | 4/20 [00:45<02:24,  9.05s/it, avg_loss=0.5785, num_batches=6/60, num_samples=6]
      Epoch 4 train:  20%|██        | 4/20 [00:45<02:24,  9.05s/it, avg_loss=0.5942, num_batches=7/60, num_samples=7]
      Epoch 4 train:  20%|██        | 4/20 [00:45<02:24,  9.05s/it, avg_loss=0.5861, num_batches=8/60, num_samples=8]
      Epoch 4 train:  20%|██        | 4/20 [00:45<02:24,  9.05s/it, avg_loss=0.5954, num_batches=9/60, num_samples=9]
      Epoch 4 train:  20%|██        | 4/20 [00:45<02:24,  9.05s/it, avg_loss=0.7000, num_batches=10/60, num_samples=10]
      Epoch 4 train:  20%|██        | 4/20 [00:45<02:24,  9.05s/it, avg_loss=0.7413, num_batches=11/60, num_samples=11]
      Epoch 4 train:  20%|██        | 4/20 [00:45<02:24,  9.05s/it, avg_loss=0.7460, num_batches=12/60, num_samples=12]
      Epoch 4 train:  20%|██        | 4/20 [00:46<02:24,  9.05s/it, avg_loss=0.8037, num_batches=13/60, num_samples=13]
      Epoch 4 train:  20%|██        | 4/20 [00:46<02:24,  9.05s/it, avg_loss=0.7623, num_batches=14/60, num_samples=14]
      Epoch 4 train:  20%|██        | 4/20 [00:46<02:24,  9.05s/it, avg_loss=0.7184, num_batches=15/60, num_samples=15]
      Epoch 4 train:  20%|██        | 4/20 [00:46<02:24,  9.05s/it, avg_loss=0.7335, num_batches=16/60, num_samples=16]
      Epoch 4 train:  20%|██        | 4/20 [00:46<02:24,  9.05s/it, avg_loss=0.7623, num_batches=17/60, num_samples=17]
      Epoch 4 train:  20%|██        | 4/20 [00:46<02:24,  9.05s/it, avg_loss=0.7201, num_batches=18/60, num_samples=18]
      Epoch 4 train:  20%|██        | 4/20 [00:46<02:24,  9.05s/it, avg_loss=0.7191, num_batches=19/60, num_samples=19]
      Epoch 4 train:  20%|██        | 4/20 [00:46<02:24,  9.05s/it, avg_loss=0.7327, num_batches=20/60, num_samples=20]
      Epoch 4 train:  20%|██        | 4/20 [00:46<02:24,  9.05s/it, avg_loss=0.7319, num_batches=21/60, num_samples=21]
      Epoch 4 train:  20%|██        | 4/20 [00:46<02:24,  9.05s/it, avg_loss=0.7103, num_batches=22/60, num_samples=22]
      Epoch 4 train:  20%|██        | 4/20 [00:46<02:24,  9.05s/it, avg_loss=0.6936, num_batches=23/60, num_samples=23]
      Epoch 4 train:  20%|██        | 4/20 [00:47<02:24,  9.05s/it, avg_loss=0.6903, num_batches=24/60, num_samples=24]
      Epoch 4 train:  20%|██        | 4/20 [00:47<02:24,  9.05s/it, avg_loss=0.6652, num_batches=25/60, num_samples=25]
      Epoch 4 train:  20%|██        | 4/20 [00:47<02:24,  9.05s/it, avg_loss=0.6535, num_batches=26/60, num_samples=26]
      Epoch 4 train:  20%|██        | 4/20 [00:47<02:24,  9.05s/it, avg_loss=0.6498, num_batches=27/60, num_samples=27]
      Epoch 4 train:  20%|██        | 4/20 [00:47<02:24,  9.05s/it, avg_loss=0.6897, num_batches=28/60, num_samples=28]
      Epoch 4 train:  20%|██        | 4/20 [00:47<02:24,  9.05s/it, avg_loss=0.7046, num_batches=29/60, num_samples=29]
      Epoch 4 train:  20%|██        | 4/20 [00:47<02:24,  9.05s/it, avg_loss=0.6946, num_batches=30/60, num_samples=30]
      Epoch 4 train:  20%|██        | 4/20 [00:47<02:24,  9.05s/it, avg_loss=0.6774, num_batches=31/60, num_samples=31]
      Epoch 4 train:  20%|██        | 4/20 [00:47<02:24,  9.05s/it, avg_loss=0.6711, num_batches=32/60, num_samples=32]
      Epoch 4 train:  20%|██        | 4/20 [00:47<02:24,  9.05s/it, avg_loss=0.6645, num_batches=33/60, num_samples=33]
      Epoch 4 train:  20%|██        | 4/20 [00:47<02:24,  9.05s/it, avg_loss=0.7544, num_batches=34/60, num_samples=34]
      Epoch 4 train:  20%|██        | 4/20 [00:48<02:24,  9.05s/it, avg_loss=0.7638, num_batches=35/60, num_samples=35]
      Epoch 4 train:  20%|██        | 4/20 [00:48<02:24,  9.05s/it, avg_loss=0.7673, num_batches=36/60, num_samples=36]
      Epoch 4 train:  20%|██        | 4/20 [00:48<02:24,  9.05s/it, avg_loss=0.7647, num_batches=37/60, num_samples=37]
      Epoch 4 train:  20%|██        | 4/20 [00:48<02:24,  9.05s/it, avg_loss=0.7539, num_batches=38/60, num_samples=38]
      Epoch 4 train:  20%|██        | 4/20 [00:48<02:24,  9.05s/it, avg_loss=0.7663, num_batches=39/60, num_samples=39]
      Epoch 4 train:  20%|██        | 4/20 [00:48<02:24,  9.05s/it, avg_loss=0.7487, num_batches=40/60, num_samples=40]
      Epoch 4 train:  20%|██        | 4/20 [00:48<02:24,  9.05s/it, avg_loss=0.7702, num_batches=41/60, num_samples=41]
      Epoch 4 train:  20%|██        | 4/20 [00:48<02:24,  9.05s/it, avg_loss=0.7658, num_batches=42/60, num_samples=42]
      Epoch 4 train:  20%|██        | 4/20 [00:48<02:24,  9.05s/it, avg_loss=0.7515, num_batches=43/60, num_samples=43]
      Epoch 4 train:  20%|██        | 4/20 [00:48<02:24,  9.05s/it, avg_loss=0.7955, num_batches=44/60, num_samples=44]
      Epoch 4 train:  20%|██        | 4/20 [00:48<02:24,  9.05s/it, avg_loss=0.7796, num_batches=45/60, num_samples=45]
      Epoch 4 train:  20%|██        | 4/20 [00:48<02:24,  9.05s/it, avg_loss=0.7812, num_batches=46/60, num_samples=46]
      Epoch 4 train:  20%|██        | 4/20 [00:49<02:24,  9.05s/it, avg_loss=0.7784, num_batches=47/60, num_samples=47]
      Epoch 4 train:  20%|██        | 4/20 [00:49<02:24,  9.05s/it, avg_loss=0.7741, num_batches=48/60, num_samples=48]
      Epoch 4 train:  20%|██        | 4/20 [00:49<02:24,  9.05s/it, avg_loss=0.7819, num_batches=49/60, num_samples=49]
      Epoch 4 train:  20%|██        | 4/20 [00:49<02:24,  9.05s/it, avg_loss=0.7726, num_batches=50/60, num_samples=50]
      Epoch 4 train:  20%|██        | 4/20 [00:49<02:24,  9.05s/it, avg_loss=0.7713, num_batches=51/60, num_samples=51]
      Epoch 4 train:  20%|██        | 4/20 [00:49<02:24,  9.05s/it, avg_loss=0.7616, num_batches=52/60, num_samples=52]
      Epoch 4 train:  20%|██        | 4/20 [00:49<02:24,  9.05s/it, avg_loss=0.7480, num_batches=53/60, num_samples=53]
      Epoch 4 train:  20%|██        | 4/20 [00:49<02:24,  9.05s/it, avg_loss=0.7452, num_batches=54/60, num_samples=54]
      Epoch 4 train:  20%|██        | 4/20 [00:49<02:24,  9.05s/it, avg_loss=0.7407, num_batches=55/60, num_samples=55]
      Epoch 4 train:  20%|██        | 4/20 [00:49<02:24,  9.05s/it, avg_loss=0.7569, num_batches=56/60, num_samples=56]
      Epoch 4 train:  20%|██        | 4/20 [00:49<02:24,  9.05s/it, avg_loss=0.7596, num_batches=57/60, num_samples=57]
      Epoch 4 train:  20%|██        | 4/20 [00:50<02:24,  9.05s/it, avg_loss=0.7497, num_batches=58/60, num_samples=58]
      Epoch 4 train:  20%|██        | 4/20 [00:50<02:24,  9.05s/it, avg_loss=0.7420, num_batches=59/60, num_samples=59]
      Epoch 4 train:  20%|██        | 4/20 [00:50<02:24,  9.05s/it, avg_loss=0.7455, num_batches=60/60, num_samples=60]
      Epoch 4 val:  20%|██        | 4/20 [00:50<02:24,  9.05s/it, avg_loss=0.7455, num_batches=60/60, num_samples=60]  
      Epoch 4 val:  20%|██        | 4/20 [00:50<02:24,  9.05s/it, avg_loss=2.9241, num_batches=1/15, num_samples=1]  
      Epoch 4 val:  20%|██        | 4/20 [00:50<02:24,  9.05s/it, avg_loss=2.0330, num_batches=2/15, num_samples=2]
      Epoch 4 val:  20%|██        | 4/20 [00:50<02:24,  9.05s/it, avg_loss=2.1000, num_batches=3/15, num_samples=3]
      Epoch 4 val:  20%|██        | 4/20 [00:50<02:24,  9.05s/it, avg_loss=2.8860, num_batches=4/15, num_samples=4]
      Epoch 4 val:  20%|██        | 4/20 [00:50<02:24,  9.05s/it, avg_loss=3.0318, num_batches=5/15, num_samples=5]
      Epoch 4 val:  20%|██        | 4/20 [00:50<02:24,  9.05s/it, avg_loss=2.6102, num_batches=6/15, num_samples=6]
      Epoch 4 val:  20%|██        | 4/20 [00:50<02:24,  9.05s/it, avg_loss=2.6987, num_batches=7/15, num_samples=7]
      Epoch 4 val:  20%|██        | 4/20 [00:50<02:24,  9.05s/it, avg_loss=2.4012, num_batches=8/15, num_samples=8]
      Epoch 4 val:  20%|██        | 4/20 [00:50<02:24,  9.05s/it, avg_loss=2.1571, num_batches=9/15, num_samples=9]
      Epoch 4 val:  20%|██        | 4/20 [00:50<02:24,  9.05s/it, avg_loss=2.0391, num_batches=10/15, num_samples=10]
      Epoch 4 val:  20%|██        | 4/20 [00:50<02:24,  9.05s/it, avg_loss=1.9066, num_batches=11/15, num_samples=11]
      Epoch 4 val:  20%|██        | 4/20 [00:50<02:24,  9.05s/it, avg_loss=1.9400, num_batches=12/15, num_samples=12]
      Epoch 4 val:  20%|██        | 4/20 [00:50<02:24,  9.05s/it, avg_loss=1.8067, num_batches=13/15, num_samples=13]
      Epoch 4 val:  20%|██        | 4/20 [00:51<02:24,  9.05s/it, avg_loss=1.6825, num_batches=14/15, num_samples=14]
      Epoch 4 val:  20%|██        | 4/20 [00:51<02:24,  9.05s/it, avg_loss=1.6766, num_batches=15/15, num_samples=15]
      Epoch 4 val:  25%|██▌       | 5/20 [00:51<02:02,  8.15s/it, avg_loss=1.6766, num_batches=15/15, num_samples=15]
      Epoch 5 train:  25%|██▌       | 5/20 [00:51<02:02,  8.15s/it, avg_loss=1.6766, num_batches=15/15, num_samples=15]
      Epoch 5 train:  25%|██▌       | 5/20 [00:51<02:02,  8.15s/it, avg_loss=0.0889, num_batches=1/60, num_samples=1]  
      Epoch 5 train:  25%|██▌       | 5/20 [00:51<02:02,  8.15s/it, avg_loss=0.1395, num_batches=2/60, num_samples=2]
      Epoch 5 train:  25%|██▌       | 5/20 [00:51<02:02,  8.15s/it, avg_loss=0.5971, num_batches=3/60, num_samples=3]
      Epoch 5 train:  25%|██▌       | 5/20 [00:51<02:02,  8.15s/it, avg_loss=1.1568, num_batches=4/60, num_samples=4]
      Epoch 5 train:  25%|██▌       | 5/20 [00:51<02:02,  8.15s/it, avg_loss=1.3918, num_batches=5/60, num_samples=5]
      Epoch 5 train:  25%|██▌       | 5/20 [00:51<02:02,  8.15s/it, avg_loss=1.3667, num_batches=6/60, num_samples=6]
      Epoch 5 train:  25%|██▌       | 5/20 [00:51<02:02,  8.15s/it, avg_loss=1.1787, num_batches=7/60, num_samples=7]
      Epoch 5 train:  25%|██▌       | 5/20 [00:52<02:02,  8.15s/it, avg_loss=1.1501, num_batches=8/60, num_samples=8]
      Epoch 5 train:  25%|██▌       | 5/20 [00:52<02:02,  8.15s/it, avg_loss=1.0483, num_batches=9/60, num_samples=9]
      Epoch 5 train:  25%|██▌       | 5/20 [00:52<02:02,  8.15s/it, avg_loss=0.9681, num_batches=10/60, num_samples=10]
      Epoch 5 train:  25%|██▌       | 5/20 [00:52<02:02,  8.15s/it, avg_loss=0.9510, num_batches=11/60, num_samples=11]
      Epoch 5 train:  25%|██▌       | 5/20 [00:52<02:02,  8.15s/it, avg_loss=0.8957, num_batches=12/60, num_samples=12]
      Epoch 5 train:  25%|██▌       | 5/20 [00:52<02:02,  8.15s/it, avg_loss=0.9218, num_batches=13/60, num_samples=13]
      Epoch 5 train:  25%|██▌       | 5/20 [00:52<02:02,  8.15s/it, avg_loss=1.0231, num_batches=14/60, num_samples=14]
      Epoch 5 train:  25%|██▌       | 5/20 [00:52<02:02,  8.15s/it, avg_loss=1.1493, num_batches=15/60, num_samples=15]
      Epoch 5 train:  25%|██▌       | 5/20 [00:52<02:02,  8.15s/it, avg_loss=1.1345, num_batches=16/60, num_samples=16]
      Epoch 5 train:  25%|██▌       | 5/20 [00:52<02:02,  8.15s/it, avg_loss=1.1564, num_batches=17/60, num_samples=17]
      Epoch 5 train:  25%|██▌       | 5/20 [00:52<02:02,  8.15s/it, avg_loss=1.0971, num_batches=18/60, num_samples=18]
      Epoch 5 train:  25%|██▌       | 5/20 [00:52<02:02,  8.15s/it, avg_loss=1.1232, num_batches=19/60, num_samples=19]
      Epoch 5 train:  25%|██▌       | 5/20 [00:53<02:02,  8.15s/it, avg_loss=1.1282, num_batches=20/60, num_samples=20]
      Epoch 5 train:  25%|██▌       | 5/20 [00:53<02:02,  8.15s/it, avg_loss=1.0845, num_batches=21/60, num_samples=21]
      Epoch 5 train:  25%|██▌       | 5/20 [00:53<02:02,  8.15s/it, avg_loss=1.0814, num_batches=22/60, num_samples=22]
      Epoch 5 train:  25%|██▌       | 5/20 [00:53<02:02,  8.15s/it, avg_loss=1.0724, num_batches=23/60, num_samples=23]
      Epoch 5 train:  25%|██▌       | 5/20 [00:53<02:02,  8.15s/it, avg_loss=1.0576, num_batches=24/60, num_samples=24]
      Epoch 5 train:  25%|██▌       | 5/20 [00:53<02:02,  8.15s/it, avg_loss=1.0402, num_batches=25/60, num_samples=25]
      Epoch 5 train:  25%|██▌       | 5/20 [00:53<02:02,  8.15s/it, avg_loss=1.0183, num_batches=26/60, num_samples=26]
      Epoch 5 train:  25%|██▌       | 5/20 [00:53<02:02,  8.15s/it, avg_loss=1.0212, num_batches=27/60, num_samples=27]
      Epoch 5 train:  25%|██▌       | 5/20 [00:53<02:02,  8.15s/it, avg_loss=1.0035, num_batches=28/60, num_samples=28]
      Epoch 5 train:  25%|██▌       | 5/20 [00:53<02:02,  8.15s/it, avg_loss=0.9901, num_batches=29/60, num_samples=29]
      Epoch 5 train:  25%|██▌       | 5/20 [00:54<02:02,  8.15s/it, avg_loss=0.9710, num_batches=30/60, num_samples=30]
      Epoch 5 train:  25%|██▌       | 5/20 [00:54<02:02,  8.15s/it, avg_loss=0.9432, num_batches=31/60, num_samples=31]
      Epoch 5 train:  25%|██▌       | 5/20 [00:54<02:02,  8.15s/it, avg_loss=0.9317, num_batches=32/60, num_samples=32]
      Epoch 5 train:  25%|██▌       | 5/20 [00:54<02:02,  8.15s/it, avg_loss=0.9084, num_batches=33/60, num_samples=33]
      Epoch 5 train:  25%|██▌       | 5/20 [00:54<02:02,  8.15s/it, avg_loss=0.8954, num_batches=34/60, num_samples=34]
      Epoch 5 train:  25%|██▌       | 5/20 [00:54<02:02,  8.15s/it, avg_loss=0.8849, num_batches=35/60, num_samples=35]
      Epoch 5 train:  25%|██▌       | 5/20 [00:54<02:02,  8.15s/it, avg_loss=0.8668, num_batches=36/60, num_samples=36]
      Epoch 5 train:  25%|██▌       | 5/20 [00:54<02:02,  8.15s/it, avg_loss=0.8686, num_batches=37/60, num_samples=37]
      Epoch 5 train:  25%|██▌       | 5/20 [00:54<02:02,  8.15s/it, avg_loss=0.9048, num_batches=38/60, num_samples=38]
      Epoch 5 train:  25%|██▌       | 5/20 [00:54<02:02,  8.15s/it, avg_loss=0.8885, num_batches=39/60, num_samples=39]
      Epoch 5 train:  25%|██▌       | 5/20 [00:54<02:02,  8.15s/it, avg_loss=0.8707, num_batches=40/60, num_samples=40]
      Epoch 5 train:  25%|██▌       | 5/20 [00:54<02:02,  8.15s/it, avg_loss=0.8734, num_batches=41/60, num_samples=41]
      Epoch 5 train:  25%|██▌       | 5/20 [00:54<02:02,  8.15s/it, avg_loss=0.8542, num_batches=42/60, num_samples=42]
      Epoch 5 train:  25%|██▌       | 5/20 [00:55<02:02,  8.15s/it, avg_loss=0.8512, num_batches=43/60, num_samples=43]
      Epoch 5 train:  25%|██▌       | 5/20 [00:55<02:02,  8.15s/it, avg_loss=0.8345, num_batches=44/60, num_samples=44]
      Epoch 5 train:  25%|██▌       | 5/20 [00:55<02:02,  8.15s/it, avg_loss=0.8185, num_batches=45/60, num_samples=45]
      Epoch 5 train:  25%|██▌       | 5/20 [00:55<02:02,  8.15s/it, avg_loss=0.8049, num_batches=46/60, num_samples=46]
      Epoch 5 train:  25%|██▌       | 5/20 [00:55<02:02,  8.15s/it, avg_loss=0.7955, num_batches=47/60, num_samples=47]
      Epoch 5 train:  25%|██▌       | 5/20 [00:55<02:02,  8.15s/it, avg_loss=0.7796, num_batches=48/60, num_samples=48]
      Epoch 5 train:  25%|██▌       | 5/20 [00:55<02:02,  8.15s/it, avg_loss=0.7658, num_batches=49/60, num_samples=49]
      Epoch 5 train:  25%|██▌       | 5/20 [00:55<02:02,  8.15s/it, avg_loss=0.7659, num_batches=50/60, num_samples=50]
      Epoch 5 train:  25%|██▌       | 5/20 [00:55<02:02,  8.15s/it, avg_loss=0.7668, num_batches=51/60, num_samples=51]
      Epoch 5 train:  25%|██▌       | 5/20 [00:55<02:02,  8.15s/it, avg_loss=0.7525, num_batches=52/60, num_samples=52]
      Epoch 5 train:  25%|██▌       | 5/20 [00:56<02:02,  8.15s/it, avg_loss=0.7653, num_batches=53/60, num_samples=53]
      Epoch 5 train:  25%|██▌       | 5/20 [00:56<02:02,  8.15s/it, avg_loss=0.7697, num_batches=54/60, num_samples=54]
      Epoch 5 train:  25%|██▌       | 5/20 [00:56<02:02,  8.15s/it, avg_loss=0.7569, num_batches=55/60, num_samples=55]
      Epoch 5 train:  25%|██▌       | 5/20 [00:56<02:02,  8.15s/it, avg_loss=0.7625, num_batches=56/60, num_samples=56]
      Epoch 5 train:  25%|██▌       | 5/20 [00:56<02:02,  8.15s/it, avg_loss=0.7533, num_batches=57/60, num_samples=57]
      Epoch 5 train:  25%|██▌       | 5/20 [00:56<02:02,  8.15s/it, avg_loss=0.7594, num_batches=58/60, num_samples=58]
      Epoch 5 train:  25%|██▌       | 5/20 [00:56<02:02,  8.15s/it, avg_loss=0.7679, num_batches=59/60, num_samples=59]
      Epoch 5 train:  25%|██▌       | 5/20 [00:56<02:02,  8.15s/it, avg_loss=0.7565, num_batches=60/60, num_samples=60]
      Epoch 5 val:  25%|██▌       | 5/20 [00:56<02:02,  8.15s/it, avg_loss=0.7565, num_batches=60/60, num_samples=60]  
      Epoch 5 val:  25%|██▌       | 5/20 [00:57<02:02,  8.15s/it, avg_loss=0.7302, num_batches=1/15, num_samples=1]  
      Epoch 5 val:  25%|██▌       | 5/20 [00:57<02:02,  8.15s/it, avg_loss=3.2526, num_batches=2/15, num_samples=2]
      Epoch 5 val:  25%|██▌       | 5/20 [00:57<02:02,  8.15s/it, avg_loss=3.1050, num_batches=3/15, num_samples=3]
      Epoch 5 val:  25%|██▌       | 5/20 [00:57<02:02,  8.15s/it, avg_loss=2.4023, num_batches=4/15, num_samples=4]
      Epoch 5 val:  25%|██▌       | 5/20 [00:57<02:02,  8.15s/it, avg_loss=2.1863, num_batches=5/15, num_samples=5]
      Epoch 5 val:  25%|██▌       | 5/20 [00:57<02:02,  8.15s/it, avg_loss=1.8531, num_batches=6/15, num_samples=6]
      Epoch 5 val:  25%|██▌       | 5/20 [00:57<02:02,  8.15s/it, avg_loss=1.9136, num_batches=7/15, num_samples=7]
      Epoch 5 val:  25%|██▌       | 5/20 [00:57<02:02,  8.15s/it, avg_loss=1.6946, num_batches=8/15, num_samples=8]
      Epoch 5 val:  25%|██▌       | 5/20 [00:57<02:02,  8.15s/it, avg_loss=1.6113, num_batches=9/15, num_samples=9]
      Epoch 5 val:  25%|██▌       | 5/20 [00:57<02:02,  8.15s/it, avg_loss=1.6621, num_batches=10/15, num_samples=10]
      Epoch 5 val:  25%|██▌       | 5/20 [00:57<02:02,  8.15s/it, avg_loss=1.7089, num_batches=11/15, num_samples=11]
      Epoch 5 val:  25%|██▌       | 5/20 [00:57<02:02,  8.15s/it, avg_loss=1.6441, num_batches=12/15, num_samples=12]
      Epoch 5 val:  25%|██▌       | 5/20 [00:57<02:02,  8.15s/it, avg_loss=1.5448, num_batches=13/15, num_samples=13]
      Epoch 5 val:  25%|██▌       | 5/20 [00:57<02:02,  8.15s/it, avg_loss=1.4562, num_batches=14/15, num_samples=14]
      Epoch 5 val:  25%|██▌       | 5/20 [00:57<02:02,  8.15s/it, avg_loss=1.5079, num_batches=15/15, num_samples=15]
      Epoch 5 val:  30%|███       | 6/20 [00:57<01:46,  7.62s/it, avg_loss=1.5079, num_batches=15/15, num_samples=15]
      Epoch 6 train:  30%|███       | 6/20 [00:57<01:46,  7.62s/it, avg_loss=1.5079, num_batches=15/15, num_samples=15]
      Epoch 6 train:  30%|███       | 6/20 [00:58<01:46,  7.62s/it, avg_loss=1.5218, num_batches=1/60, num_samples=1]  
      Epoch 6 train:  30%|███       | 6/20 [00:58<01:46,  7.62s/it, avg_loss=0.8348, num_batches=2/60, num_samples=2]
      Epoch 6 train:  30%|███       | 6/20 [00:58<01:46,  7.62s/it, avg_loss=0.5966, num_batches=3/60, num_samples=3]
      Epoch 6 train:  30%|███       | 6/20 [00:58<01:46,  7.62s/it, avg_loss=0.4740, num_batches=4/60, num_samples=4]
      Epoch 6 train:  30%|███       | 6/20 [00:58<01:46,  7.62s/it, avg_loss=0.4120, num_batches=5/60, num_samples=5]
      Epoch 6 train:  30%|███       | 6/20 [00:58<01:46,  7.62s/it, avg_loss=0.3454, num_batches=6/60, num_samples=6]
      Epoch 6 train:  30%|███       | 6/20 [00:58<01:46,  7.62s/it, avg_loss=0.3282, num_batches=7/60, num_samples=7]
      Epoch 6 train:  30%|███       | 6/20 [00:58<01:46,  7.62s/it, avg_loss=0.3918, num_batches=8/60, num_samples=8]
      Epoch 6 train:  30%|███       | 6/20 [00:58<01:46,  7.62s/it, avg_loss=0.3646, num_batches=9/60, num_samples=9]
      Epoch 6 train:  30%|███       | 6/20 [00:58<01:46,  7.62s/it, avg_loss=0.3337, num_batches=10/60, num_samples=10]
      Epoch 6 train:  30%|███       | 6/20 [00:58<01:46,  7.62s/it, avg_loss=0.3310, num_batches=11/60, num_samples=11]
      Epoch 6 train:  30%|███       | 6/20 [00:58<01:46,  7.62s/it, avg_loss=0.3347, num_batches=12/60, num_samples=12]
      Epoch 6 train:  30%|███       | 6/20 [00:59<01:46,  7.62s/it, avg_loss=0.3094, num_batches=13/60, num_samples=13]
      Epoch 6 train:  30%|███       | 6/20 [00:59<01:46,  7.62s/it, avg_loss=0.3017, num_batches=14/60, num_samples=14]
      Epoch 6 train:  30%|███       | 6/20 [00:59<01:46,  7.62s/it, avg_loss=0.3120, num_batches=15/60, num_samples=15]
      Epoch 6 train:  30%|███       | 6/20 [00:59<01:46,  7.62s/it, avg_loss=0.2961, num_batches=16/60, num_samples=16]
      Epoch 6 train:  30%|███       | 6/20 [00:59<01:46,  7.62s/it, avg_loss=0.2897, num_batches=17/60, num_samples=17]
      Epoch 6 train:  30%|███       | 6/20 [00:59<01:46,  7.62s/it, avg_loss=0.2750, num_batches=18/60, num_samples=18]
      Epoch 6 train:  30%|███       | 6/20 [00:59<01:46,  7.62s/it, avg_loss=0.2607, num_batches=19/60, num_samples=19]
      Epoch 6 train:  30%|███       | 6/20 [00:59<01:46,  7.62s/it, avg_loss=0.2538, num_batches=20/60, num_samples=20]
      Epoch 6 train:  30%|███       | 6/20 [00:59<01:46,  7.62s/it, avg_loss=0.2547, num_batches=21/60, num_samples=21]
      Epoch 6 train:  30%|███       | 6/20 [00:59<01:46,  7.62s/it, avg_loss=0.2687, num_batches=22/60, num_samples=22]
      Epoch 6 train:  30%|███       | 6/20 [01:00<01:46,  7.62s/it, avg_loss=0.2576, num_batches=23/60, num_samples=23]
      Epoch 6 train:  30%|███       | 6/20 [01:00<01:46,  7.62s/it, avg_loss=0.2559, num_batches=24/60, num_samples=24]
      Epoch 6 train:  30%|███       | 6/20 [01:00<01:46,  7.62s/it, avg_loss=0.3753, num_batches=25/60, num_samples=25]
      Epoch 6 train:  30%|███       | 6/20 [01:00<01:46,  7.62s/it, avg_loss=0.3614, num_batches=26/60, num_samples=26]
      Epoch 6 train:  30%|███       | 6/20 [01:00<01:46,  7.62s/it, avg_loss=0.3558, num_batches=27/60, num_samples=27]
      Epoch 6 train:  30%|███       | 6/20 [01:00<01:46,  7.62s/it, avg_loss=0.3435, num_batches=28/60, num_samples=28]
      Epoch 6 train:  30%|███       | 6/20 [01:00<01:46,  7.62s/it, avg_loss=0.3330, num_batches=29/60, num_samples=29]
      Epoch 6 train:  30%|███       | 6/20 [01:00<01:46,  7.62s/it, avg_loss=0.3247, num_batches=30/60, num_samples=30]
      Epoch 6 train:  30%|███       | 6/20 [01:00<01:46,  7.62s/it, avg_loss=0.3149, num_batches=31/60, num_samples=31]
      Epoch 6 train:  30%|███       | 6/20 [01:01<01:46,  7.62s/it, avg_loss=0.3113, num_batches=32/60, num_samples=32]
      Epoch 6 train:  30%|███       | 6/20 [01:01<01:46,  7.62s/it, avg_loss=0.3030, num_batches=33/60, num_samples=33]
      Epoch 6 train:  30%|███       | 6/20 [01:01<01:46,  7.62s/it, avg_loss=0.2945, num_batches=34/60, num_samples=34]
      Epoch 6 train:  30%|███       | 6/20 [01:01<01:46,  7.62s/it, avg_loss=0.2868, num_batches=35/60, num_samples=35]
      Epoch 6 train:  30%|███       | 6/20 [01:01<01:46,  7.62s/it, avg_loss=0.2833, num_batches=36/60, num_samples=36]
      Epoch 6 train:  30%|███       | 6/20 [01:01<01:46,  7.62s/it, avg_loss=0.2758, num_batches=37/60, num_samples=37]
      Epoch 6 train:  30%|███       | 6/20 [01:01<01:46,  7.62s/it, avg_loss=0.2688, num_batches=38/60, num_samples=38]
      Epoch 6 train:  30%|███       | 6/20 [01:01<01:46,  7.62s/it, avg_loss=0.2646, num_batches=39/60, num_samples=39]
      Epoch 6 train:  30%|███       | 6/20 [01:01<01:46,  7.62s/it, avg_loss=0.2582, num_batches=40/60, num_samples=40]
      Epoch 6 train:  30%|███       | 6/20 [01:01<01:46,  7.62s/it, avg_loss=0.2707, num_batches=41/60, num_samples=41]
      Epoch 6 train:  30%|███       | 6/20 [01:01<01:46,  7.62s/it, avg_loss=0.2875, num_batches=42/60, num_samples=42]
      Epoch 6 train:  30%|███       | 6/20 [01:01<01:46,  7.62s/it, avg_loss=0.2990, num_batches=43/60, num_samples=43]
      Epoch 6 train:  30%|███       | 6/20 [01:02<01:46,  7.62s/it, avg_loss=0.3090, num_batches=44/60, num_samples=44]
      Epoch 6 train:  30%|███       | 6/20 [01:02<01:46,  7.62s/it, avg_loss=0.3066, num_batches=45/60, num_samples=45]
      Epoch 6 train:  30%|███       | 6/20 [01:02<01:46,  7.62s/it, avg_loss=0.3097, num_batches=46/60, num_samples=46]
      Epoch 6 train:  30%|███       | 6/20 [01:02<01:46,  7.62s/it, avg_loss=0.3150, num_batches=47/60, num_samples=47]
      Epoch 6 train:  30%|███       | 6/20 [01:02<01:46,  7.62s/it, avg_loss=0.3243, num_batches=48/60, num_samples=48]
      Epoch 6 train:  30%|███       | 6/20 [01:02<01:46,  7.62s/it, avg_loss=0.3519, num_batches=49/60, num_samples=49]
      Epoch 6 train:  30%|███       | 6/20 [01:02<01:46,  7.62s/it, avg_loss=0.3461, num_batches=50/60, num_samples=50]
      Epoch 6 train:  30%|███       | 6/20 [01:02<01:46,  7.62s/it, avg_loss=0.3404, num_batches=51/60, num_samples=51]
      Epoch 6 train:  30%|███       | 6/20 [01:02<01:46,  7.62s/it, avg_loss=0.3452, num_batches=52/60, num_samples=52]
      Epoch 6 train:  30%|███       | 6/20 [01:02<01:46,  7.62s/it, avg_loss=0.3399, num_batches=53/60, num_samples=53]
      Epoch 6 train:  30%|███       | 6/20 [01:02<01:46,  7.62s/it, avg_loss=0.3370, num_batches=54/60, num_samples=54]
      Epoch 6 train:  30%|███       | 6/20 [01:02<01:46,  7.62s/it, avg_loss=0.3390, num_batches=55/60, num_samples=55]
      Epoch 6 train:  30%|███       | 6/20 [01:03<01:46,  7.62s/it, avg_loss=0.3365, num_batches=56/60, num_samples=56]
      Epoch 6 train:  30%|███       | 6/20 [01:03<01:46,  7.62s/it, avg_loss=0.3322, num_batches=57/60, num_samples=57]
      Epoch 6 train:  30%|███       | 6/20 [01:03<01:46,  7.62s/it, avg_loss=0.3310, num_batches=58/60, num_samples=58]
      Epoch 6 train:  30%|███       | 6/20 [01:03<01:46,  7.62s/it, avg_loss=0.3266, num_batches=59/60, num_samples=59]
      Epoch 6 train:  30%|███       | 6/20 [01:03<01:46,  7.62s/it, avg_loss=0.3274, num_batches=60/60, num_samples=60]
      Epoch 6 val:  30%|███       | 6/20 [01:03<01:46,  7.62s/it, avg_loss=0.3274, num_batches=60/60, num_samples=60]  
      Epoch 6 val:  30%|███       | 6/20 [01:03<01:46,  7.62s/it, avg_loss=3.3195, num_batches=1/15, num_samples=1]  
      Epoch 6 val:  30%|███       | 6/20 [01:03<01:46,  7.62s/it, avg_loss=1.7168, num_batches=2/15, num_samples=2]
      Epoch 6 val:  30%|███       | 6/20 [01:03<01:46,  7.62s/it, avg_loss=1.2858, num_batches=3/15, num_samples=3]
      Epoch 6 val:  30%|███       | 6/20 [01:03<01:46,  7.62s/it, avg_loss=1.0717, num_batches=4/15, num_samples=4]
      Epoch 6 val:  30%|███       | 6/20 [01:03<01:46,  7.62s/it, avg_loss=0.9015, num_batches=5/15, num_samples=5]
      Epoch 6 val:  30%|███       | 6/20 [01:03<01:46,  7.62s/it, avg_loss=1.1160, num_batches=6/15, num_samples=6]
      Epoch 6 val:  30%|███       | 6/20 [01:03<01:46,  7.62s/it, avg_loss=0.9682, num_batches=7/15, num_samples=7]
      Epoch 6 val:  30%|███       | 6/20 [01:04<01:46,  7.62s/it, avg_loss=0.9601, num_batches=8/15, num_samples=8]
      Epoch 6 val:  30%|███       | 6/20 [01:04<01:46,  7.62s/it, avg_loss=0.8850, num_batches=9/15, num_samples=9]
      Epoch 6 val:  30%|███       | 6/20 [01:04<01:46,  7.62s/it, avg_loss=0.9858, num_batches=10/15, num_samples=10]
      Epoch 6 val:  30%|███       | 6/20 [01:04<01:46,  7.62s/it, avg_loss=1.1484, num_batches=11/15, num_samples=11]
      Epoch 6 val:  30%|███       | 6/20 [01:04<01:46,  7.62s/it, avg_loss=1.1571, num_batches=12/15, num_samples=12]
      Epoch 6 val:  30%|███       | 6/20 [01:04<01:46,  7.62s/it, avg_loss=1.2169, num_batches=13/15, num_samples=13]
      Epoch 6 val:  30%|███       | 6/20 [01:04<01:46,  7.62s/it, avg_loss=1.1430, num_batches=14/15, num_samples=14]
      Epoch 6 val:  30%|███       | 6/20 [01:04<01:46,  7.62s/it, avg_loss=1.3530, num_batches=15/15, num_samples=15]
      Epoch 6 val:  35%|███▌      | 7/20 [01:04<01:35,  7.32s/it, avg_loss=1.3530, num_batches=15/15, num_samples=15]
      Epoch 7 train:  35%|███▌      | 7/20 [01:04<01:35,  7.32s/it, avg_loss=1.3530, num_batches=15/15, num_samples=15]
      Epoch 7 train:  35%|███▌      | 7/20 [01:04<01:35,  7.32s/it, avg_loss=0.0066, num_batches=1/60, num_samples=1]  
      Epoch 7 train:  35%|███▌      | 7/20 [01:04<01:35,  7.32s/it, avg_loss=0.0382, num_batches=2/60, num_samples=2]
      Epoch 7 train:  35%|███▌      | 7/20 [01:04<01:35,  7.32s/it, avg_loss=0.0702, num_batches=3/60, num_samples=3]
      Epoch 7 train:  35%|███▌      | 7/20 [01:04<01:35,  7.32s/it, avg_loss=0.0682, num_batches=4/60, num_samples=4]
      Epoch 7 train:  35%|███▌      | 7/20 [01:05<01:35,  7.32s/it, avg_loss=0.0643, num_batches=5/60, num_samples=5]
      Epoch 7 train:  35%|███▌      | 7/20 [01:05<01:35,  7.32s/it, avg_loss=0.0825, num_batches=6/60, num_samples=6]
      Epoch 7 train:  35%|███▌      | 7/20 [01:05<01:35,  7.32s/it, avg_loss=0.0793, num_batches=7/60, num_samples=7]
      Epoch 7 train:  35%|███▌      | 7/20 [01:05<01:35,  7.32s/it, avg_loss=0.0731, num_batches=8/60, num_samples=8]
      Epoch 7 train:  35%|███▌      | 7/20 [01:05<01:35,  7.32s/it, avg_loss=0.0839, num_batches=9/60, num_samples=9]
      Epoch 7 train:  35%|███▌      | 7/20 [01:05<01:35,  7.32s/it, avg_loss=0.0760, num_batches=10/60, num_samples=10]
      Epoch 7 train:  35%|███▌      | 7/20 [01:05<01:35,  7.32s/it, avg_loss=0.0740, num_batches=11/60, num_samples=11]
      Epoch 7 train:  35%|███▌      | 7/20 [01:05<01:35,  7.32s/it, avg_loss=0.0718, num_batches=12/60, num_samples=12]
      Epoch 7 train:  35%|███▌      | 7/20 [01:05<01:35,  7.32s/it, avg_loss=0.0736, num_batches=13/60, num_samples=13]
      Epoch 7 train:  35%|███▌      | 7/20 [01:06<01:35,  7.32s/it, avg_loss=0.0692, num_batches=14/60, num_samples=14]
      Epoch 7 train:  35%|███▌      | 7/20 [01:06<01:35,  7.32s/it, avg_loss=0.0662, num_batches=15/60, num_samples=15]
      Epoch 7 train:  35%|███▌      | 7/20 [01:06<01:35,  7.32s/it, avg_loss=0.0668, num_batches=16/60, num_samples=16]
      Epoch 7 train:  35%|███▌      | 7/20 [01:06<01:35,  7.32s/it, avg_loss=0.0652, num_batches=17/60, num_samples=17]
      Epoch 7 train:  35%|███▌      | 7/20 [01:06<01:35,  7.32s/it, avg_loss=0.0637, num_batches=18/60, num_samples=18]
      Epoch 7 train:  35%|███▌      | 7/20 [01:06<01:35,  7.32s/it, avg_loss=0.0605, num_batches=19/60, num_samples=19]
      Epoch 7 train:  35%|███▌      | 7/20 [01:06<01:35,  7.32s/it, avg_loss=0.0579, num_batches=20/60, num_samples=20]
      Epoch 7 train:  35%|███▌      | 7/20 [01:06<01:35,  7.32s/it, avg_loss=0.0554, num_batches=21/60, num_samples=21]
      Epoch 7 train:  35%|███▌      | 7/20 [01:06<01:35,  7.32s/it, avg_loss=0.0547, num_batches=22/60, num_samples=22]
      Epoch 7 train:  35%|███▌      | 7/20 [01:06<01:35,  7.32s/it, avg_loss=0.0528, num_batches=23/60, num_samples=23]
      Epoch 7 train:  35%|███▌      | 7/20 [01:07<01:35,  7.32s/it, avg_loss=0.0656, num_batches=24/60, num_samples=24]
      Epoch 7 train:  35%|███▌      | 7/20 [01:07<01:35,  7.32s/it, avg_loss=0.0639, num_batches=25/60, num_samples=25]
      Epoch 7 train:  35%|███▌      | 7/20 [01:07<01:35,  7.32s/it, avg_loss=0.0615, num_batches=26/60, num_samples=26]
      Epoch 7 train:  35%|███▌      | 7/20 [01:07<01:35,  7.32s/it, avg_loss=0.0602, num_batches=27/60, num_samples=27]
      Epoch 7 train:  35%|███▌      | 7/20 [01:07<01:35,  7.32s/it, avg_loss=0.0590, num_batches=28/60, num_samples=28]
      Epoch 7 train:  35%|███▌      | 7/20 [01:07<01:35,  7.32s/it, avg_loss=0.0571, num_batches=29/60, num_samples=29]
      Epoch 7 train:  35%|███▌      | 7/20 [01:07<01:35,  7.32s/it, avg_loss=0.0574, num_batches=30/60, num_samples=30]
      Epoch 7 train:  35%|███▌      | 7/20 [01:07<01:35,  7.32s/it, avg_loss=0.0556, num_batches=31/60, num_samples=31]
      Epoch 7 train:  35%|███▌      | 7/20 [01:07<01:35,  7.32s/it, avg_loss=0.0553, num_batches=32/60, num_samples=32]
      Epoch 7 train:  35%|███▌      | 7/20 [01:07<01:35,  7.32s/it, avg_loss=0.0538, num_batches=33/60, num_samples=33]
      Epoch 7 train:  35%|███▌      | 7/20 [01:07<01:35,  7.32s/it, avg_loss=0.0530, num_batches=34/60, num_samples=34]
      Epoch 7 train:  35%|███▌      | 7/20 [01:07<01:35,  7.32s/it, avg_loss=0.0520, num_batches=35/60, num_samples=35]
      Epoch 7 train:  35%|███▌      | 7/20 [01:08<01:35,  7.32s/it, avg_loss=0.0712, num_batches=36/60, num_samples=36]
      Epoch 7 train:  35%|███▌      | 7/20 [01:08<01:35,  7.32s/it, avg_loss=0.0699, num_batches=37/60, num_samples=37]
      Epoch 7 train:  35%|███▌      | 7/20 [01:08<01:35,  7.32s/it, avg_loss=0.0712, num_batches=38/60, num_samples=38]
      Epoch 7 train:  35%|███▌      | 7/20 [01:08<01:35,  7.32s/it, avg_loss=0.0698, num_batches=39/60, num_samples=39]
      Epoch 7 train:  35%|███▌      | 7/20 [01:08<01:35,  7.32s/it, avg_loss=0.0685, num_batches=40/60, num_samples=40]
      Epoch 7 train:  35%|███▌      | 7/20 [01:08<01:35,  7.32s/it, avg_loss=0.0759, num_batches=41/60, num_samples=41]
      Epoch 7 train:  35%|███▌      | 7/20 [01:08<01:35,  7.32s/it, avg_loss=0.0748, num_batches=42/60, num_samples=42]
      Epoch 7 train:  35%|███▌      | 7/20 [01:08<01:35,  7.32s/it, avg_loss=0.0732, num_batches=43/60, num_samples=43]
      Epoch 7 train:  35%|███▌      | 7/20 [01:08<01:35,  7.32s/it, avg_loss=0.0716, num_batches=44/60, num_samples=44]
      Epoch 7 train:  35%|███▌      | 7/20 [01:08<01:35,  7.32s/it, avg_loss=0.0702, num_batches=45/60, num_samples=45]
      Epoch 7 train:  35%|███▌      | 7/20 [01:08<01:35,  7.32s/it, avg_loss=0.0687, num_batches=46/60, num_samples=46]
      Epoch 7 train:  35%|███▌      | 7/20 [01:09<01:35,  7.32s/it, avg_loss=0.0710, num_batches=47/60, num_samples=47]
      Epoch 7 train:  35%|███▌      | 7/20 [01:09<01:35,  7.32s/it, avg_loss=0.0776, num_batches=48/60, num_samples=48]
      Epoch 7 train:  35%|███▌      | 7/20 [01:09<01:35,  7.32s/it, avg_loss=0.1362, num_batches=49/60, num_samples=49]
      Epoch 7 train:  35%|███▌      | 7/20 [01:09<01:35,  7.32s/it, avg_loss=0.1342, num_batches=50/60, num_samples=50]
      Epoch 7 train:  35%|███▌      | 7/20 [01:09<01:35,  7.32s/it, avg_loss=0.1319, num_batches=51/60, num_samples=51]
      Epoch 7 train:  35%|███▌      | 7/20 [01:09<01:35,  7.32s/it, avg_loss=0.1295, num_batches=52/60, num_samples=52]
      Epoch 7 train:  35%|███▌      | 7/20 [01:09<01:35,  7.32s/it, avg_loss=0.1272, num_batches=53/60, num_samples=53]
      Epoch 7 train:  35%|███▌      | 7/20 [01:09<01:35,  7.32s/it, avg_loss=0.1248, num_batches=54/60, num_samples=54]
      Epoch 7 train:  35%|███▌      | 7/20 [01:09<01:35,  7.32s/it, avg_loss=0.1263, num_batches=55/60, num_samples=55]
      Epoch 7 train:  35%|███▌      | 7/20 [01:09<01:35,  7.32s/it, avg_loss=0.1241, num_batches=56/60, num_samples=56]
      Epoch 7 train:  35%|███▌      | 7/20 [01:09<01:35,  7.32s/it, avg_loss=0.1219, num_batches=57/60, num_samples=57]
      Epoch 7 train:  35%|███▌      | 7/20 [01:09<01:35,  7.32s/it, avg_loss=0.1359, num_batches=58/60, num_samples=58]
      Epoch 7 train:  35%|███▌      | 7/20 [01:09<01:35,  7.32s/it, avg_loss=0.1337, num_batches=59/60, num_samples=59]
      Epoch 7 train:  35%|███▌      | 7/20 [01:10<01:35,  7.32s/it, avg_loss=0.1732, num_batches=60/60, num_samples=60]
      Epoch 7 val:  35%|███▌      | 7/20 [01:10<01:35,  7.32s/it, avg_loss=0.1732, num_batches=60/60, num_samples=60]  
      Epoch 7 val:  35%|███▌      | 7/20 [01:10<01:35,  7.32s/it, avg_loss=2.6268, num_batches=1/15, num_samples=1]  
      Epoch 7 val:  35%|███▌      | 7/20 [01:10<01:35,  7.32s/it, avg_loss=3.1079, num_batches=2/15, num_samples=2]
      Epoch 7 val:  35%|███▌      | 7/20 [01:10<01:35,  7.32s/it, avg_loss=4.8065, num_batches=3/15, num_samples=3]
      Epoch 7 val:  35%|███▌      | 7/20 [01:10<01:35,  7.32s/it, avg_loss=4.4642, num_batches=4/15, num_samples=4]
      Epoch 7 val:  35%|███▌      | 7/20 [01:10<01:35,  7.32s/it, avg_loss=4.1576, num_batches=5/15, num_samples=5]
      Epoch 7 val:  35%|███▌      | 7/20 [01:10<01:35,  7.32s/it, avg_loss=4.2673, num_batches=6/15, num_samples=6]
      Epoch 7 val:  35%|███▌      | 7/20 [01:10<01:35,  7.32s/it, avg_loss=3.7401, num_batches=7/15, num_samples=7]
      Epoch 7 val:  35%|███▌      | 7/20 [01:10<01:35,  7.32s/it, avg_loss=3.7674, num_batches=8/15, num_samples=8]
      Epoch 7 val:  35%|███▌      | 7/20 [01:10<01:35,  7.32s/it, avg_loss=3.3491, num_batches=9/15, num_samples=9]
      Epoch 7 val:  35%|███▌      | 7/20 [01:10<01:35,  7.32s/it, avg_loss=3.3795, num_batches=10/15, num_samples=10]
      Epoch 7 val:  35%|███▌      | 7/20 [01:10<01:35,  7.32s/it, avg_loss=3.1587, num_batches=11/15, num_samples=11]
      Epoch 7 val:  35%|███▌      | 7/20 [01:10<01:35,  7.32s/it, avg_loss=3.0406, num_batches=12/15, num_samples=12]
      Epoch 7 val:  35%|███▌      | 7/20 [01:10<01:35,  7.32s/it, avg_loss=2.8089, num_batches=13/15, num_samples=13]
      Epoch 7 val:  35%|███▌      | 7/20 [01:10<01:35,  7.32s/it, avg_loss=2.6133, num_batches=14/15, num_samples=14]
      Epoch 7 val:  35%|███▌      | 7/20 [01:10<01:35,  7.32s/it, avg_loss=2.4565, num_batches=15/15, num_samples=15]
      Epoch 7 val:  40%|████      | 8/20 [01:11<01:25,  7.10s/it, avg_loss=2.4565, num_batches=15/15, num_samples=15]
      Epoch 8 train:  40%|████      | 8/20 [01:11<01:25,  7.10s/it, avg_loss=2.4565, num_batches=15/15, num_samples=15]
      Epoch 8 train:  40%|████      | 8/20 [01:11<01:25,  7.10s/it, avg_loss=0.0297, num_batches=1/60, num_samples=1]  
      Epoch 8 train:  40%|████      | 8/20 [01:11<01:25,  7.10s/it, avg_loss=0.0160, num_batches=2/60, num_samples=2]
      Epoch 8 train:  40%|████      | 8/20 [01:11<01:25,  7.10s/it, avg_loss=0.0192, num_batches=3/60, num_samples=3]
      Epoch 8 train:  40%|████      | 8/20 [01:11<01:25,  7.10s/it, avg_loss=0.0153, num_batches=4/60, num_samples=4]
      Epoch 8 train:  40%|████      | 8/20 [01:11<01:25,  7.10s/it, avg_loss=0.0276, num_batches=5/60, num_samples=5]
      Epoch 8 train:  40%|████      | 8/20 [01:11<01:25,  7.10s/it, avg_loss=0.2876, num_batches=6/60, num_samples=6]
      Epoch 8 train:  40%|████      | 8/20 [01:11<01:25,  7.10s/it, avg_loss=0.2488, num_batches=7/60, num_samples=7]
      Epoch 8 train:  40%|████      | 8/20 [01:11<01:25,  7.10s/it, avg_loss=0.2911, num_batches=8/60, num_samples=8]
      Epoch 8 train:  40%|████      | 8/20 [01:11<01:25,  7.10s/it, avg_loss=0.2597, num_batches=9/60, num_samples=9]
      Epoch 8 train:  40%|████      | 8/20 [01:11<01:25,  7.10s/it, avg_loss=0.2360, num_batches=10/60, num_samples=10]
      Epoch 8 train:  40%|████      | 8/20 [01:12<01:25,  7.10s/it, avg_loss=0.2146, num_batches=11/60, num_samples=11]
      Epoch 8 train:  40%|████      | 8/20 [01:12<01:25,  7.10s/it, avg_loss=0.5188, num_batches=12/60, num_samples=12]
      Epoch 8 train:  40%|████      | 8/20 [01:12<01:25,  7.10s/it, avg_loss=0.4813, num_batches=13/60, num_samples=13]
      Epoch 8 train:  40%|████      | 8/20 [01:12<01:25,  7.10s/it, avg_loss=0.5503, num_batches=14/60, num_samples=14]
      Epoch 8 train:  40%|████      | 8/20 [01:12<01:25,  7.10s/it, avg_loss=0.6203, num_batches=15/60, num_samples=15]
      Epoch 8 train:  40%|████      | 8/20 [01:12<01:25,  7.10s/it, avg_loss=0.5966, num_batches=16/60, num_samples=16]
      Epoch 8 train:  40%|████      | 8/20 [01:12<01:25,  7.10s/it, avg_loss=0.5615, num_batches=17/60, num_samples=17]
      Epoch 8 train:  40%|████      | 8/20 [01:12<01:25,  7.10s/it, avg_loss=0.5304, num_batches=18/60, num_samples=18]
      Epoch 8 train:  40%|████      | 8/20 [01:12<01:25,  7.10s/it, avg_loss=0.5025, num_batches=19/60, num_samples=19]
      Epoch 8 train:  40%|████      | 8/20 [01:12<01:25,  7.10s/it, avg_loss=0.4775, num_batches=20/60, num_samples=20]
      Epoch 8 train:  40%|████      | 8/20 [01:12<01:25,  7.10s/it, avg_loss=0.4567, num_batches=21/60, num_samples=21]
      Epoch 8 train:  40%|████      | 8/20 [01:12<01:25,  7.10s/it, avg_loss=0.4376, num_batches=22/60, num_samples=22]
      Epoch 8 train:  40%|████      | 8/20 [01:12<01:25,  7.10s/it, avg_loss=0.4542, num_batches=23/60, num_samples=23]
      Epoch 8 train:  40%|████      | 8/20 [01:13<01:25,  7.10s/it, avg_loss=0.4386, num_batches=24/60, num_samples=24]
      Epoch 8 train:  40%|████      | 8/20 [01:13<01:25,  7.10s/it, avg_loss=0.4447, num_batches=25/60, num_samples=25]
      Epoch 8 train:  40%|████      | 8/20 [01:13<01:25,  7.10s/it, avg_loss=0.4494, num_batches=26/60, num_samples=26]
      Epoch 8 train:  40%|████      | 8/20 [01:13<01:25,  7.10s/it, avg_loss=0.4372, num_batches=27/60, num_samples=27]
      Epoch 8 train:  40%|████      | 8/20 [01:13<01:25,  7.10s/it, avg_loss=0.4221, num_batches=28/60, num_samples=28]
      Epoch 8 train:  40%|████      | 8/20 [01:13<01:25,  7.10s/it, avg_loss=0.4093, num_batches=29/60, num_samples=29]
      Epoch 8 train:  40%|████      | 8/20 [01:13<01:25,  7.10s/it, avg_loss=0.4060, num_batches=30/60, num_samples=30]
      Epoch 8 train:  40%|████      | 8/20 [01:13<01:25,  7.10s/it, avg_loss=0.4054, num_batches=31/60, num_samples=31]
      Epoch 8 train:  40%|████      | 8/20 [01:13<01:25,  7.10s/it, avg_loss=0.4269, num_batches=32/60, num_samples=32]
      Epoch 8 train:  40%|████      | 8/20 [01:13<01:25,  7.10s/it, avg_loss=0.4194, num_batches=33/60, num_samples=33]
      Epoch 8 train:  40%|████      | 8/20 [01:14<01:25,  7.10s/it, avg_loss=0.4337, num_batches=34/60, num_samples=34]
      Epoch 8 train:  40%|████      | 8/20 [01:14<01:25,  7.10s/it, avg_loss=0.4218, num_batches=35/60, num_samples=35]
      Epoch 8 train:  40%|████      | 8/20 [01:14<01:25,  7.10s/it, avg_loss=0.4136, num_batches=36/60, num_samples=36]
      Epoch 8 train:  40%|████      | 8/20 [01:14<01:25,  7.10s/it, avg_loss=0.4308, num_batches=37/60, num_samples=37]
      Epoch 8 train:  40%|████      | 8/20 [01:14<01:25,  7.10s/it, avg_loss=0.4301, num_batches=38/60, num_samples=38]
      Epoch 8 train:  40%|████      | 8/20 [01:14<01:25,  7.10s/it, avg_loss=0.4282, num_batches=39/60, num_samples=39]
      Epoch 8 train:  40%|████      | 8/20 [01:14<01:25,  7.10s/it, avg_loss=0.4188, num_batches=40/60, num_samples=40]
      Epoch 8 train:  40%|████      | 8/20 [01:14<01:25,  7.10s/it, avg_loss=0.4096, num_batches=41/60, num_samples=41]
      Epoch 8 train:  40%|████      | 8/20 [01:14<01:25,  7.10s/it, avg_loss=0.4081, num_batches=42/60, num_samples=42]
      Epoch 8 train:  40%|████      | 8/20 [01:14<01:25,  7.10s/it, avg_loss=0.3987, num_batches=43/60, num_samples=43]
      Epoch 8 train:  40%|████      | 8/20 [01:15<01:25,  7.10s/it, avg_loss=0.3982, num_batches=44/60, num_samples=44]
      Epoch 8 train:  40%|████      | 8/20 [01:15<01:25,  7.10s/it, avg_loss=0.3928, num_batches=45/60, num_samples=45]
      Epoch 8 train:  40%|████      | 8/20 [01:15<01:25,  7.10s/it, avg_loss=0.3895, num_batches=46/60, num_samples=46]
      Epoch 8 train:  40%|████      | 8/20 [01:15<01:25,  7.10s/it, avg_loss=0.3883, num_batches=47/60, num_samples=47]
      Epoch 8 train:  40%|████      | 8/20 [01:15<01:25,  7.10s/it, avg_loss=0.4299, num_batches=48/60, num_samples=48]
      Epoch 8 train:  40%|████      | 8/20 [01:15<01:25,  7.10s/it, avg_loss=0.4214, num_batches=49/60, num_samples=49]
      Epoch 8 train:  40%|████      | 8/20 [01:15<01:25,  7.10s/it, avg_loss=0.4139, num_batches=50/60, num_samples=50]
      Epoch 8 train:  40%|████      | 8/20 [01:15<01:25,  7.10s/it, avg_loss=0.4060, num_batches=51/60, num_samples=51]
      Epoch 8 train:  40%|████      | 8/20 [01:15<01:25,  7.10s/it, avg_loss=0.3988, num_batches=52/60, num_samples=52]
      Epoch 8 train:  40%|████      | 8/20 [01:15<01:25,  7.10s/it, avg_loss=0.3938, num_batches=53/60, num_samples=53]
      Epoch 8 train:  40%|████      | 8/20 [01:15<01:25,  7.10s/it, avg_loss=0.3866, num_batches=54/60, num_samples=54]
      Epoch 8 train:  40%|████      | 8/20 [01:15<01:25,  7.10s/it, avg_loss=0.3988, num_batches=55/60, num_samples=55]
      Epoch 8 train:  40%|████      | 8/20 [01:15<01:25,  7.10s/it, avg_loss=0.4085, num_batches=56/60, num_samples=56]
      Epoch 8 train:  40%|████      | 8/20 [01:16<01:25,  7.10s/it, avg_loss=0.4045, num_batches=57/60, num_samples=57]
      Epoch 8 train:  40%|████      | 8/20 [01:16<01:25,  7.10s/it, avg_loss=0.4052, num_batches=58/60, num_samples=58]
      Epoch 8 train:  40%|████      | 8/20 [01:16<01:25,  7.10s/it, avg_loss=0.3985, num_batches=59/60, num_samples=59]
      Epoch 8 train:  40%|████      | 8/20 [01:16<01:25,  7.10s/it, avg_loss=0.3921, num_batches=60/60, num_samples=60]
      Epoch 8 val:  40%|████      | 8/20 [01:16<01:25,  7.10s/it, avg_loss=0.3921, num_batches=60/60, num_samples=60]  
      Epoch 8 val:  40%|████      | 8/20 [01:16<01:25,  7.10s/it, avg_loss=2.0534, num_batches=1/15, num_samples=1]  
      Epoch 8 val:  40%|████      | 8/20 [01:16<01:25,  7.10s/it, avg_loss=1.1605, num_batches=2/15, num_samples=2]
      Epoch 8 val:  40%|████      | 8/20 [01:16<01:25,  7.10s/it, avg_loss=0.8002, num_batches=3/15, num_samples=3]
      Epoch 8 val:  40%|████      | 8/20 [01:16<01:25,  7.10s/it, avg_loss=0.6489, num_batches=4/15, num_samples=4]
      Epoch 8 val:  40%|████      | 8/20 [01:17<01:25,  7.10s/it, avg_loss=0.6472, num_batches=5/15, num_samples=5]
      Epoch 8 val:  40%|████      | 8/20 [01:17<01:25,  7.10s/it, avg_loss=0.7013, num_batches=6/15, num_samples=6]
      Epoch 8 val:  40%|████      | 8/20 [01:17<01:25,  7.10s/it, avg_loss=0.8429, num_batches=7/15, num_samples=7]
      Epoch 8 val:  40%|████      | 8/20 [01:17<01:25,  7.10s/it, avg_loss=1.2303, num_batches=8/15, num_samples=8]
      Epoch 8 val:  40%|████      | 8/20 [01:17<01:25,  7.10s/it, avg_loss=1.2805, num_batches=9/15, num_samples=9]
      Epoch 8 val:  40%|████      | 8/20 [01:17<01:25,  7.10s/it, avg_loss=1.1862, num_batches=10/15, num_samples=10]
      Epoch 8 val:  40%|████      | 8/20 [01:17<01:25,  7.10s/it, avg_loss=1.2286, num_batches=11/15, num_samples=11]
      Epoch 8 val:  40%|████      | 8/20 [01:17<01:25,  7.10s/it, avg_loss=1.2742, num_batches=12/15, num_samples=12]
      Epoch 8 val:  40%|████      | 8/20 [01:17<01:25,  7.10s/it, avg_loss=1.3251, num_batches=13/15, num_samples=13]
      Epoch 8 val:  40%|████      | 8/20 [01:17<01:25,  7.10s/it, avg_loss=1.2308, num_batches=14/15, num_samples=14]
      Epoch 8 val:  40%|████      | 8/20 [01:17<01:25,  7.10s/it, avg_loss=1.5449, num_batches=15/15, num_samples=15]
      Epoch 8 val:  45%|████▌     | 9/20 [01:17<01:15,  6.90s/it, avg_loss=1.5449, num_batches=15/15, num_samples=15]
      Epoch 9 train:  45%|████▌     | 9/20 [01:17<01:15,  6.90s/it, avg_loss=1.5449, num_batches=15/15, num_samples=15]
      Epoch 9 train:  45%|████▌     | 9/20 [01:17<01:15,  6.90s/it, avg_loss=0.3181, num_batches=1/60, num_samples=1]  
      Epoch 9 train:  45%|████▌     | 9/20 [01:17<01:15,  6.90s/it, avg_loss=0.1622, num_batches=2/60, num_samples=2]
      Epoch 9 train:  45%|████▌     | 9/20 [01:17<01:15,  6.90s/it, avg_loss=0.1500, num_batches=3/60, num_samples=3]
      Epoch 9 train:  45%|████▌     | 9/20 [01:17<01:15,  6.90s/it, avg_loss=0.1176, num_batches=4/60, num_samples=4]
      Epoch 9 train:  45%|████▌     | 9/20 [01:18<01:15,  6.90s/it, avg_loss=0.0954, num_batches=5/60, num_samples=5]
      Epoch 9 train:  45%|████▌     | 9/20 [01:18<01:15,  6.90s/it, avg_loss=0.0802, num_batches=6/60, num_samples=6]
      Epoch 9 train:  45%|████▌     | 9/20 [01:18<01:15,  6.90s/it, avg_loss=0.0746, num_batches=7/60, num_samples=7]
      Epoch 9 train:  45%|████▌     | 9/20 [01:18<01:15,  6.90s/it, avg_loss=0.0765, num_batches=8/60, num_samples=8]
      Epoch 9 train:  45%|████▌     | 9/20 [01:18<01:15,  6.90s/it, avg_loss=0.0763, num_batches=9/60, num_samples=9]
      Epoch 9 train:  45%|████▌     | 9/20 [01:18<01:15,  6.90s/it, avg_loss=0.0830, num_batches=10/60, num_samples=10]
      Epoch 9 train:  45%|████▌     | 9/20 [01:18<01:15,  6.90s/it, avg_loss=0.0761, num_batches=11/60, num_samples=11]
      Epoch 9 train:  45%|████▌     | 9/20 [01:18<01:15,  6.90s/it, avg_loss=0.0744, num_batches=12/60, num_samples=12]
      Epoch 9 train:  45%|████▌     | 9/20 [01:18<01:15,  6.90s/it, avg_loss=0.0722, num_batches=13/60, num_samples=13]
      Epoch 9 train:  45%|████▌     | 9/20 [01:18<01:15,  6.90s/it, avg_loss=0.0673, num_batches=14/60, num_samples=14]
      Epoch 9 train:  45%|████▌     | 9/20 [01:19<01:15,  6.90s/it, avg_loss=0.0642, num_batches=15/60, num_samples=15]
      Epoch 9 train:  45%|████▌     | 9/20 [01:19<01:15,  6.90s/it, avg_loss=0.0637, num_batches=16/60, num_samples=16]
      Epoch 9 train:  45%|████▌     | 9/20 [01:19<01:15,  6.90s/it, avg_loss=0.0635, num_batches=17/60, num_samples=17]
      Epoch 9 train:  45%|████▌     | 9/20 [01:19<01:15,  6.90s/it, avg_loss=0.0617, num_batches=18/60, num_samples=18]
      Epoch 9 train:  45%|████▌     | 9/20 [01:19<01:15,  6.90s/it, avg_loss=0.0586, num_batches=19/60, num_samples=19]
      Epoch 9 train:  45%|████▌     | 9/20 [01:19<01:15,  6.90s/it, avg_loss=0.0581, num_batches=20/60, num_samples=20]
      Epoch 9 train:  45%|████▌     | 9/20 [01:19<01:15,  6.90s/it, avg_loss=0.0557, num_batches=21/60, num_samples=21]
      Epoch 9 train:  45%|████▌     | 9/20 [01:19<01:15,  6.90s/it, avg_loss=0.1096, num_batches=22/60, num_samples=22]
      Epoch 9 train:  45%|████▌     | 9/20 [01:19<01:15,  6.90s/it, avg_loss=0.1052, num_batches=23/60, num_samples=23]
      Epoch 9 train:  45%|████▌     | 9/20 [01:19<01:15,  6.90s/it, avg_loss=0.1021, num_batches=24/60, num_samples=24]
      Epoch 9 train:  45%|████▌     | 9/20 [01:19<01:15,  6.90s/it, avg_loss=0.0982, num_batches=25/60, num_samples=25]
      Epoch 9 train:  45%|████▌     | 9/20 [01:20<01:15,  6.90s/it, avg_loss=0.0949, num_batches=26/60, num_samples=26]
      Epoch 9 train:  45%|████▌     | 9/20 [01:20<01:15,  6.90s/it, avg_loss=0.0915, num_batches=27/60, num_samples=27]
      Epoch 9 train:  45%|████▌     | 9/20 [01:20<01:15,  6.90s/it, avg_loss=0.0894, num_batches=28/60, num_samples=28]
      Epoch 9 train:  45%|████▌     | 9/20 [01:20<01:15,  6.90s/it, avg_loss=0.0944, num_batches=29/60, num_samples=29]
      Epoch 9 train:  45%|████▌     | 9/20 [01:20<01:15,  6.90s/it, avg_loss=0.0919, num_batches=30/60, num_samples=30]
      Epoch 9 train:  45%|████▌     | 9/20 [01:20<01:15,  6.90s/it, avg_loss=0.0908, num_batches=31/60, num_samples=31]
      Epoch 9 train:  45%|████▌     | 9/20 [01:20<01:15,  6.90s/it, avg_loss=0.0883, num_batches=32/60, num_samples=32]
      Epoch 9 train:  45%|████▌     | 9/20 [01:20<01:15,  6.90s/it, avg_loss=0.0858, num_batches=33/60, num_samples=33]
      Epoch 9 train:  45%|████▌     | 9/20 [01:20<01:15,  6.90s/it, avg_loss=0.0835, num_batches=34/60, num_samples=34]
      Epoch 9 train:  45%|████▌     | 9/20 [01:20<01:15,  6.90s/it, avg_loss=0.0919, num_batches=35/60, num_samples=35]
      Epoch 9 train:  45%|████▌     | 9/20 [01:20<01:15,  6.90s/it, avg_loss=0.0903, num_batches=36/60, num_samples=36]
      Epoch 9 train:  45%|████▌     | 9/20 [01:20<01:15,  6.90s/it, avg_loss=0.0880, num_batches=37/60, num_samples=37]
      Epoch 9 train:  45%|████▌     | 9/20 [01:20<01:15,  6.90s/it, avg_loss=0.1042, num_batches=38/60, num_samples=38]
      Epoch 9 train:  45%|████▌     | 9/20 [01:20<01:15,  6.90s/it, avg_loss=0.1020, num_batches=39/60, num_samples=39]
      Epoch 9 train:  45%|████▌     | 9/20 [01:20<01:15,  6.90s/it, avg_loss=0.1164, num_batches=40/60, num_samples=40]
      Epoch 9 train:  45%|████▌     | 9/20 [01:20<01:15,  6.90s/it, avg_loss=0.1141, num_batches=41/60, num_samples=41]
      Epoch 9 train:  45%|████▌     | 9/20 [01:20<01:15,  6.90s/it, avg_loss=0.1120, num_batches=42/60, num_samples=42]
      Epoch 9 train:  45%|████▌     | 9/20 [01:20<01:15,  6.90s/it, avg_loss=0.1097, num_batches=43/60, num_samples=43]
      Epoch 9 train:  45%|████▌     | 9/20 [01:21<01:15,  6.90s/it, avg_loss=0.1152, num_batches=44/60, num_samples=44]
      Epoch 9 train:  45%|████▌     | 9/20 [01:21<01:15,  6.90s/it, avg_loss=0.1128, num_batches=45/60, num_samples=45]
      Epoch 9 train:  45%|████▌     | 9/20 [01:21<01:15,  6.90s/it, avg_loss=0.1104, num_batches=46/60, num_samples=46]
      Epoch 9 train:  45%|████▌     | 9/20 [01:21<01:15,  6.90s/it, avg_loss=0.1081, num_batches=47/60, num_samples=47]
      Epoch 9 train:  45%|████▌     | 9/20 [01:21<01:15,  6.90s/it, avg_loss=0.1245, num_batches=48/60, num_samples=48]
      Epoch 9 train:  45%|████▌     | 9/20 [01:21<01:15,  6.90s/it, avg_loss=0.1220, num_batches=49/60, num_samples=49]
      Epoch 9 train:  45%|████▌     | 9/20 [01:21<01:15,  6.90s/it, avg_loss=0.1196, num_batches=50/60, num_samples=50]
      Epoch 9 train:  45%|████▌     | 9/20 [01:21<01:15,  6.90s/it, avg_loss=0.1173, num_batches=51/60, num_samples=51]
      Epoch 9 train:  45%|████▌     | 9/20 [01:21<01:15,  6.90s/it, avg_loss=0.1183, num_batches=52/60, num_samples=52]
      Epoch 9 train:  45%|████▌     | 9/20 [01:21<01:15,  6.90s/it, avg_loss=0.1162, num_batches=53/60, num_samples=53]
      Epoch 9 train:  45%|████▌     | 9/20 [01:21<01:15,  6.90s/it, avg_loss=0.1145, num_batches=54/60, num_samples=54]
      Epoch 9 train:  45%|████▌     | 9/20 [01:21<01:15,  6.90s/it, avg_loss=0.1127, num_batches=55/60, num_samples=55]
      Epoch 9 train:  45%|████▌     | 9/20 [01:21<01:15,  6.90s/it, avg_loss=0.1108, num_batches=56/60, num_samples=56]
      Epoch 9 train:  45%|████▌     | 9/20 [01:21<01:15,  6.90s/it, avg_loss=0.1093, num_batches=57/60, num_samples=57]
      Epoch 9 train:  45%|████▌     | 9/20 [01:21<01:15,  6.90s/it, avg_loss=0.1075, num_batches=58/60, num_samples=58]
      Epoch 9 train:  45%|████▌     | 9/20 [01:21<01:15,  6.90s/it, avg_loss=0.1058, num_batches=59/60, num_samples=59]
      Epoch 9 train:  45%|████▌     | 9/20 [01:21<01:15,  6.90s/it, avg_loss=0.1048, num_batches=60/60, num_samples=60]
      Epoch 9 val:  45%|████▌     | 9/20 [01:21<01:15,  6.90s/it, avg_loss=0.1048, num_batches=60/60, num_samples=60]  
      Epoch 9 val:  45%|████▌     | 9/20 [01:22<01:15,  6.90s/it, avg_loss=0.0861, num_batches=1/15, num_samples=1]  
      Epoch 9 val:  45%|████▌     | 9/20 [01:22<01:15,  6.90s/it, avg_loss=0.1673, num_batches=2/15, num_samples=2]
      Epoch 9 val:  45%|████▌     | 9/20 [01:22<01:15,  6.90s/it, avg_loss=0.1411, num_batches=3/15, num_samples=3]
      Epoch 9 val:  45%|████▌     | 9/20 [01:22<01:15,  6.90s/it, avg_loss=0.4804, num_batches=4/15, num_samples=4]
      Epoch 9 val:  45%|████▌     | 9/20 [01:22<01:15,  6.90s/it, avg_loss=1.2459, num_batches=5/15, num_samples=5]
      Epoch 9 val:  45%|████▌     | 9/20 [01:22<01:15,  6.90s/it, avg_loss=1.6833, num_batches=6/15, num_samples=6]
      Epoch 9 val:  45%|████▌     | 9/20 [01:22<01:15,  6.90s/it, avg_loss=1.4764, num_batches=7/15, num_samples=7]
      Epoch 9 val:  45%|████▌     | 9/20 [01:22<01:15,  6.90s/it, avg_loss=1.6726, num_batches=8/15, num_samples=8]
      Epoch 9 val:  45%|████▌     | 9/20 [01:22<01:15,  6.90s/it, avg_loss=1.9609, num_batches=9/15, num_samples=9]
      Epoch 9 val:  45%|████▌     | 9/20 [01:22<01:15,  6.90s/it, avg_loss=2.4480, num_batches=10/15, num_samples=10]
      Epoch 9 val:  45%|████▌     | 9/20 [01:22<01:15,  6.90s/it, avg_loss=2.4145, num_batches=11/15, num_samples=11]
      Epoch 9 val:  45%|████▌     | 9/20 [01:22<01:15,  6.90s/it, avg_loss=2.5017, num_batches=12/15, num_samples=12]
      Epoch 9 val:  45%|████▌     | 9/20 [01:22<01:15,  6.90s/it, avg_loss=2.3186, num_batches=13/15, num_samples=13]
      Epoch 9 val:  45%|████▌     | 9/20 [01:22<01:15,  6.90s/it, avg_loss=2.1532, num_batches=14/15, num_samples=14]
      Epoch 9 val:  45%|████▌     | 9/20 [01:22<01:15,  6.90s/it, avg_loss=2.0328, num_batches=15/15, num_samples=15]
      Epoch 9 val:  50%|█████     | 10/20 [01:22<01:03,  6.31s/it, avg_loss=2.0328, num_batches=15/15, num_samples=15]
      Epoch 10 train:  50%|█████     | 10/20 [01:22<01:03,  6.31s/it, avg_loss=2.0328, num_batches=15/15, num_samples=15]
      Epoch 10 train:  50%|█████     | 10/20 [01:22<01:03,  6.31s/it, avg_loss=0.0220, num_batches=1/60, num_samples=1]  
      Epoch 10 train:  50%|█████     | 10/20 [01:22<01:03,  6.31s/it, avg_loss=0.0120, num_batches=2/60, num_samples=2]
      Epoch 10 train:  50%|█████     | 10/20 [01:22<01:03,  6.31s/it, avg_loss=0.0109, num_batches=3/60, num_samples=3]
      Epoch 10 train:  50%|█████     | 10/20 [01:22<01:03,  6.31s/it, avg_loss=0.0097, num_batches=4/60, num_samples=4]
      Epoch 10 train:  50%|█████     | 10/20 [01:22<01:03,  6.31s/it, avg_loss=0.0330, num_batches=5/60, num_samples=5]
      Epoch 10 train:  50%|█████     | 10/20 [01:22<01:03,  6.31s/it, avg_loss=0.0282, num_batches=6/60, num_samples=6]
      Epoch 10 train:  50%|█████     | 10/20 [01:23<01:03,  6.31s/it, avg_loss=0.0332, num_batches=7/60, num_samples=7]
      Epoch 10 train:  50%|█████     | 10/20 [01:23<01:03,  6.31s/it, avg_loss=0.0307, num_batches=8/60, num_samples=8]
      Epoch 10 train:  50%|█████     | 10/20 [01:23<01:03,  6.31s/it, avg_loss=0.0279, num_batches=9/60, num_samples=9]
      Epoch 10 train:  50%|█████     | 10/20 [01:23<01:03,  6.31s/it, avg_loss=0.0264, num_batches=10/60, num_samples=10]
      Epoch 10 train:  50%|█████     | 10/20 [01:23<01:03,  6.31s/it, avg_loss=0.0242, num_batches=11/60, num_samples=11]
      Epoch 10 train:  50%|█████     | 10/20 [01:23<01:03,  6.31s/it, avg_loss=0.0228, num_batches=12/60, num_samples=12]
      Epoch 10 train:  50%|█████     | 10/20 [01:23<01:03,  6.31s/it, avg_loss=0.0214, num_batches=13/60, num_samples=13]
      Epoch 10 train:  50%|█████     | 10/20 [01:23<01:03,  6.31s/it, avg_loss=0.0204, num_batches=14/60, num_samples=14]
      Epoch 10 train:  50%|█████     | 10/20 [01:23<01:03,  6.31s/it, avg_loss=0.0203, num_batches=15/60, num_samples=15]
      Epoch 10 train:  50%|█████     | 10/20 [01:23<01:03,  6.31s/it, avg_loss=0.0205, num_batches=16/60, num_samples=16]
      Epoch 10 train:  50%|█████     | 10/20 [01:23<01:03,  6.31s/it, avg_loss=0.0201, num_batches=17/60, num_samples=17]
      Epoch 10 train:  50%|█████     | 10/20 [01:23<01:03,  6.31s/it, avg_loss=0.0194, num_batches=18/60, num_samples=18]
      Epoch 10 train:  50%|█████     | 10/20 [01:23<01:03,  6.31s/it, avg_loss=0.0184, num_batches=19/60, num_samples=19]
      Epoch 10 train:  50%|█████     | 10/20 [01:23<01:03,  6.31s/it, avg_loss=0.0192, num_batches=20/60, num_samples=20]
      Epoch 10 train:  50%|█████     | 10/20 [01:23<01:03,  6.31s/it, avg_loss=0.0189, num_batches=21/60, num_samples=21]
      Epoch 10 train:  50%|█████     | 10/20 [01:23<01:03,  6.31s/it, avg_loss=0.0187, num_batches=22/60, num_samples=22]
      Epoch 10 train:  50%|█████     | 10/20 [01:23<01:03,  6.31s/it, avg_loss=0.0190, num_batches=23/60, num_samples=23]
      Epoch 10 train:  50%|█████     | 10/20 [01:23<01:03,  6.31s/it, avg_loss=0.0185, num_batches=24/60, num_samples=24]
      Epoch 10 train:  50%|█████     | 10/20 [01:24<01:03,  6.31s/it, avg_loss=0.0180, num_batches=25/60, num_samples=25]
      Epoch 10 train:  50%|█████     | 10/20 [01:24<01:03,  6.31s/it, avg_loss=0.0188, num_batches=26/60, num_samples=26]
      Epoch 10 train:  50%|█████     | 10/20 [01:24<01:03,  6.31s/it, avg_loss=0.0182, num_batches=27/60, num_samples=27]
      Epoch 10 train:  50%|█████     | 10/20 [01:24<01:03,  6.31s/it, avg_loss=0.0180, num_batches=28/60, num_samples=28]
      Epoch 10 train:  50%|█████     | 10/20 [01:24<01:03,  6.31s/it, avg_loss=0.0178, num_batches=29/60, num_samples=29]
      Epoch 10 train:  50%|█████     | 10/20 [01:24<01:03,  6.31s/it, avg_loss=0.0193, num_batches=30/60, num_samples=30]
      Epoch 10 train:  50%|█████     | 10/20 [01:24<01:03,  6.31s/it, avg_loss=0.0190, num_batches=31/60, num_samples=31]
      Epoch 10 train:  50%|█████     | 10/20 [01:24<01:03,  6.31s/it, avg_loss=0.0191, num_batches=32/60, num_samples=32]
      Epoch 10 train:  50%|█████     | 10/20 [01:24<01:03,  6.31s/it, avg_loss=0.0190, num_batches=33/60, num_samples=33]
      Epoch 10 train:  50%|█████     | 10/20 [01:24<01:03,  6.31s/it, avg_loss=0.0184, num_batches=34/60, num_samples=34]
      Epoch 10 train:  50%|█████     | 10/20 [01:24<01:03,  6.31s/it, avg_loss=0.0181, num_batches=35/60, num_samples=35]
      Epoch 10 train:  50%|█████     | 10/20 [01:24<01:03,  6.31s/it, avg_loss=0.0220, num_batches=36/60, num_samples=36]
      Epoch 10 train:  50%|█████     | 10/20 [01:24<01:03,  6.31s/it, avg_loss=0.0216, num_batches=37/60, num_samples=37]
      Epoch 10 train:  50%|█████     | 10/20 [01:24<01:03,  6.31s/it, avg_loss=0.0213, num_batches=38/60, num_samples=38]
      Epoch 10 train:  50%|█████     | 10/20 [01:24<01:03,  6.31s/it, avg_loss=0.0225, num_batches=39/60, num_samples=39]
      Epoch 10 train:  50%|█████     | 10/20 [01:24<01:03,  6.31s/it, avg_loss=0.0298, num_batches=40/60, num_samples=40]
      Epoch 10 train:  50%|█████     | 10/20 [01:24<01:03,  6.31s/it, avg_loss=0.0291, num_batches=41/60, num_samples=41]
      Epoch 10 train:  50%|█████     | 10/20 [01:24<01:03,  6.31s/it, avg_loss=0.0287, num_batches=42/60, num_samples=42]
      Epoch 10 train:  50%|█████     | 10/20 [01:24<01:03,  6.31s/it, avg_loss=0.0284, num_batches=43/60, num_samples=43]
      Epoch 10 train:  50%|█████     | 10/20 [01:25<01:03,  6.31s/it, avg_loss=0.0279, num_batches=44/60, num_samples=44]
      Epoch 10 train:  50%|█████     | 10/20 [01:25<01:03,  6.31s/it, avg_loss=0.0273, num_batches=45/60, num_samples=45]
      Epoch 10 train:  50%|█████     | 10/20 [01:25<01:03,  6.31s/it, avg_loss=0.0272, num_batches=46/60, num_samples=46]
      Epoch 10 train:  50%|█████     | 10/20 [01:25<01:03,  6.31s/it, avg_loss=0.0267, num_batches=47/60, num_samples=47]
      Epoch 10 train:  50%|█████     | 10/20 [01:25<01:03,  6.31s/it, avg_loss=0.0261, num_batches=48/60, num_samples=48]
      Epoch 10 train:  50%|█████     | 10/20 [01:25<01:03,  6.31s/it, avg_loss=0.0261, num_batches=49/60, num_samples=49]
      Epoch 10 train:  50%|█████     | 10/20 [01:25<01:03,  6.31s/it, avg_loss=0.0257, num_batches=50/60, num_samples=50]
      Epoch 10 train:  50%|█████     | 10/20 [01:25<01:03,  6.31s/it, avg_loss=0.0253, num_batches=51/60, num_samples=51]
      Epoch 10 train:  50%|█████     | 10/20 [01:25<01:03,  6.31s/it, avg_loss=0.0249, num_batches=52/60, num_samples=52]
      Epoch 10 train:  50%|█████     | 10/20 [01:25<01:03,  6.31s/it, avg_loss=0.0252, num_batches=53/60, num_samples=53]
      Epoch 10 train:  50%|█████     | 10/20 [01:25<01:03,  6.31s/it, avg_loss=0.0248, num_batches=54/60, num_samples=54]
      Epoch 10 train:  50%|█████     | 10/20 [01:25<01:03,  6.31s/it, avg_loss=0.0247, num_batches=55/60, num_samples=55]
      Epoch 10 train:  50%|█████     | 10/20 [01:25<01:03,  6.31s/it, avg_loss=0.0243, num_batches=56/60, num_samples=56]
      Epoch 10 train:  50%|█████     | 10/20 [01:25<01:03,  6.31s/it, avg_loss=0.0241, num_batches=57/60, num_samples=57]
      Epoch 10 train:  50%|█████     | 10/20 [01:25<01:03,  6.31s/it, avg_loss=0.0238, num_batches=58/60, num_samples=58]
      Epoch 10 train:  50%|█████     | 10/20 [01:25<01:03,  6.31s/it, avg_loss=0.0235, num_batches=59/60, num_samples=59]
      Epoch 10 train:  50%|█████     | 10/20 [01:25<01:03,  6.31s/it, avg_loss=0.0231, num_batches=60/60, num_samples=60]
      Epoch 10 val:  50%|█████     | 10/20 [01:25<01:03,  6.31s/it, avg_loss=0.0231, num_batches=60/60, num_samples=60]  
      Epoch 10 val:  50%|█████     | 10/20 [01:26<01:03,  6.31s/it, avg_loss=0.2279, num_batches=1/15, num_samples=1]  
      Epoch 10 val:  50%|█████     | 10/20 [01:26<01:03,  6.31s/it, avg_loss=0.1313, num_batches=2/15, num_samples=2]
      Epoch 10 val:  50%|█████     | 10/20 [01:26<01:03,  6.31s/it, avg_loss=1.4631, num_batches=3/15, num_samples=3]
      Epoch 10 val:  50%|█████     | 10/20 [01:26<01:03,  6.31s/it, avg_loss=1.9567, num_batches=4/15, num_samples=4]
      Epoch 10 val:  50%|█████     | 10/20 [01:26<01:03,  6.31s/it, avg_loss=1.5696, num_batches=5/15, num_samples=5]
      Epoch 10 val:  50%|█████     | 10/20 [01:26<01:03,  6.31s/it, avg_loss=1.9979, num_batches=6/15, num_samples=6]
      Epoch 10 val:  50%|█████     | 10/20 [01:26<01:03,  6.31s/it, avg_loss=1.8180, num_batches=7/15, num_samples=7]
      Epoch 10 val:  50%|█████     | 10/20 [01:26<01:03,  6.31s/it, avg_loss=1.9556, num_batches=8/15, num_samples=8]
      Epoch 10 val:  50%|█████     | 10/20 [01:26<01:03,  6.31s/it, avg_loss=2.1542, num_batches=9/15, num_samples=9]
      Epoch 10 val:  50%|█████     | 10/20 [01:26<01:03,  6.31s/it, avg_loss=1.9726, num_batches=10/15, num_samples=10]
      Epoch 10 val:  50%|█████     | 10/20 [01:26<01:03,  6.31s/it, avg_loss=2.5141, num_batches=11/15, num_samples=11]
      Epoch 10 val:  50%|█████     | 10/20 [01:26<01:03,  6.31s/it, avg_loss=2.5474, num_batches=12/15, num_samples=12]
      Epoch 10 val:  50%|█████     | 10/20 [01:26<01:03,  6.31s/it, avg_loss=2.5686, num_batches=13/15, num_samples=13]
      Epoch 10 val:  50%|█████     | 10/20 [01:26<01:03,  6.31s/it, avg_loss=2.3852, num_batches=14/15, num_samples=14]
      Epoch 10 val:  50%|█████     | 10/20 [01:26<01:03,  6.31s/it, avg_loss=2.5848, num_batches=15/15, num_samples=15]
      Epoch 10 val:  55%|█████▌    | 11/20 [01:26<00:50,  5.65s/it, avg_loss=2.5848, num_batches=15/15, num_samples=15]
      Epoch 11 train:  55%|█████▌    | 11/20 [01:26<00:50,  5.65s/it, avg_loss=2.5848, num_batches=15/15, num_samples=15]
      Epoch 11 train:  55%|█████▌    | 11/20 [01:27<00:50,  5.65s/it, avg_loss=0.0023, num_batches=1/60, num_samples=1]  
      Epoch 11 train:  55%|█████▌    | 11/20 [01:27<00:50,  5.65s/it, avg_loss=0.0026, num_batches=2/60, num_samples=2]
      Epoch 11 train:  55%|█████▌    | 11/20 [01:27<00:50,  5.65s/it, avg_loss=0.0045, num_batches=3/60, num_samples=3]
      Epoch 11 train:  55%|█████▌    | 11/20 [01:27<00:50,  5.65s/it, avg_loss=0.0040, num_batches=4/60, num_samples=4]
      Epoch 11 train:  55%|█████▌    | 11/20 [01:27<00:50,  5.65s/it, avg_loss=0.0042, num_batches=5/60, num_samples=5]
      Epoch 11 train:  55%|█████▌    | 11/20 [01:27<00:50,  5.65s/it, avg_loss=0.0064, num_batches=6/60, num_samples=6]
      Epoch 11 train:  55%|█████▌    | 11/20 [01:27<00:50,  5.65s/it, avg_loss=0.0060, num_batches=7/60, num_samples=7]
      Epoch 11 train:  55%|█████▌    | 11/20 [01:27<00:50,  5.65s/it, avg_loss=0.0062, num_batches=8/60, num_samples=8]
      Epoch 11 train:  55%|█████▌    | 11/20 [01:27<00:50,  5.65s/it, avg_loss=0.0067, num_batches=9/60, num_samples=9]
      Epoch 11 train:  55%|█████▌    | 11/20 [01:27<00:50,  5.65s/it, avg_loss=0.0063, num_batches=10/60, num_samples=10]
      Epoch 11 train:  55%|█████▌    | 11/20 [01:27<00:50,  5.65s/it, avg_loss=0.0068, num_batches=11/60, num_samples=11]
      Epoch 11 train:  55%|█████▌    | 11/20 [01:27<00:50,  5.65s/it, avg_loss=0.0087, num_batches=12/60, num_samples=12]
      Epoch 11 train:  55%|█████▌    | 11/20 [01:27<00:50,  5.65s/it, avg_loss=0.0090, num_batches=13/60, num_samples=13]
      Epoch 11 train:  55%|█████▌    | 11/20 [01:28<00:50,  5.65s/it, avg_loss=0.0085, num_batches=14/60, num_samples=14]
      Epoch 11 train:  55%|█████▌    | 11/20 [01:28<00:50,  5.65s/it, avg_loss=0.0090, num_batches=15/60, num_samples=15]
      Epoch 11 train:  55%|█████▌    | 11/20 [01:28<00:50,  5.65s/it, avg_loss=0.0095, num_batches=16/60, num_samples=16]
      Epoch 11 train:  55%|█████▌    | 11/20 [01:28<00:50,  5.65s/it, avg_loss=0.0090, num_batches=17/60, num_samples=17]
      Epoch 11 train:  55%|█████▌    | 11/20 [01:28<00:50,  5.65s/it, avg_loss=0.0093, num_batches=18/60, num_samples=18]
      Epoch 11 train:  55%|█████▌    | 11/20 [01:28<00:50,  5.65s/it, avg_loss=0.0090, num_batches=19/60, num_samples=19]
      Epoch 11 train:  55%|█████▌    | 11/20 [01:28<00:50,  5.65s/it, avg_loss=0.0088, num_batches=20/60, num_samples=20]
      Epoch 11 train:  55%|█████▌    | 11/20 [01:28<00:50,  5.65s/it, avg_loss=0.0122, num_batches=21/60, num_samples=21]
      Epoch 11 train:  55%|█████▌    | 11/20 [01:28<00:50,  5.65s/it, avg_loss=0.0117, num_batches=22/60, num_samples=22]
      Epoch 11 train:  55%|█████▌    | 11/20 [01:28<00:50,  5.65s/it, avg_loss=0.0114, num_batches=23/60, num_samples=23]
      Epoch 11 train:  55%|█████▌    | 11/20 [01:28<00:50,  5.65s/it, avg_loss=0.0112, num_batches=24/60, num_samples=24]
      Epoch 11 train:  55%|█████▌    | 11/20 [01:29<00:50,  5.65s/it, avg_loss=0.0109, num_batches=25/60, num_samples=25]
      Epoch 11 train:  55%|█████▌    | 11/20 [01:29<00:50,  5.65s/it, avg_loss=0.0106, num_batches=26/60, num_samples=26]
      Epoch 11 train:  55%|█████▌    | 11/20 [01:29<00:50,  5.65s/it, avg_loss=0.0105, num_batches=27/60, num_samples=27]
      Epoch 11 train:  55%|█████▌    | 11/20 [01:29<00:50,  5.65s/it, avg_loss=0.0102, num_batches=28/60, num_samples=28]
      Epoch 11 train:  55%|█████▌    | 11/20 [01:29<00:50,  5.65s/it, avg_loss=0.0099, num_batches=29/60, num_samples=29]
      Epoch 11 train:  55%|█████▌    | 11/20 [01:29<00:50,  5.65s/it, avg_loss=0.0097, num_batches=30/60, num_samples=30]
      Epoch 11 train:  55%|█████▌    | 11/20 [01:29<00:50,  5.65s/it, avg_loss=0.0131, num_batches=31/60, num_samples=31]
      Epoch 11 train:  55%|█████▌    | 11/20 [01:29<00:50,  5.65s/it, avg_loss=0.0127, num_batches=32/60, num_samples=32]
      Epoch 11 train:  55%|█████▌    | 11/20 [01:29<00:50,  5.65s/it, avg_loss=0.0124, num_batches=33/60, num_samples=33]
      Epoch 11 train:  55%|█████▌    | 11/20 [01:29<00:50,  5.65s/it, avg_loss=0.0120, num_batches=34/60, num_samples=34]
      Epoch 11 train:  55%|█████▌    | 11/20 [01:30<00:50,  5.65s/it, avg_loss=0.0120, num_batches=35/60, num_samples=35]
      Epoch 11 train:  55%|█████▌    | 11/20 [01:30<00:50,  5.65s/it, avg_loss=0.0119, num_batches=36/60, num_samples=36]
      Epoch 11 train:  55%|█████▌    | 11/20 [01:30<00:50,  5.65s/it, avg_loss=0.0116, num_batches=37/60, num_samples=37]
      Epoch 11 train:  55%|█████▌    | 11/20 [01:30<00:50,  5.65s/it, avg_loss=0.0118, num_batches=38/60, num_samples=38]
      Epoch 11 train:  55%|█████▌    | 11/20 [01:30<00:50,  5.65s/it, avg_loss=0.0115, num_batches=39/60, num_samples=39]
      Epoch 11 train:  55%|█████▌    | 11/20 [01:30<00:50,  5.65s/it, avg_loss=0.0114, num_batches=40/60, num_samples=40]
      Epoch 11 train:  55%|█████▌    | 11/20 [01:30<00:50,  5.65s/it, avg_loss=0.0114, num_batches=41/60, num_samples=41]
      Epoch 11 train:  55%|█████▌    | 11/20 [01:30<00:50,  5.65s/it, avg_loss=0.0111, num_batches=42/60, num_samples=42]
      Epoch 11 train:  55%|█████▌    | 11/20 [01:30<00:50,  5.65s/it, avg_loss=0.0112, num_batches=43/60, num_samples=43]
      Epoch 11 train:  55%|█████▌    | 11/20 [01:30<00:50,  5.65s/it, avg_loss=0.0110, num_batches=44/60, num_samples=44]
      Epoch 11 train:  55%|█████▌    | 11/20 [01:30<00:50,  5.65s/it, avg_loss=0.0108, num_batches=45/60, num_samples=45]
      Epoch 11 train:  55%|█████▌    | 11/20 [01:31<00:50,  5.65s/it, avg_loss=0.0107, num_batches=46/60, num_samples=46]
      Epoch 11 train:  55%|█████▌    | 11/20 [01:31<00:50,  5.65s/it, avg_loss=0.0109, num_batches=47/60, num_samples=47]
      Epoch 11 train:  55%|█████▌    | 11/20 [01:31<00:50,  5.65s/it, avg_loss=0.0107, num_batches=48/60, num_samples=48]
      Epoch 11 train:  55%|█████▌    | 11/20 [01:31<00:50,  5.65s/it, avg_loss=0.0115, num_batches=49/60, num_samples=49]
      Epoch 11 train:  55%|█████▌    | 11/20 [01:31<00:50,  5.65s/it, avg_loss=0.0115, num_batches=50/60, num_samples=50]
      Epoch 11 train:  55%|█████▌    | 11/20 [01:31<00:50,  5.65s/it, avg_loss=0.0115, num_batches=51/60, num_samples=51]
      Epoch 11 train:  55%|█████▌    | 11/20 [01:31<00:50,  5.65s/it, avg_loss=0.0116, num_batches=52/60, num_samples=52]
      Epoch 11 train:  55%|█████▌    | 11/20 [01:31<00:50,  5.65s/it, avg_loss=0.0118, num_batches=53/60, num_samples=53]
      Epoch 11 train:  55%|█████▌    | 11/20 [01:31<00:50,  5.65s/it, avg_loss=0.0116, num_batches=54/60, num_samples=54]
      Epoch 11 train:  55%|█████▌    | 11/20 [01:31<00:50,  5.65s/it, avg_loss=0.0116, num_batches=55/60, num_samples=55]
      Epoch 11 train:  55%|█████▌    | 11/20 [01:32<00:50,  5.65s/it, avg_loss=0.0118, num_batches=56/60, num_samples=56]
      Epoch 11 train:  55%|█████▌    | 11/20 [01:32<00:50,  5.65s/it, avg_loss=0.0117, num_batches=57/60, num_samples=57]
      Epoch 11 train:  55%|█████▌    | 11/20 [01:32<00:50,  5.65s/it, avg_loss=0.0115, num_batches=58/60, num_samples=58]
      Epoch 11 train:  55%|█████▌    | 11/20 [01:32<00:50,  5.65s/it, avg_loss=0.0115, num_batches=59/60, num_samples=59]
      Epoch 11 train:  55%|█████▌    | 11/20 [01:32<00:50,  5.65s/it, avg_loss=0.0117, num_batches=60/60, num_samples=60]
      Epoch 11 val:  55%|█████▌    | 11/20 [01:32<00:50,  5.65s/it, avg_loss=0.0117, num_batches=60/60, num_samples=60]  
      Epoch 11 val:  55%|█████▌    | 11/20 [01:32<00:50,  5.65s/it, avg_loss=0.0006, num_batches=1/15, num_samples=1]  
      Epoch 11 val:  55%|█████▌    | 11/20 [01:32<00:50,  5.65s/it, avg_loss=0.0640, num_batches=2/15, num_samples=2]
      Epoch 11 val:  55%|█████▌    | 11/20 [01:32<00:50,  5.65s/it, avg_loss=2.6740, num_batches=3/15, num_samples=3]
      Epoch 11 val:  55%|█████▌    | 11/20 [01:32<00:50,  5.65s/it, avg_loss=2.8177, num_batches=4/15, num_samples=4]
      Epoch 11 val:  55%|█████▌    | 11/20 [01:32<00:50,  5.65s/it, avg_loss=2.2900, num_batches=5/15, num_samples=5]
      Epoch 11 val:  55%|█████▌    | 11/20 [01:32<00:50,  5.65s/it, avg_loss=1.9158, num_batches=6/15, num_samples=6]
      Epoch 11 val:  55%|█████▌    | 11/20 [01:32<00:50,  5.65s/it, avg_loss=2.3207, num_batches=7/15, num_samples=7]
      Epoch 11 val:  55%|█████▌    | 11/20 [01:32<00:50,  5.65s/it, avg_loss=2.5589, num_batches=8/15, num_samples=8]
      Epoch 11 val:  55%|█████▌    | 11/20 [01:32<00:50,  5.65s/it, avg_loss=2.5647, num_batches=9/15, num_samples=9]
      Epoch 11 val:  55%|█████▌    | 11/20 [01:33<00:50,  5.65s/it, avg_loss=2.3434, num_batches=10/15, num_samples=10]
      Epoch 11 val:  55%|█████▌    | 11/20 [01:33<00:50,  5.65s/it, avg_loss=2.3266, num_batches=11/15, num_samples=11]
      Epoch 11 val:  55%|█████▌    | 11/20 [01:33<00:50,  5.65s/it, avg_loss=2.1344, num_batches=12/15, num_samples=12]
      Epoch 11 val:  55%|█████▌    | 11/20 [01:33<00:50,  5.65s/it, avg_loss=2.2923, num_batches=13/15, num_samples=13]
      Epoch 11 val:  55%|█████▌    | 11/20 [01:33<00:50,  5.65s/it, avg_loss=2.4192, num_batches=14/15, num_samples=14]
      Epoch 11 val:  55%|█████▌    | 11/20 [01:33<00:50,  5.65s/it, avg_loss=2.5584, num_batches=15/15, num_samples=15]
      Epoch 11 val:  60%|██████    | 12/20 [01:33<00:47,  5.94s/it, avg_loss=2.5584, num_batches=15/15, num_samples=15]
      Epoch 12 train:  60%|██████    | 12/20 [01:33<00:47,  5.94s/it, avg_loss=2.5584, num_batches=15/15, num_samples=15]
      Epoch 12 train:  60%|██████    | 12/20 [01:33<00:47,  5.94s/it, avg_loss=0.0011, num_batches=1/60, num_samples=1]  
      Epoch 12 train:  60%|██████    | 12/20 [01:33<00:47,  5.94s/it, avg_loss=0.0010, num_batches=2/60, num_samples=2]
      Epoch 12 train:  60%|██████    | 12/20 [01:33<00:47,  5.94s/it, avg_loss=0.0022, num_batches=3/60, num_samples=3]
      Epoch 12 train:  60%|██████    | 12/20 [01:33<00:47,  5.94s/it, avg_loss=0.0034, num_batches=4/60, num_samples=4]
      Epoch 12 train:  60%|██████    | 12/20 [01:34<00:47,  5.94s/it, avg_loss=0.0040, num_batches=5/60, num_samples=5]
      Epoch 12 train:  60%|██████    | 12/20 [01:34<00:47,  5.94s/it, avg_loss=0.0053, num_batches=6/60, num_samples=6]
      Epoch 12 train:  60%|██████    | 12/20 [01:34<00:47,  5.94s/it, avg_loss=0.0048, num_batches=7/60, num_samples=7]
      Epoch 12 train:  60%|██████    | 12/20 [01:34<00:47,  5.94s/it, avg_loss=0.0148, num_batches=8/60, num_samples=8]
      Epoch 12 train:  60%|██████    | 12/20 [01:34<00:47,  5.94s/it, avg_loss=0.0135, num_batches=9/60, num_samples=9]
      Epoch 12 train:  60%|██████    | 12/20 [01:34<00:47,  5.94s/it, avg_loss=0.0131, num_batches=10/60, num_samples=10]
      Epoch 12 train:  60%|██████    | 12/20 [01:34<00:47,  5.94s/it, avg_loss=0.0119, num_batches=11/60, num_samples=11]
      Epoch 12 train:  60%|██████    | 12/20 [01:34<00:47,  5.94s/it, avg_loss=0.0128, num_batches=12/60, num_samples=12]
      Epoch 12 train:  60%|██████    | 12/20 [01:34<00:47,  5.94s/it, avg_loss=0.0122, num_batches=13/60, num_samples=13]
      Epoch 12 train:  60%|██████    | 12/20 [01:34<00:47,  5.94s/it, avg_loss=0.0113, num_batches=14/60, num_samples=14]
      Epoch 12 train:  60%|██████    | 12/20 [01:34<00:47,  5.94s/it, avg_loss=0.0109, num_batches=15/60, num_samples=15]
      Epoch 12 train:  60%|██████    | 12/20 [01:35<00:47,  5.94s/it, avg_loss=0.0106, num_batches=16/60, num_samples=16]
      Epoch 12 train:  60%|██████    | 12/20 [01:35<00:47,  5.94s/it, avg_loss=0.0103, num_batches=17/60, num_samples=17]
      Epoch 12 train:  60%|██████    | 12/20 [01:35<00:47,  5.94s/it, avg_loss=0.0098, num_batches=18/60, num_samples=18]
      Epoch 12 train:  60%|██████    | 12/20 [01:35<00:47,  5.94s/it, avg_loss=0.0094, num_batches=19/60, num_samples=19]
      Epoch 12 train:  60%|██████    | 12/20 [01:35<00:47,  5.94s/it, avg_loss=0.0093, num_batches=20/60, num_samples=20]
      Epoch 12 train:  60%|██████    | 12/20 [01:35<00:47,  5.94s/it, avg_loss=0.0091, num_batches=21/60, num_samples=21]
      Epoch 12 train:  60%|██████    | 12/20 [01:35<00:47,  5.94s/it, avg_loss=0.0091, num_batches=22/60, num_samples=22]
      Epoch 12 train:  60%|██████    | 12/20 [01:35<00:47,  5.94s/it, avg_loss=0.0098, num_batches=23/60, num_samples=23]
      Epoch 12 train:  60%|██████    | 12/20 [01:35<00:47,  5.94s/it, avg_loss=0.0096, num_batches=24/60, num_samples=24]
      Epoch 12 train:  60%|██████    | 12/20 [01:35<00:47,  5.94s/it, avg_loss=0.0094, num_batches=25/60, num_samples=25]
      Epoch 12 train:  60%|██████    | 12/20 [01:35<00:47,  5.94s/it, avg_loss=0.0094, num_batches=26/60, num_samples=26]
      Epoch 12 train:  60%|██████    | 12/20 [01:35<00:47,  5.94s/it, avg_loss=0.0091, num_batches=27/60, num_samples=27]
      Epoch 12 train:  60%|██████    | 12/20 [01:35<00:47,  5.94s/it, avg_loss=0.0089, num_batches=28/60, num_samples=28]
      Epoch 12 train:  60%|██████    | 12/20 [01:36<00:47,  5.94s/it, avg_loss=0.0090, num_batches=29/60, num_samples=29]
      Epoch 12 train:  60%|██████    | 12/20 [01:36<00:47,  5.94s/it, avg_loss=0.0087, num_batches=30/60, num_samples=30]
      Epoch 12 train:  60%|██████    | 12/20 [01:36<00:47,  5.94s/it, avg_loss=0.0085, num_batches=31/60, num_samples=31]
      Epoch 12 train:  60%|██████    | 12/20 [01:36<00:47,  5.94s/it, avg_loss=0.0086, num_batches=32/60, num_samples=32]
      Epoch 12 train:  60%|██████    | 12/20 [01:36<00:47,  5.94s/it, avg_loss=0.0086, num_batches=33/60, num_samples=33]
      Epoch 12 train:  60%|██████    | 12/20 [01:36<00:47,  5.94s/it, avg_loss=0.0083, num_batches=34/60, num_samples=34]
      Epoch 12 train:  60%|██████    | 12/20 [01:36<00:47,  5.94s/it, avg_loss=0.0084, num_batches=35/60, num_samples=35]
      Epoch 12 train:  60%|██████    | 12/20 [01:36<00:47,  5.94s/it, avg_loss=0.0084, num_batches=36/60, num_samples=36]
      Epoch 12 train:  60%|██████    | 12/20 [01:36<00:47,  5.94s/it, avg_loss=0.0084, num_batches=37/60, num_samples=37]
      Epoch 12 train:  60%|██████    | 12/20 [01:36<00:47,  5.94s/it, avg_loss=0.0082, num_batches=38/60, num_samples=38]
      Epoch 12 train:  60%|██████    | 12/20 [01:36<00:47,  5.94s/it, avg_loss=0.0080, num_batches=39/60, num_samples=39]
      Epoch 12 train:  60%|██████    | 12/20 [01:36<00:47,  5.94s/it, avg_loss=0.0078, num_batches=40/60, num_samples=40]
      Epoch 12 train:  60%|██████    | 12/20 [01:37<00:47,  5.94s/it, avg_loss=0.0077, num_batches=41/60, num_samples=41]
      Epoch 12 train:  60%|██████    | 12/20 [01:37<00:47,  5.94s/it, avg_loss=0.0076, num_batches=42/60, num_samples=42]
      Epoch 12 train:  60%|██████    | 12/20 [01:37<00:47,  5.94s/it, avg_loss=0.0075, num_batches=43/60, num_samples=43]
      Epoch 12 train:  60%|██████    | 12/20 [01:37<00:47,  5.94s/it, avg_loss=0.0076, num_batches=44/60, num_samples=44]
      Epoch 12 train:  60%|██████    | 12/20 [01:37<00:47,  5.94s/it, avg_loss=0.0075, num_batches=45/60, num_samples=45]
      Epoch 12 train:  60%|██████    | 12/20 [01:37<00:47,  5.94s/it, avg_loss=0.0074, num_batches=46/60, num_samples=46]
      Epoch 12 train:  60%|██████    | 12/20 [01:37<00:47,  5.94s/it, avg_loss=0.0072, num_batches=47/60, num_samples=47]
      Epoch 12 train:  60%|██████    | 12/20 [01:37<00:47,  5.94s/it, avg_loss=0.0071, num_batches=48/60, num_samples=48]
      Epoch 12 train:  60%|██████    | 12/20 [01:37<00:47,  5.94s/it, avg_loss=0.0073, num_batches=49/60, num_samples=49]
      Epoch 12 train:  60%|██████    | 12/20 [01:38<00:47,  5.94s/it, avg_loss=0.0073, num_batches=50/60, num_samples=50]
      Epoch 12 train:  60%|██████    | 12/20 [01:38<00:47,  5.94s/it, avg_loss=0.0073, num_batches=51/60, num_samples=51]
      Epoch 12 train:  60%|██████    | 12/20 [01:38<00:47,  5.94s/it, avg_loss=0.0072, num_batches=52/60, num_samples=52]
      Epoch 12 train:  60%|██████    | 12/20 [01:38<00:47,  5.94s/it, avg_loss=0.0072, num_batches=53/60, num_samples=53]
      Epoch 12 train:  60%|██████    | 12/20 [01:38<00:47,  5.94s/it, avg_loss=0.0071, num_batches=54/60, num_samples=54]
      Epoch 12 train:  60%|██████    | 12/20 [01:38<00:47,  5.94s/it, avg_loss=0.0070, num_batches=55/60, num_samples=55]
      Epoch 12 train:  60%|██████    | 12/20 [01:38<00:47,  5.94s/it, avg_loss=0.0072, num_batches=56/60, num_samples=56]
      Epoch 12 train:  60%|██████    | 12/20 [01:38<00:47,  5.94s/it, avg_loss=0.0071, num_batches=57/60, num_samples=57]
      Epoch 12 train:  60%|██████    | 12/20 [01:38<00:47,  5.94s/it, avg_loss=0.0071, num_batches=58/60, num_samples=58]
      Epoch 12 train:  60%|██████    | 12/20 [01:38<00:47,  5.94s/it, avg_loss=0.0072, num_batches=59/60, num_samples=59]
      Epoch 12 train:  60%|██████    | 12/20 [01:38<00:47,  5.94s/it, avg_loss=0.0071, num_batches=60/60, num_samples=60]
      Epoch 12 val:  60%|██████    | 12/20 [01:38<00:47,  5.94s/it, avg_loss=0.0071, num_batches=60/60, num_samples=60]  
      Epoch 12 val:  60%|██████    | 12/20 [01:39<00:47,  5.94s/it, avg_loss=4.8152, num_batches=1/15, num_samples=1]  
      Epoch 12 val:  60%|██████    | 12/20 [01:39<00:47,  5.94s/it, avg_loss=4.7361, num_batches=2/15, num_samples=2]
      Epoch 12 val:  60%|██████    | 12/20 [01:39<00:47,  5.94s/it, avg_loss=3.8361, num_batches=3/15, num_samples=3]
      Epoch 12 val:  60%|██████    | 12/20 [01:39<00:47,  5.94s/it, avg_loss=2.9043, num_batches=4/15, num_samples=4]
      Epoch 12 val:  60%|██████    | 12/20 [01:39<00:47,  5.94s/it, avg_loss=2.3236, num_batches=5/15, num_samples=5]
      Epoch 12 val:  60%|██████    | 12/20 [01:39<00:47,  5.94s/it, avg_loss=1.9430, num_batches=6/15, num_samples=6]
      Epoch 12 val:  60%|██████    | 12/20 [01:39<00:47,  5.94s/it, avg_loss=1.6678, num_batches=7/15, num_samples=7]
      Epoch 12 val:  60%|██████    | 12/20 [01:39<00:47,  5.94s/it, avg_loss=1.4766, num_batches=8/15, num_samples=8]
      Epoch 12 val:  60%|██████    | 12/20 [01:39<00:47,  5.94s/it, avg_loss=1.8318, num_batches=9/15, num_samples=9]
      Epoch 12 val:  60%|██████    | 12/20 [01:39<00:47,  5.94s/it, avg_loss=1.6808, num_batches=10/15, num_samples=10]
      Epoch 12 val:  60%|██████    | 12/20 [01:39<00:47,  5.94s/it, avg_loss=1.9243, num_batches=11/15, num_samples=11]
      Epoch 12 val:  60%|██████    | 12/20 [01:39<00:47,  5.94s/it, avg_loss=2.0548, num_batches=12/15, num_samples=12]
      Epoch 12 val:  60%|██████    | 12/20 [01:39<00:47,  5.94s/it, avg_loss=2.5093, num_batches=13/15, num_samples=13]
      Epoch 12 val:  60%|██████    | 12/20 [01:39<00:47,  5.94s/it, avg_loss=2.4701, num_batches=14/15, num_samples=14]
      Epoch 12 val:  60%|██████    | 12/20 [01:39<00:47,  5.94s/it, avg_loss=2.5828, num_batches=15/15, num_samples=15]
      Epoch 12 val:  65%|██████▌   | 13/20 [01:39<00:42,  6.12s/it, avg_loss=2.5828, num_batches=15/15, num_samples=15]
      Epoch 13 train:  65%|██████▌   | 13/20 [01:39<00:42,  6.12s/it, avg_loss=2.5828, num_batches=15/15, num_samples=15]
      Epoch 13 train:  65%|██████▌   | 13/20 [01:40<00:42,  6.12s/it, avg_loss=0.0018, num_batches=1/60, num_samples=1]  
      Epoch 13 train:  65%|██████▌   | 13/20 [01:40<00:42,  6.12s/it, avg_loss=0.0091, num_batches=2/60, num_samples=2]
      Epoch 13 train:  65%|██████▌   | 13/20 [01:40<00:42,  6.12s/it, avg_loss=0.0073, num_batches=3/60, num_samples=3]
      Epoch 13 train:  65%|██████▌   | 13/20 [01:40<00:42,  6.12s/it, avg_loss=0.0223, num_batches=4/60, num_samples=4]
      Epoch 13 train:  65%|██████▌   | 13/20 [01:40<00:42,  6.12s/it, avg_loss=0.0179, num_batches=5/60, num_samples=5]
      Epoch 13 train:  65%|██████▌   | 13/20 [01:40<00:42,  6.12s/it, avg_loss=0.0156, num_batches=6/60, num_samples=6]
      Epoch 13 train:  65%|██████▌   | 13/20 [01:40<00:42,  6.12s/it, avg_loss=0.0145, num_batches=7/60, num_samples=7]
      Epoch 13 train:  65%|██████▌   | 13/20 [01:40<00:42,  6.12s/it, avg_loss=0.0135, num_batches=8/60, num_samples=8]
      Epoch 13 train:  65%|██████▌   | 13/20 [01:40<00:42,  6.12s/it, avg_loss=0.0141, num_batches=9/60, num_samples=9]
      Epoch 13 train:  65%|██████▌   | 13/20 [01:40<00:42,  6.12s/it, avg_loss=0.0129, num_batches=10/60, num_samples=10]
      Epoch 13 train:  65%|██████▌   | 13/20 [01:40<00:42,  6.12s/it, avg_loss=0.0121, num_batches=11/60, num_samples=11]
      Epoch 13 train:  65%|██████▌   | 13/20 [01:40<00:42,  6.12s/it, avg_loss=0.0112, num_batches=12/60, num_samples=12]
      Epoch 13 train:  65%|██████▌   | 13/20 [01:41<00:42,  6.12s/it, avg_loss=0.0105, num_batches=13/60, num_samples=13]
      Epoch 13 train:  65%|██████▌   | 13/20 [01:41<00:42,  6.12s/it, avg_loss=0.0100, num_batches=14/60, num_samples=14]
      Epoch 13 train:  65%|██████▌   | 13/20 [01:41<00:42,  6.12s/it, avg_loss=0.0097, num_batches=15/60, num_samples=15]
      Epoch 13 train:  65%|██████▌   | 13/20 [01:41<00:42,  6.12s/it, avg_loss=0.0095, num_batches=16/60, num_samples=16]
      Epoch 13 train:  65%|██████▌   | 13/20 [01:41<00:42,  6.12s/it, avg_loss=0.0090, num_batches=17/60, num_samples=17]
      Epoch 13 train:  65%|██████▌   | 13/20 [01:41<00:42,  6.12s/it, avg_loss=0.0088, num_batches=18/60, num_samples=18]
      Epoch 13 train:  65%|██████▌   | 13/20 [01:41<00:42,  6.12s/it, avg_loss=0.0086, num_batches=19/60, num_samples=19]
      Epoch 13 train:  65%|██████▌   | 13/20 [01:41<00:42,  6.12s/it, avg_loss=0.0082, num_batches=20/60, num_samples=20]
      Epoch 13 train:  65%|██████▌   | 13/20 [01:41<00:42,  6.12s/it, avg_loss=0.0078, num_batches=21/60, num_samples=21]
      Epoch 13 train:  65%|██████▌   | 13/20 [01:41<00:42,  6.12s/it, avg_loss=0.0076, num_batches=22/60, num_samples=22]
      Epoch 13 train:  65%|██████▌   | 13/20 [01:41<00:42,  6.12s/it, avg_loss=0.0076, num_batches=23/60, num_samples=23]
      Epoch 13 train:  65%|██████▌   | 13/20 [01:41<00:42,  6.12s/it, avg_loss=0.0074, num_batches=24/60, num_samples=24]
      Epoch 13 train:  65%|██████▌   | 13/20 [01:41<00:42,  6.12s/it, avg_loss=0.0072, num_batches=25/60, num_samples=25]
      Epoch 13 train:  65%|██████▌   | 13/20 [01:41<00:42,  6.12s/it, avg_loss=0.0070, num_batches=26/60, num_samples=26]
      Epoch 13 train:  65%|██████▌   | 13/20 [01:41<00:42,  6.12s/it, avg_loss=0.0069, num_batches=27/60, num_samples=27]
      Epoch 13 train:  65%|██████▌   | 13/20 [01:41<00:42,  6.12s/it, avg_loss=0.0069, num_batches=28/60, num_samples=28]
      Epoch 13 train:  65%|██████▌   | 13/20 [01:42<00:42,  6.12s/it, avg_loss=0.0068, num_batches=29/60, num_samples=29]
      Epoch 13 train:  65%|██████▌   | 13/20 [01:42<00:42,  6.12s/it, avg_loss=0.0070, num_batches=30/60, num_samples=30]
      Epoch 13 train:  65%|██████▌   | 13/20 [01:42<00:42,  6.12s/it, avg_loss=0.0068, num_batches=31/60, num_samples=31]
      Epoch 13 train:  65%|██████▌   | 13/20 [01:42<00:42,  6.12s/it, avg_loss=0.0066, num_batches=32/60, num_samples=32]
      Epoch 13 train:  65%|██████▌   | 13/20 [01:42<00:42,  6.12s/it, avg_loss=0.0065, num_batches=33/60, num_samples=33]
      Epoch 13 train:  65%|██████▌   | 13/20 [01:42<00:42,  6.12s/it, avg_loss=0.0065, num_batches=34/60, num_samples=34]
      Epoch 13 train:  65%|██████▌   | 13/20 [01:42<00:42,  6.12s/it, avg_loss=0.0064, num_batches=35/60, num_samples=35]
      Epoch 13 train:  65%|██████▌   | 13/20 [01:42<00:42,  6.12s/it, avg_loss=0.0063, num_batches=36/60, num_samples=36]
      Epoch 13 train:  65%|██████▌   | 13/20 [01:42<00:42,  6.12s/it, avg_loss=0.0061, num_batches=37/60, num_samples=37]
      Epoch 13 train:  65%|██████▌   | 13/20 [01:42<00:42,  6.12s/it, avg_loss=0.0060, num_batches=38/60, num_samples=38]
      Epoch 13 train:  65%|██████▌   | 13/20 [01:42<00:42,  6.12s/it, avg_loss=0.0060, num_batches=39/60, num_samples=39]
      Epoch 13 train:  65%|██████▌   | 13/20 [01:42<00:42,  6.12s/it, avg_loss=0.0059, num_batches=40/60, num_samples=40]
      Epoch 13 train:  65%|██████▌   | 13/20 [01:42<00:42,  6.12s/it, avg_loss=0.0058, num_batches=41/60, num_samples=41]
      Epoch 13 train:  65%|██████▌   | 13/20 [01:42<00:42,  6.12s/it, avg_loss=0.0057, num_batches=42/60, num_samples=42]
      Epoch 13 train:  65%|██████▌   | 13/20 [01:42<00:42,  6.12s/it, avg_loss=0.0058, num_batches=43/60, num_samples=43]
      Epoch 13 train:  65%|██████▌   | 13/20 [01:42<00:42,  6.12s/it, avg_loss=0.0057, num_batches=44/60, num_samples=44]
      Epoch 13 train:  65%|██████▌   | 13/20 [01:42<00:42,  6.12s/it, avg_loss=0.0056, num_batches=45/60, num_samples=45]
      Epoch 13 train:  65%|██████▌   | 13/20 [01:42<00:42,  6.12s/it, avg_loss=0.0056, num_batches=46/60, num_samples=46]
      Epoch 13 train:  65%|██████▌   | 13/20 [01:42<00:42,  6.12s/it, avg_loss=0.0055, num_batches=47/60, num_samples=47]
      Epoch 13 train:  65%|██████▌   | 13/20 [01:43<00:42,  6.12s/it, avg_loss=0.0056, num_batches=48/60, num_samples=48]
      Epoch 13 train:  65%|██████▌   | 13/20 [01:43<00:42,  6.12s/it, avg_loss=0.0057, num_batches=49/60, num_samples=49]
      Epoch 13 train:  65%|██████▌   | 13/20 [01:43<00:42,  6.12s/it, avg_loss=0.0059, num_batches=50/60, num_samples=50]
      Epoch 13 train:  65%|██████▌   | 13/20 [01:43<00:42,  6.12s/it, avg_loss=0.0059, num_batches=51/60, num_samples=51]
      Epoch 13 train:  65%|██████▌   | 13/20 [01:43<00:42,  6.12s/it, avg_loss=0.0059, num_batches=52/60, num_samples=52]
      Epoch 13 train:  65%|██████▌   | 13/20 [01:43<00:42,  6.12s/it, avg_loss=0.0059, num_batches=53/60, num_samples=53]
      Epoch 13 train:  65%|██████▌   | 13/20 [01:43<00:42,  6.12s/it, avg_loss=0.0058, num_batches=54/60, num_samples=54]
      Epoch 13 train:  65%|██████▌   | 13/20 [01:43<00:42,  6.12s/it, avg_loss=0.0057, num_batches=55/60, num_samples=55]
      Epoch 13 train:  65%|██████▌   | 13/20 [01:43<00:42,  6.12s/it, avg_loss=0.0057, num_batches=56/60, num_samples=56]
      Epoch 13 train:  65%|██████▌   | 13/20 [01:43<00:42,  6.12s/it, avg_loss=0.0057, num_batches=57/60, num_samples=57]
      Epoch 13 train:  65%|██████▌   | 13/20 [01:43<00:42,  6.12s/it, avg_loss=0.0057, num_batches=58/60, num_samples=58]
      Epoch 13 train:  65%|██████▌   | 13/20 [01:43<00:42,  6.12s/it, avg_loss=0.0057, num_batches=59/60, num_samples=59]
      Epoch 13 train:  65%|██████▌   | 13/20 [01:43<00:42,  6.12s/it, avg_loss=0.0057, num_batches=60/60, num_samples=60]
      Epoch 13 val:  65%|██████▌   | 13/20 [01:43<00:42,  6.12s/it, avg_loss=0.0057, num_batches=60/60, num_samples=60]  
      Epoch 13 val:  65%|██████▌   | 13/20 [01:43<00:42,  6.12s/it, avg_loss=0.0372, num_batches=1/15, num_samples=1]  
      Epoch 13 val:  65%|██████▌   | 13/20 [01:43<00:42,  6.12s/it, avg_loss=2.1402, num_batches=2/15, num_samples=2]
      Epoch 13 val:  65%|██████▌   | 13/20 [01:43<00:42,  6.12s/it, avg_loss=2.9651, num_batches=3/15, num_samples=3]
      Epoch 13 val:  65%|██████▌   | 13/20 [01:43<00:42,  6.12s/it, avg_loss=4.2357, num_batches=4/15, num_samples=4]
      Epoch 13 val:  65%|██████▌   | 13/20 [01:44<00:42,  6.12s/it, avg_loss=3.4136, num_batches=5/15, num_samples=5]
      Epoch 13 val:  65%|██████▌   | 13/20 [01:44<00:42,  6.12s/it, avg_loss=2.8447, num_batches=6/15, num_samples=6]
      Epoch 13 val:  65%|██████▌   | 13/20 [01:44<00:42,  6.12s/it, avg_loss=2.4519, num_batches=7/15, num_samples=7]
      Epoch 13 val:  65%|██████▌   | 13/20 [01:44<00:42,  6.12s/it, avg_loss=2.1826, num_batches=8/15, num_samples=8]
      Epoch 13 val:  65%|██████▌   | 13/20 [01:44<00:42,  6.12s/it, avg_loss=2.4391, num_batches=9/15, num_samples=9]
      Epoch 13 val:  65%|██████▌   | 13/20 [01:44<00:42,  6.12s/it, avg_loss=2.6834, num_batches=10/15, num_samples=10]
      Epoch 13 val:  65%|██████▌   | 13/20 [01:44<00:42,  6.12s/it, avg_loss=2.4409, num_batches=11/15, num_samples=11]
      Epoch 13 val:  65%|██████▌   | 13/20 [01:44<00:42,  6.12s/it, avg_loss=2.3950, num_batches=12/15, num_samples=12]
      Epoch 13 val:  65%|██████▌   | 13/20 [01:44<00:42,  6.12s/it, avg_loss=2.3576, num_batches=13/15, num_samples=13]
      Epoch 13 val:  65%|██████▌   | 13/20 [01:44<00:42,  6.12s/it, avg_loss=2.4460, num_batches=14/15, num_samples=14]
      Epoch 13 val:  65%|██████▌   | 13/20 [01:44<00:42,  6.12s/it, avg_loss=2.6144, num_batches=15/15, num_samples=15]
      Epoch 13 val:  70%|███████   | 14/20 [01:44<00:33,  5.63s/it, avg_loss=2.6144, num_batches=15/15, num_samples=15]
      Epoch 14 train:  70%|███████   | 14/20 [01:44<00:33,  5.63s/it, avg_loss=2.6144, num_batches=15/15, num_samples=15]
      Epoch 14 train:  70%|███████   | 14/20 [01:44<00:33,  5.63s/it, avg_loss=0.0050, num_batches=1/60, num_samples=1]  
      Epoch 14 train:  70%|███████   | 14/20 [01:44<00:33,  5.63s/it, avg_loss=0.0064, num_batches=2/60, num_samples=2]
      Epoch 14 train:  70%|███████   | 14/20 [01:44<00:33,  5.63s/it, avg_loss=0.0049, num_batches=3/60, num_samples=3]
      Epoch 14 train:  70%|███████   | 14/20 [01:44<00:33,  5.63s/it, avg_loss=0.0038, num_batches=4/60, num_samples=4]
      Epoch 14 train:  70%|███████   | 14/20 [01:44<00:33,  5.63s/it, avg_loss=0.0031, num_batches=5/60, num_samples=5]
      Epoch 14 train:  70%|███████   | 14/20 [01:44<00:33,  5.63s/it, avg_loss=0.0050, num_batches=6/60, num_samples=6]
      Epoch 14 train:  70%|███████   | 14/20 [01:44<00:33,  5.63s/it, avg_loss=0.0054, num_batches=7/60, num_samples=7]
      Epoch 14 train:  70%|███████   | 14/20 [01:45<00:33,  5.63s/it, avg_loss=0.0051, num_batches=8/60, num_samples=8]
      Epoch 14 train:  70%|███████   | 14/20 [01:45<00:33,  5.63s/it, avg_loss=0.0046, num_batches=9/60, num_samples=9]
      Epoch 14 train:  70%|███████   | 14/20 [01:45<00:33,  5.63s/it, avg_loss=0.0046, num_batches=10/60, num_samples=10]
      Epoch 14 train:  70%|███████   | 14/20 [01:45<00:33,  5.63s/it, avg_loss=0.0043, num_batches=11/60, num_samples=11]
      Epoch 14 train:  70%|███████   | 14/20 [01:45<00:33,  5.63s/it, avg_loss=0.0040, num_batches=12/60, num_samples=12]
      Epoch 14 train:  70%|███████   | 14/20 [01:45<00:33,  5.63s/it, avg_loss=0.0040, num_batches=13/60, num_samples=13]
      Epoch 14 train:  70%|███████   | 14/20 [01:45<00:33,  5.63s/it, avg_loss=0.0078, num_batches=14/60, num_samples=14]
      Epoch 14 train:  70%|███████   | 14/20 [01:45<00:33,  5.63s/it, avg_loss=0.0080, num_batches=15/60, num_samples=15]
      Epoch 14 train:  70%|███████   | 14/20 [01:45<00:33,  5.63s/it, avg_loss=0.0078, num_batches=16/60, num_samples=16]
      Epoch 14 train:  70%|███████   | 14/20 [01:45<00:33,  5.63s/it, avg_loss=0.0077, num_batches=17/60, num_samples=17]
      Epoch 14 train:  70%|███████   | 14/20 [01:45<00:33,  5.63s/it, avg_loss=0.0074, num_batches=18/60, num_samples=18]
      Epoch 14 train:  70%|███████   | 14/20 [01:45<00:33,  5.63s/it, avg_loss=0.0072, num_batches=19/60, num_samples=19]
      Epoch 14 train:  70%|███████   | 14/20 [01:45<00:33,  5.63s/it, avg_loss=0.0069, num_batches=20/60, num_samples=20]
      Epoch 14 train:  70%|███████   | 14/20 [01:45<00:33,  5.63s/it, avg_loss=0.0066, num_batches=21/60, num_samples=21]
      Epoch 14 train:  70%|███████   | 14/20 [01:45<00:33,  5.63s/it, avg_loss=0.0064, num_batches=22/60, num_samples=22]
      Epoch 14 train:  70%|███████   | 14/20 [01:45<00:33,  5.63s/it, avg_loss=0.0065, num_batches=23/60, num_samples=23]
      Epoch 14 train:  70%|███████   | 14/20 [01:45<00:33,  5.63s/it, avg_loss=0.0063, num_batches=24/60, num_samples=24]
      Epoch 14 train:  70%|███████   | 14/20 [01:45<00:33,  5.63s/it, avg_loss=0.0062, num_batches=25/60, num_samples=25]
      Epoch 14 train:  70%|███████   | 14/20 [01:45<00:33,  5.63s/it, avg_loss=0.0061, num_batches=26/60, num_samples=26]
      Epoch 14 train:  70%|███████   | 14/20 [01:45<00:33,  5.63s/it, avg_loss=0.0059, num_batches=27/60, num_samples=27]
      Epoch 14 train:  70%|███████   | 14/20 [01:45<00:33,  5.63s/it, avg_loss=0.0057, num_batches=28/60, num_samples=28]
      Epoch 14 train:  70%|███████   | 14/20 [01:46<00:33,  5.63s/it, avg_loss=0.0056, num_batches=29/60, num_samples=29]
      Epoch 14 train:  70%|███████   | 14/20 [01:46<00:33,  5.63s/it, avg_loss=0.0054, num_batches=30/60, num_samples=30]
      Epoch 14 train:  70%|███████   | 14/20 [01:46<00:33,  5.63s/it, avg_loss=0.0057, num_batches=31/60, num_samples=31]
      Epoch 14 train:  70%|███████   | 14/20 [01:46<00:33,  5.63s/it, avg_loss=0.0056, num_batches=32/60, num_samples=32]
      Epoch 14 train:  70%|███████   | 14/20 [01:46<00:33,  5.63s/it, avg_loss=0.0056, num_batches=33/60, num_samples=33]
      Epoch 14 train:  70%|███████   | 14/20 [01:46<00:33,  5.63s/it, avg_loss=0.0056, num_batches=34/60, num_samples=34]
      Epoch 14 train:  70%|███████   | 14/20 [01:46<00:33,  5.63s/it, avg_loss=0.0054, num_batches=35/60, num_samples=35]
      Epoch 14 train:  70%|███████   | 14/20 [01:46<00:33,  5.63s/it, avg_loss=0.0054, num_batches=36/60, num_samples=36]
      Epoch 14 train:  70%|███████   | 14/20 [01:46<00:33,  5.63s/it, avg_loss=0.0052, num_batches=37/60, num_samples=37]
      Epoch 14 train:  70%|███████   | 14/20 [01:46<00:33,  5.63s/it, avg_loss=0.0052, num_batches=38/60, num_samples=38]
      Epoch 14 train:  70%|███████   | 14/20 [01:46<00:33,  5.63s/it, avg_loss=0.0051, num_batches=39/60, num_samples=39]
      Epoch 14 train:  70%|███████   | 14/20 [01:46<00:33,  5.63s/it, avg_loss=0.0051, num_batches=40/60, num_samples=40]
      Epoch 14 train:  70%|███████   | 14/20 [01:46<00:33,  5.63s/it, avg_loss=0.0052, num_batches=41/60, num_samples=41]
      Epoch 14 train:  70%|███████   | 14/20 [01:46<00:33,  5.63s/it, avg_loss=0.0053, num_batches=42/60, num_samples=42]
      Epoch 14 train:  70%|███████   | 14/20 [01:46<00:33,  5.63s/it, avg_loss=0.0052, num_batches=43/60, num_samples=43]
      Epoch 14 train:  70%|███████   | 14/20 [01:46<00:33,  5.63s/it, avg_loss=0.0052, num_batches=44/60, num_samples=44]
      Epoch 14 train:  70%|███████   | 14/20 [01:46<00:33,  5.63s/it, avg_loss=0.0051, num_batches=45/60, num_samples=45]
      Epoch 14 train:  70%|███████   | 14/20 [01:47<00:33,  5.63s/it, avg_loss=0.0052, num_batches=46/60, num_samples=46]
      Epoch 14 train:  70%|███████   | 14/20 [01:47<00:33,  5.63s/it, avg_loss=0.0052, num_batches=47/60, num_samples=47]
      Epoch 14 train:  70%|███████   | 14/20 [01:47<00:33,  5.63s/it, avg_loss=0.0052, num_batches=48/60, num_samples=48]
      Epoch 14 train:  70%|███████   | 14/20 [01:47<00:33,  5.63s/it, avg_loss=0.0051, num_batches=49/60, num_samples=49]
      Epoch 14 train:  70%|███████   | 14/20 [01:47<00:33,  5.63s/it, avg_loss=0.0050, num_batches=50/60, num_samples=50]
      Epoch 14 train:  70%|███████   | 14/20 [01:47<00:33,  5.63s/it, avg_loss=0.0051, num_batches=51/60, num_samples=51]
      Epoch 14 train:  70%|███████   | 14/20 [01:47<00:33,  5.63s/it, avg_loss=0.0053, num_batches=52/60, num_samples=52]
      Epoch 14 train:  70%|███████   | 14/20 [01:47<00:33,  5.63s/it, avg_loss=0.0052, num_batches=53/60, num_samples=53]
      Epoch 14 train:  70%|███████   | 14/20 [01:47<00:33,  5.63s/it, avg_loss=0.0051, num_batches=54/60, num_samples=54]
      Epoch 14 train:  70%|███████   | 14/20 [01:47<00:33,  5.63s/it, avg_loss=0.0050, num_batches=55/60, num_samples=55]
      Epoch 14 train:  70%|███████   | 14/20 [01:47<00:33,  5.63s/it, avg_loss=0.0050, num_batches=56/60, num_samples=56]
      Epoch 14 train:  70%|███████   | 14/20 [01:47<00:33,  5.63s/it, avg_loss=0.0050, num_batches=57/60, num_samples=57]
      Epoch 14 train:  70%|███████   | 14/20 [01:47<00:33,  5.63s/it, avg_loss=0.0050, num_batches=58/60, num_samples=58]
      Epoch 14 train:  70%|███████   | 14/20 [01:47<00:33,  5.63s/it, avg_loss=0.0049, num_batches=59/60, num_samples=59]
      Epoch 14 train:  70%|███████   | 14/20 [01:47<00:33,  5.63s/it, avg_loss=0.0049, num_batches=60/60, num_samples=60]
      Epoch 14 val:  70%|███████   | 14/20 [01:48<00:33,  5.63s/it, avg_loss=0.0049, num_batches=60/60, num_samples=60]  
      Epoch 14 val:  70%|███████   | 14/20 [01:48<00:33,  5.63s/it, avg_loss=4.6512, num_batches=1/15, num_samples=1]  
      Epoch 14 val:  70%|███████   | 14/20 [01:48<00:33,  5.63s/it, avg_loss=4.4987, num_batches=2/15, num_samples=2]
      Epoch 14 val:  70%|███████   | 14/20 [01:48<00:33,  5.63s/it, avg_loss=3.0312, num_batches=3/15, num_samples=3]
      Epoch 14 val:  70%|███████   | 14/20 [01:48<00:33,  5.63s/it, avg_loss=3.5471, num_batches=4/15, num_samples=4]
      Epoch 14 val:  70%|███████   | 14/20 [01:48<00:33,  5.63s/it, avg_loss=2.8994, num_batches=5/15, num_samples=5]
      Epoch 14 val:  70%|███████   | 14/20 [01:48<00:33,  5.63s/it, avg_loss=2.7256, num_batches=6/15, num_samples=6]
      Epoch 14 val:  70%|███████   | 14/20 [01:48<00:33,  5.63s/it, avg_loss=2.6063, num_batches=7/15, num_samples=7]
      Epoch 14 val:  70%|███████   | 14/20 [01:48<00:33,  5.63s/it, avg_loss=2.7375, num_batches=8/15, num_samples=8]
      Epoch 14 val:  70%|███████   | 14/20 [01:48<00:33,  5.63s/it, avg_loss=2.9840, num_batches=9/15, num_samples=9]
      Epoch 14 val:  70%|███████   | 14/20 [01:48<00:33,  5.63s/it, avg_loss=3.5008, num_batches=10/15, num_samples=10]
      Epoch 14 val:  70%|███████   | 14/20 [01:48<00:33,  5.63s/it, avg_loss=3.1826, num_batches=11/15, num_samples=11]
      Epoch 14 val:  70%|███████   | 14/20 [01:48<00:33,  5.63s/it, avg_loss=2.9202, num_batches=12/15, num_samples=12]
      Epoch 14 val:  70%|███████   | 14/20 [01:48<00:33,  5.63s/it, avg_loss=2.7043, num_batches=13/15, num_samples=13]
      Epoch 14 val:  70%|███████   | 14/20 [01:48<00:33,  5.63s/it, avg_loss=2.5121, num_batches=14/15, num_samples=14]
      Epoch 14 val:  70%|███████   | 14/20 [01:48<00:33,  5.63s/it, avg_loss=2.6515, num_batches=15/15, num_samples=15]
      Epoch 14 val:  75%|███████▌  | 15/20 [01:48<00:26,  5.30s/it, avg_loss=2.6515, num_batches=15/15, num_samples=15]
      Epoch 15 train:  75%|███████▌  | 15/20 [01:48<00:26,  5.30s/it, avg_loss=2.6515, num_batches=15/15, num_samples=15]
      Epoch 15 train:  75%|███████▌  | 15/20 [01:49<00:26,  5.30s/it, avg_loss=0.0029, num_batches=1/60, num_samples=1]  
      Epoch 15 train:  75%|███████▌  | 15/20 [01:49<00:26,  5.30s/it, avg_loss=0.0028, num_batches=2/60, num_samples=2]
      Epoch 15 train:  75%|███████▌  | 15/20 [01:49<00:26,  5.30s/it, avg_loss=0.0024, num_batches=3/60, num_samples=3]
      Epoch 15 train:  75%|███████▌  | 15/20 [01:49<00:26,  5.30s/it, avg_loss=0.0028, num_batches=4/60, num_samples=4]
      Epoch 15 train:  75%|███████▌  | 15/20 [01:49<00:26,  5.30s/it, avg_loss=0.0024, num_batches=5/60, num_samples=5]
      Epoch 15 train:  75%|███████▌  | 15/20 [01:49<00:26,  5.30s/it, avg_loss=0.0031, num_batches=6/60, num_samples=6]
      Epoch 15 train:  75%|███████▌  | 15/20 [01:49<00:26,  5.30s/it, avg_loss=0.0040, num_batches=7/60, num_samples=7]
      Epoch 15 train:  75%|███████▌  | 15/20 [01:49<00:26,  5.30s/it, avg_loss=0.0038, num_batches=8/60, num_samples=8]
      Epoch 15 train:  75%|███████▌  | 15/20 [01:49<00:26,  5.30s/it, avg_loss=0.0048, num_batches=9/60, num_samples=9]
      Epoch 15 train:  75%|███████▌  | 15/20 [01:49<00:26,  5.30s/it, avg_loss=0.0048, num_batches=10/60, num_samples=10]
      Epoch 15 train:  75%|███████▌  | 15/20 [01:50<00:26,  5.30s/it, avg_loss=0.0045, num_batches=11/60, num_samples=11]
      Epoch 15 train:  75%|███████▌  | 15/20 [01:50<00:26,  5.30s/it, avg_loss=0.0041, num_batches=12/60, num_samples=12]
      Epoch 15 train:  75%|███████▌  | 15/20 [01:50<00:26,  5.30s/it, avg_loss=0.0045, num_batches=13/60, num_samples=13]
      Epoch 15 train:  75%|███████▌  | 15/20 [01:50<00:26,  5.30s/it, avg_loss=0.0044, num_batches=14/60, num_samples=14]
      Epoch 15 train:  75%|███████▌  | 15/20 [01:50<00:26,  5.30s/it, avg_loss=0.0043, num_batches=15/60, num_samples=15]
      Epoch 15 train:  75%|███████▌  | 15/20 [01:50<00:26,  5.30s/it, avg_loss=0.0041, num_batches=16/60, num_samples=16]
      Epoch 15 train:  75%|███████▌  | 15/20 [01:50<00:26,  5.30s/it, avg_loss=0.0039, num_batches=17/60, num_samples=17]
      Epoch 15 train:  75%|███████▌  | 15/20 [01:50<00:26,  5.30s/it, avg_loss=0.0039, num_batches=18/60, num_samples=18]
      Epoch 15 train:  75%|███████▌  | 15/20 [01:50<00:26,  5.30s/it, avg_loss=0.0037, num_batches=19/60, num_samples=19]
      Epoch 15 train:  75%|███████▌  | 15/20 [01:50<00:26,  5.30s/it, avg_loss=0.0037, num_batches=20/60, num_samples=20]
      Epoch 15 train:  75%|███████▌  | 15/20 [01:50<00:26,  5.30s/it, avg_loss=0.0037, num_batches=21/60, num_samples=21]
      Epoch 15 train:  75%|███████▌  | 15/20 [01:50<00:26,  5.30s/it, avg_loss=0.0037, num_batches=22/60, num_samples=22]
      Epoch 15 train:  75%|███████▌  | 15/20 [01:51<00:26,  5.30s/it, avg_loss=0.0036, num_batches=23/60, num_samples=23]
      Epoch 15 train:  75%|███████▌  | 15/20 [01:51<00:26,  5.30s/it, avg_loss=0.0034, num_batches=24/60, num_samples=24]
      Epoch 15 train:  75%|███████▌  | 15/20 [01:51<00:26,  5.30s/it, avg_loss=0.0034, num_batches=25/60, num_samples=25]
      Epoch 15 train:  75%|███████▌  | 15/20 [01:51<00:26,  5.30s/it, avg_loss=0.0033, num_batches=26/60, num_samples=26]
      Epoch 15 train:  75%|███████▌  | 15/20 [01:51<00:26,  5.30s/it, avg_loss=0.0032, num_batches=27/60, num_samples=27]
      Epoch 15 train:  75%|███████▌  | 15/20 [01:51<00:26,  5.30s/it, avg_loss=0.0035, num_batches=28/60, num_samples=28]
      Epoch 15 train:  75%|███████▌  | 15/20 [01:51<00:26,  5.30s/it, avg_loss=0.0034, num_batches=29/60, num_samples=29]
      Epoch 15 train:  75%|███████▌  | 15/20 [01:51<00:26,  5.30s/it, avg_loss=0.0035, num_batches=30/60, num_samples=30]
      Epoch 15 train:  75%|███████▌  | 15/20 [01:51<00:26,  5.30s/it, avg_loss=0.0035, num_batches=31/60, num_samples=31]
      Epoch 15 train:  75%|███████▌  | 15/20 [01:52<00:26,  5.30s/it, avg_loss=0.0035, num_batches=32/60, num_samples=32]
      Epoch 15 train:  75%|███████▌  | 15/20 [01:52<00:26,  5.30s/it, avg_loss=0.0034, num_batches=33/60, num_samples=33]
      Epoch 15 train:  75%|███████▌  | 15/20 [01:52<00:26,  5.30s/it, avg_loss=0.0035, num_batches=34/60, num_samples=34]
      Epoch 15 train:  75%|███████▌  | 15/20 [01:52<00:26,  5.30s/it, avg_loss=0.0034, num_batches=35/60, num_samples=35]
      Epoch 15 train:  75%|███████▌  | 15/20 [01:52<00:26,  5.30s/it, avg_loss=0.0035, num_batches=36/60, num_samples=36]
      Epoch 15 train:  75%|███████▌  | 15/20 [01:52<00:26,  5.30s/it, avg_loss=0.0034, num_batches=37/60, num_samples=37]
      Epoch 15 train:  75%|███████▌  | 15/20 [01:52<00:26,  5.30s/it, avg_loss=0.0035, num_batches=38/60, num_samples=38]
      Epoch 15 train:  75%|███████▌  | 15/20 [01:52<00:26,  5.30s/it, avg_loss=0.0035, num_batches=39/60, num_samples=39]
      Epoch 15 train:  75%|███████▌  | 15/20 [01:52<00:26,  5.30s/it, avg_loss=0.0036, num_batches=40/60, num_samples=40]
      Epoch 15 train:  75%|███████▌  | 15/20 [01:53<00:26,  5.30s/it, avg_loss=0.0035, num_batches=41/60, num_samples=41]
      Epoch 15 train:  75%|███████▌  | 15/20 [01:53<00:26,  5.30s/it, avg_loss=0.0035, num_batches=42/60, num_samples=42]
      Epoch 15 train:  75%|███████▌  | 15/20 [01:53<00:26,  5.30s/it, avg_loss=0.0035, num_batches=43/60, num_samples=43]
      Epoch 15 train:  75%|███████▌  | 15/20 [01:53<00:26,  5.30s/it, avg_loss=0.0036, num_batches=44/60, num_samples=44]
      Epoch 15 train:  75%|███████▌  | 15/20 [01:53<00:26,  5.30s/it, avg_loss=0.0036, num_batches=45/60, num_samples=45]
      Epoch 15 train:  75%|███████▌  | 15/20 [01:53<00:26,  5.30s/it, avg_loss=0.0035, num_batches=46/60, num_samples=46]
      Epoch 15 train:  75%|███████▌  | 15/20 [01:53<00:26,  5.30s/it, avg_loss=0.0035, num_batches=47/60, num_samples=47]
      Epoch 15 train:  75%|███████▌  | 15/20 [01:53<00:26,  5.30s/it, avg_loss=0.0036, num_batches=48/60, num_samples=48]
      Epoch 15 train:  75%|███████▌  | 15/20 [01:53<00:26,  5.30s/it, avg_loss=0.0036, num_batches=49/60, num_samples=49]
      Epoch 15 train:  75%|███████▌  | 15/20 [01:53<00:26,  5.30s/it, avg_loss=0.0035, num_batches=50/60, num_samples=50]
      Epoch 15 train:  75%|███████▌  | 15/20 [01:53<00:26,  5.30s/it, avg_loss=0.0035, num_batches=51/60, num_samples=51]
      Epoch 15 train:  75%|███████▌  | 15/20 [01:53<00:26,  5.30s/it, avg_loss=0.0035, num_batches=52/60, num_samples=52]
      Epoch 15 train:  75%|███████▌  | 15/20 [01:53<00:26,  5.30s/it, avg_loss=0.0036, num_batches=53/60, num_samples=53]
      Epoch 15 train:  75%|███████▌  | 15/20 [01:54<00:26,  5.30s/it, avg_loss=0.0045, num_batches=54/60, num_samples=54]
      Epoch 15 train:  75%|███████▌  | 15/20 [01:54<00:26,  5.30s/it, avg_loss=0.0044, num_batches=55/60, num_samples=55]
      Epoch 15 train:  75%|███████▌  | 15/20 [01:54<00:26,  5.30s/it, avg_loss=0.0044, num_batches=56/60, num_samples=56]
      Epoch 15 train:  75%|███████▌  | 15/20 [01:54<00:26,  5.30s/it, avg_loss=0.0043, num_batches=57/60, num_samples=57]
      Epoch 15 train:  75%|███████▌  | 15/20 [01:54<00:26,  5.30s/it, avg_loss=0.0043, num_batches=58/60, num_samples=58]
      Epoch 15 train:  75%|███████▌  | 15/20 [01:54<00:26,  5.30s/it, avg_loss=0.0043, num_batches=59/60, num_samples=59]
      Epoch 15 train:  75%|███████▌  | 15/20 [01:54<00:26,  5.30s/it, avg_loss=0.0044, num_batches=60/60, num_samples=60]
      Epoch 15 val:  75%|███████▌  | 15/20 [01:54<00:26,  5.30s/it, avg_loss=0.0044, num_batches=60/60, num_samples=60]  
      Epoch 15 val:  75%|███████▌  | 15/20 [01:54<00:26,  5.30s/it, avg_loss=0.0330, num_batches=1/15, num_samples=1]  
      Epoch 15 val:  75%|███████▌  | 15/20 [01:54<00:26,  5.30s/it, avg_loss=1.8672, num_batches=2/15, num_samples=2]
      Epoch 15 val:  75%|███████▌  | 15/20 [01:54<00:26,  5.30s/it, avg_loss=1.8617, num_batches=3/15, num_samples=3]
      Epoch 15 val:  75%|███████▌  | 15/20 [01:54<00:26,  5.30s/it, avg_loss=1.8428, num_batches=4/15, num_samples=4]
      Epoch 15 val:  75%|███████▌  | 15/20 [01:54<00:26,  5.30s/it, avg_loss=2.3985, num_batches=5/15, num_samples=5]
      Epoch 15 val:  75%|███████▌  | 15/20 [01:54<00:26,  5.30s/it, avg_loss=2.7304, num_batches=6/15, num_samples=6]
      Epoch 15 val:  75%|███████▌  | 15/20 [01:55<00:26,  5.30s/it, avg_loss=2.3562, num_batches=7/15, num_samples=7]
      Epoch 15 val:  75%|███████▌  | 15/20 [01:55<00:26,  5.30s/it, avg_loss=2.6951, num_batches=8/15, num_samples=8]
      Epoch 15 val:  75%|███████▌  | 15/20 [01:55<00:26,  5.30s/it, avg_loss=2.4286, num_batches=9/15, num_samples=9]
      Epoch 15 val:  75%|███████▌  | 15/20 [01:55<00:26,  5.30s/it, avg_loss=2.6522, num_batches=10/15, num_samples=10]
      Epoch 15 val:  75%|███████▌  | 15/20 [01:55<00:26,  5.30s/it, avg_loss=2.4191, num_batches=11/15, num_samples=11]
      Epoch 15 val:  75%|███████▌  | 15/20 [01:55<00:26,  5.30s/it, avg_loss=2.2175, num_batches=12/15, num_samples=12]
      Epoch 15 val:  75%|███████▌  | 15/20 [01:55<00:26,  5.30s/it, avg_loss=2.0480, num_batches=13/15, num_samples=13]
      Epoch 15 val:  75%|███████▌  | 15/20 [01:55<00:26,  5.30s/it, avg_loss=2.2703, num_batches=14/15, num_samples=14]
      Epoch 15 val:  75%|███████▌  | 15/20 [01:55<00:26,  5.30s/it, avg_loss=2.6650, num_batches=15/15, num_samples=15]
      Epoch 15 val:  80%|████████  | 16/20 [01:55<00:22,  5.69s/it, avg_loss=2.6650, num_batches=15/15, num_samples=15]
      Epoch 16 train:  80%|████████  | 16/20 [01:55<00:22,  5.69s/it, avg_loss=2.6650, num_batches=15/15, num_samples=15]
      Epoch 16 train:  80%|████████  | 16/20 [01:55<00:22,  5.69s/it, avg_loss=0.0016, num_batches=1/60, num_samples=1]  
      Epoch 16 train:  80%|████████  | 16/20 [01:55<00:22,  5.69s/it, avg_loss=0.0013, num_batches=2/60, num_samples=2]
      Epoch 16 train:  80%|████████  | 16/20 [01:55<00:22,  5.69s/it, avg_loss=0.0021, num_batches=3/60, num_samples=3]
      Epoch 16 train:  80%|████████  | 16/20 [01:55<00:22,  5.69s/it, avg_loss=0.0017, num_batches=4/60, num_samples=4]
      Epoch 16 train:  80%|████████  | 16/20 [01:55<00:22,  5.69s/it, avg_loss=0.0015, num_batches=5/60, num_samples=5]
      Epoch 16 train:  80%|████████  | 16/20 [01:56<00:22,  5.69s/it, avg_loss=0.0014, num_batches=6/60, num_samples=6]
      Epoch 16 train:  80%|████████  | 16/20 [01:56<00:22,  5.69s/it, avg_loss=0.0024, num_batches=7/60, num_samples=7]
      Epoch 16 train:  80%|████████  | 16/20 [01:56<00:22,  5.69s/it, avg_loss=0.0024, num_batches=8/60, num_samples=8]
      Epoch 16 train:  80%|████████  | 16/20 [01:56<00:22,  5.69s/it, avg_loss=0.0024, num_batches=9/60, num_samples=9]
      Epoch 16 train:  80%|████████  | 16/20 [01:56<00:22,  5.69s/it, avg_loss=0.0022, num_batches=10/60, num_samples=10]
      Epoch 16 train:  80%|████████  | 16/20 [01:56<00:22,  5.69s/it, avg_loss=0.0024, num_batches=11/60, num_samples=11]
      Epoch 16 train:  80%|████████  | 16/20 [01:56<00:22,  5.69s/it, avg_loss=0.0025, num_batches=12/60, num_samples=12]
      Epoch 16 train:  80%|████████  | 16/20 [01:56<00:22,  5.69s/it, avg_loss=0.0025, num_batches=13/60, num_samples=13]
      Epoch 16 train:  80%|████████  | 16/20 [01:56<00:22,  5.69s/it, avg_loss=0.0024, num_batches=14/60, num_samples=14]
      Epoch 16 train:  80%|████████  | 16/20 [01:56<00:22,  5.69s/it, avg_loss=0.0023, num_batches=15/60, num_samples=15]
      Epoch 16 train:  80%|████████  | 16/20 [01:57<00:22,  5.69s/it, avg_loss=0.0022, num_batches=16/60, num_samples=16]
      Epoch 16 train:  80%|████████  | 16/20 [01:57<00:22,  5.69s/it, avg_loss=0.0021, num_batches=17/60, num_samples=17]
      Epoch 16 train:  80%|████████  | 16/20 [01:57<00:22,  5.69s/it, avg_loss=0.0024, num_batches=18/60, num_samples=18]
      Epoch 16 train:  80%|████████  | 16/20 [01:57<00:22,  5.69s/it, avg_loss=0.0024, num_batches=19/60, num_samples=19]
      Epoch 16 train:  80%|████████  | 16/20 [01:57<00:22,  5.69s/it, avg_loss=0.0023, num_batches=20/60, num_samples=20]
      Epoch 16 train:  80%|████████  | 16/20 [01:57<00:22,  5.69s/it, avg_loss=0.0024, num_batches=21/60, num_samples=21]
      Epoch 16 train:  80%|████████  | 16/20 [01:57<00:22,  5.69s/it, avg_loss=0.0025, num_batches=22/60, num_samples=22]
      Epoch 16 train:  80%|████████  | 16/20 [01:57<00:22,  5.69s/it, avg_loss=0.0027, num_batches=23/60, num_samples=23]
      Epoch 16 train:  80%|████████  | 16/20 [01:57<00:22,  5.69s/it, avg_loss=0.0028, num_batches=24/60, num_samples=24]
      Epoch 16 train:  80%|████████  | 16/20 [01:57<00:22,  5.69s/it, avg_loss=0.0028, num_batches=25/60, num_samples=25]
      Epoch 16 train:  80%|████████  | 16/20 [01:57<00:22,  5.69s/it, avg_loss=0.0027, num_batches=26/60, num_samples=26]
      Epoch 16 train:  80%|████████  | 16/20 [01:58<00:22,  5.69s/it, avg_loss=0.0026, num_batches=27/60, num_samples=27]
      Epoch 16 train:  80%|████████  | 16/20 [01:58<00:22,  5.69s/it, avg_loss=0.0026, num_batches=28/60, num_samples=28]
      Epoch 16 train:  80%|████████  | 16/20 [01:58<00:22,  5.69s/it, avg_loss=0.0026, num_batches=29/60, num_samples=29]
      Epoch 16 train:  80%|████████  | 16/20 [01:58<00:22,  5.69s/it, avg_loss=0.0025, num_batches=30/60, num_samples=30]
      Epoch 16 train:  80%|████████  | 16/20 [01:58<00:22,  5.69s/it, avg_loss=0.0028, num_batches=31/60, num_samples=31]
      Epoch 16 train:  80%|████████  | 16/20 [01:58<00:22,  5.69s/it, avg_loss=0.0028, num_batches=32/60, num_samples=32]
      Epoch 16 train:  80%|████████  | 16/20 [01:58<00:22,  5.69s/it, avg_loss=0.0031, num_batches=33/60, num_samples=33]
      Epoch 16 train:  80%|████████  | 16/20 [01:58<00:22,  5.69s/it, avg_loss=0.0032, num_batches=34/60, num_samples=34]
      Epoch 16 train:  80%|████████  | 16/20 [01:58<00:22,  5.69s/it, avg_loss=0.0031, num_batches=35/60, num_samples=35]
      Epoch 16 train:  80%|████████  | 16/20 [01:58<00:22,  5.69s/it, avg_loss=0.0034, num_batches=36/60, num_samples=36]
      Epoch 16 train:  80%|████████  | 16/20 [01:58<00:22,  5.69s/it, avg_loss=0.0034, num_batches=37/60, num_samples=37]
      Epoch 16 train:  80%|████████  | 16/20 [01:59<00:22,  5.69s/it, avg_loss=0.0035, num_batches=38/60, num_samples=38]
      Epoch 16 train:  80%|████████  | 16/20 [01:59<00:22,  5.69s/it, avg_loss=0.0036, num_batches=39/60, num_samples=39]
      Epoch 16 train:  80%|████████  | 16/20 [01:59<00:22,  5.69s/it, avg_loss=0.0036, num_batches=40/60, num_samples=40]
      Epoch 16 train:  80%|████████  | 16/20 [01:59<00:22,  5.69s/it, avg_loss=0.0036, num_batches=41/60, num_samples=41]
      Epoch 16 train:  80%|████████  | 16/20 [01:59<00:22,  5.69s/it, avg_loss=0.0036, num_batches=42/60, num_samples=42]
      Epoch 16 train:  80%|████████  | 16/20 [01:59<00:22,  5.69s/it, avg_loss=0.0035, num_batches=43/60, num_samples=43]
      Epoch 16 train:  80%|████████  | 16/20 [01:59<00:22,  5.69s/it, avg_loss=0.0035, num_batches=44/60, num_samples=44]
      Epoch 16 train:  80%|████████  | 16/20 [01:59<00:22,  5.69s/it, avg_loss=0.0036, num_batches=45/60, num_samples=45]
      Epoch 16 train:  80%|████████  | 16/20 [01:59<00:22,  5.69s/it, avg_loss=0.0036, num_batches=46/60, num_samples=46]
      Epoch 16 train:  80%|████████  | 16/20 [01:59<00:22,  5.69s/it, avg_loss=0.0035, num_batches=47/60, num_samples=47]
      Epoch 16 train:  80%|████████  | 16/20 [01:59<00:22,  5.69s/it, avg_loss=0.0035, num_batches=48/60, num_samples=48]
      Epoch 16 train:  80%|████████  | 16/20 [02:00<00:22,  5.69s/it, avg_loss=0.0034, num_batches=49/60, num_samples=49]
      Epoch 16 train:  80%|████████  | 16/20 [02:00<00:22,  5.69s/it, avg_loss=0.0034, num_batches=50/60, num_samples=50]
      Epoch 16 train:  80%|████████  | 16/20 [02:00<00:22,  5.69s/it, avg_loss=0.0034, num_batches=51/60, num_samples=51]
      Epoch 16 train:  80%|████████  | 16/20 [02:00<00:22,  5.69s/it, avg_loss=0.0034, num_batches=52/60, num_samples=52]
      Epoch 16 train:  80%|████████  | 16/20 [02:00<00:22,  5.69s/it, avg_loss=0.0035, num_batches=53/60, num_samples=53]
      Epoch 16 train:  80%|████████  | 16/20 [02:00<00:22,  5.69s/it, avg_loss=0.0035, num_batches=54/60, num_samples=54]
      Epoch 16 train:  80%|████████  | 16/20 [02:00<00:22,  5.69s/it, avg_loss=0.0034, num_batches=55/60, num_samples=55]
      Epoch 16 train:  80%|████████  | 16/20 [02:00<00:22,  5.69s/it, avg_loss=0.0034, num_batches=56/60, num_samples=56]
      Epoch 16 train:  80%|████████  | 16/20 [02:00<00:22,  5.69s/it, avg_loss=0.0034, num_batches=57/60, num_samples=57]
      Epoch 16 train:  80%|████████  | 16/20 [02:00<00:22,  5.69s/it, avg_loss=0.0034, num_batches=58/60, num_samples=58]
      Epoch 16 train:  80%|████████  | 16/20 [02:01<00:22,  5.69s/it, avg_loss=0.0034, num_batches=59/60, num_samples=59]
      Epoch 16 train:  80%|████████  | 16/20 [02:01<00:22,  5.69s/it, avg_loss=0.0041, num_batches=60/60, num_samples=60]
      Epoch 16 val:  80%|████████  | 16/20 [02:01<00:22,  5.69s/it, avg_loss=0.0041, num_batches=60/60, num_samples=60]  
      Epoch 16 val:  80%|████████  | 16/20 [02:01<00:22,  5.69s/it, avg_loss=4.6281, num_batches=1/15, num_samples=1]  
      Epoch 16 val:  80%|████████  | 16/20 [02:01<00:22,  5.69s/it, avg_loss=4.1720, num_batches=2/15, num_samples=2]
      Epoch 16 val:  80%|████████  | 16/20 [02:01<00:22,  5.69s/it, avg_loss=5.5254, num_batches=3/15, num_samples=3]
      Epoch 16 val:  80%|████████  | 16/20 [02:01<00:22,  5.69s/it, avg_loss=5.4194, num_batches=4/15, num_samples=4]
      Epoch 16 val:  80%|████████  | 16/20 [02:01<00:22,  5.69s/it, avg_loss=4.3420, num_batches=5/15, num_samples=5]
      Epoch 16 val:  80%|████████  | 16/20 [02:01<00:22,  5.69s/it, avg_loss=3.6679, num_batches=6/15, num_samples=6]
      Epoch 16 val:  80%|████████  | 16/20 [02:01<00:22,  5.69s/it, avg_loss=3.1593, num_batches=7/15, num_samples=7]
      Epoch 16 val:  80%|████████  | 16/20 [02:01<00:22,  5.69s/it, avg_loss=3.3193, num_batches=8/15, num_samples=8]
      Epoch 16 val:  80%|████████  | 16/20 [02:01<00:22,  5.69s/it, avg_loss=3.1470, num_batches=9/15, num_samples=9]
      Epoch 16 val:  80%|████████  | 16/20 [02:01<00:22,  5.69s/it, avg_loss=3.3514, num_batches=10/15, num_samples=10]
      Epoch 16 val:  80%|████████  | 16/20 [02:01<00:22,  5.69s/it, avg_loss=3.0479, num_batches=11/15, num_samples=11]
      Epoch 16 val:  80%|████████  | 16/20 [02:01<00:22,  5.69s/it, avg_loss=2.7939, num_batches=12/15, num_samples=12]
      Epoch 16 val:  80%|████████  | 16/20 [02:01<00:22,  5.69s/it, avg_loss=2.9400, num_batches=13/15, num_samples=13]
      Epoch 16 val:  80%|████████  | 16/20 [02:01<00:22,  5.69s/it, avg_loss=2.7363, num_batches=14/15, num_samples=14]
      Epoch 16 val:  80%|████████  | 16/20 [02:01<00:22,  5.69s/it, avg_loss=2.6771, num_batches=15/15, num_samples=15]
      Epoch 16 val:  85%|████████▌ | 17/20 [02:02<00:17,  5.97s/it, avg_loss=2.6771, num_batches=15/15, num_samples=15]
      Epoch 17 train:  85%|████████▌ | 17/20 [02:02<00:17,  5.97s/it, avg_loss=2.6771, num_batches=15/15, num_samples=15]
      Epoch 17 train:  85%|████████▌ | 17/20 [02:02<00:17,  5.97s/it, avg_loss=0.0036, num_batches=1/60, num_samples=1]  
      Epoch 17 train:  85%|████████▌ | 17/20 [02:02<00:17,  5.97s/it, avg_loss=0.0055, num_batches=2/60, num_samples=2]
      Epoch 17 train:  85%|████████▌ | 17/20 [02:02<00:17,  5.97s/it, avg_loss=0.0044, num_batches=3/60, num_samples=3]
      Epoch 17 train:  85%|████████▌ | 17/20 [02:02<00:17,  5.97s/it, avg_loss=0.0039, num_batches=4/60, num_samples=4]
      Epoch 17 train:  85%|████████▌ | 17/20 [02:02<00:17,  5.97s/it, avg_loss=0.0037, num_batches=5/60, num_samples=5]
      Epoch 17 train:  85%|████████▌ | 17/20 [02:02<00:17,  5.97s/it, avg_loss=0.0035, num_batches=6/60, num_samples=6]
      Epoch 17 train:  85%|████████▌ | 17/20 [02:02<00:17,  5.97s/it, avg_loss=0.0036, num_batches=7/60, num_samples=7]
      Epoch 17 train:  85%|████████▌ | 17/20 [02:03<00:17,  5.97s/it, avg_loss=0.0033, num_batches=8/60, num_samples=8]
      Epoch 17 train:  85%|████████▌ | 17/20 [02:03<00:17,  5.97s/it, avg_loss=0.0081, num_batches=9/60, num_samples=9]
      Epoch 17 train:  85%|████████▌ | 17/20 [02:03<00:17,  5.97s/it, avg_loss=0.0075, num_batches=10/60, num_samples=10]
      Epoch 17 train:  85%|████████▌ | 17/20 [02:03<00:17,  5.97s/it, avg_loss=0.0069, num_batches=11/60, num_samples=11]
      Epoch 17 train:  85%|████████▌ | 17/20 [02:03<00:17,  5.97s/it, avg_loss=0.0065, num_batches=12/60, num_samples=12]
      Epoch 17 train:  85%|████████▌ | 17/20 [02:03<00:17,  5.97s/it, avg_loss=0.0068, num_batches=13/60, num_samples=13]
      Epoch 17 train:  85%|████████▌ | 17/20 [02:03<00:17,  5.97s/it, avg_loss=0.0066, num_batches=14/60, num_samples=14]
      Epoch 17 train:  85%|████████▌ | 17/20 [02:03<00:17,  5.97s/it, avg_loss=0.0063, num_batches=15/60, num_samples=15]
      Epoch 17 train:  85%|████████▌ | 17/20 [02:03<00:17,  5.97s/it, avg_loss=0.0060, num_batches=16/60, num_samples=16]
      Epoch 17 train:  85%|████████▌ | 17/20 [02:03<00:17,  5.97s/it, avg_loss=0.0062, num_batches=17/60, num_samples=17]
      Epoch 17 train:  85%|████████▌ | 17/20 [02:04<00:17,  5.97s/it, avg_loss=0.0061, num_batches=18/60, num_samples=18]
      Epoch 17 train:  85%|████████▌ | 17/20 [02:04<00:17,  5.97s/it, avg_loss=0.0060, num_batches=19/60, num_samples=19]
      Epoch 17 train:  85%|████████▌ | 17/20 [02:04<00:17,  5.97s/it, avg_loss=0.0058, num_batches=20/60, num_samples=20]
      Epoch 17 train:  85%|████████▌ | 17/20 [02:04<00:17,  5.97s/it, avg_loss=0.0061, num_batches=21/60, num_samples=21]
      Epoch 17 train:  85%|████████▌ | 17/20 [02:04<00:17,  5.97s/it, avg_loss=0.0059, num_batches=22/60, num_samples=22]
      Epoch 17 train:  85%|████████▌ | 17/20 [02:04<00:17,  5.97s/it, avg_loss=0.0058, num_batches=23/60, num_samples=23]
      Epoch 17 train:  85%|████████▌ | 17/20 [02:04<00:17,  5.97s/it, avg_loss=0.0056, num_batches=24/60, num_samples=24]
      Epoch 17 train:  85%|████████▌ | 17/20 [02:04<00:17,  5.97s/it, avg_loss=0.0054, num_batches=25/60, num_samples=25]
      Epoch 17 train:  85%|████████▌ | 17/20 [02:04<00:17,  5.97s/it, avg_loss=0.0054, num_batches=26/60, num_samples=26]
      Epoch 17 train:  85%|████████▌ | 17/20 [02:04<00:17,  5.97s/it, avg_loss=0.0054, num_batches=27/60, num_samples=27]
      Epoch 17 train:  85%|████████▌ | 17/20 [02:04<00:17,  5.97s/it, avg_loss=0.0053, num_batches=28/60, num_samples=28]
      Epoch 17 train:  85%|████████▌ | 17/20 [02:04<00:17,  5.97s/it, avg_loss=0.0054, num_batches=29/60, num_samples=29]
      Epoch 17 train:  85%|████████▌ | 17/20 [02:04<00:17,  5.97s/it, avg_loss=0.0055, num_batches=30/60, num_samples=30]
      Epoch 17 train:  85%|████████▌ | 17/20 [02:05<00:17,  5.97s/it, avg_loss=0.0054, num_batches=31/60, num_samples=31]
      Epoch 17 train:  85%|████████▌ | 17/20 [02:05<00:17,  5.97s/it, avg_loss=0.0053, num_batches=32/60, num_samples=32]
      Epoch 17 train:  85%|████████▌ | 17/20 [02:05<00:17,  5.97s/it, avg_loss=0.0052, num_batches=33/60, num_samples=33]
      Epoch 17 train:  85%|████████▌ | 17/20 [02:05<00:17,  5.97s/it, avg_loss=0.0052, num_batches=34/60, num_samples=34]
      Epoch 17 train:  85%|████████▌ | 17/20 [02:05<00:17,  5.97s/it, avg_loss=0.0051, num_batches=35/60, num_samples=35]
      Epoch 17 train:  85%|████████▌ | 17/20 [02:05<00:17,  5.97s/it, avg_loss=0.0050, num_batches=36/60, num_samples=36]
      Epoch 17 train:  85%|████████▌ | 17/20 [02:05<00:17,  5.97s/it, avg_loss=0.0050, num_batches=37/60, num_samples=37]
      Epoch 17 train:  85%|████████▌ | 17/20 [02:05<00:17,  5.97s/it, avg_loss=0.0050, num_batches=38/60, num_samples=38]
      Epoch 17 train:  85%|████████▌ | 17/20 [02:05<00:17,  5.97s/it, avg_loss=0.0049, num_batches=39/60, num_samples=39]
      Epoch 17 train:  85%|████████▌ | 17/20 [02:05<00:17,  5.97s/it, avg_loss=0.0049, num_batches=40/60, num_samples=40]
      Epoch 17 train:  85%|████████▌ | 17/20 [02:05<00:17,  5.97s/it, avg_loss=0.0048, num_batches=41/60, num_samples=41]
      Epoch 17 train:  85%|████████▌ | 17/20 [02:06<00:17,  5.97s/it, avg_loss=0.0047, num_batches=42/60, num_samples=42]
      Epoch 17 train:  85%|████████▌ | 17/20 [02:06<00:17,  5.97s/it, avg_loss=0.0047, num_batches=43/60, num_samples=43]
      Epoch 17 train:  85%|████████▌ | 17/20 [02:06<00:17,  5.97s/it, avg_loss=0.0046, num_batches=44/60, num_samples=44]
      Epoch 17 train:  85%|████████▌ | 17/20 [02:06<00:17,  5.97s/it, avg_loss=0.0045, num_batches=45/60, num_samples=45]
      Epoch 17 train:  85%|████████▌ | 17/20 [02:06<00:17,  5.97s/it, avg_loss=0.0044, num_batches=46/60, num_samples=46]
      Epoch 17 train:  85%|████████▌ | 17/20 [02:06<00:17,  5.97s/it, avg_loss=0.0044, num_batches=47/60, num_samples=47]
      Epoch 17 train:  85%|████████▌ | 17/20 [02:06<00:17,  5.97s/it, avg_loss=0.0043, num_batches=48/60, num_samples=48]
      Epoch 17 train:  85%|████████▌ | 17/20 [02:06<00:17,  5.97s/it, avg_loss=0.0042, num_batches=49/60, num_samples=49]
      Epoch 17 train:  85%|████████▌ | 17/20 [02:06<00:17,  5.97s/it, avg_loss=0.0042, num_batches=50/60, num_samples=50]
      Epoch 17 train:  85%|████████▌ | 17/20 [02:06<00:17,  5.97s/it, avg_loss=0.0041, num_batches=51/60, num_samples=51]
      Epoch 17 train:  85%|████████▌ | 17/20 [02:06<00:17,  5.97s/it, avg_loss=0.0040, num_batches=52/60, num_samples=52]
      Epoch 17 train:  85%|████████▌ | 17/20 [02:07<00:17,  5.97s/it, avg_loss=0.0040, num_batches=53/60, num_samples=53]
      Epoch 17 train:  85%|████████▌ | 17/20 [02:07<00:17,  5.97s/it, avg_loss=0.0041, num_batches=54/60, num_samples=54]
      Epoch 17 train:  85%|████████▌ | 17/20 [02:07<00:17,  5.97s/it, avg_loss=0.0041, num_batches=55/60, num_samples=55]
      Epoch 17 train:  85%|████████▌ | 17/20 [02:07<00:17,  5.97s/it, avg_loss=0.0040, num_batches=56/60, num_samples=56]
      Epoch 17 train:  85%|████████▌ | 17/20 [02:07<00:17,  5.97s/it, avg_loss=0.0040, num_batches=57/60, num_samples=57]
      Epoch 17 train:  85%|████████▌ | 17/20 [02:07<00:17,  5.97s/it, avg_loss=0.0041, num_batches=58/60, num_samples=58]
      Epoch 17 train:  85%|████████▌ | 17/20 [02:07<00:17,  5.97s/it, avg_loss=0.0040, num_batches=59/60, num_samples=59]
      Epoch 17 train:  85%|████████▌ | 17/20 [02:07<00:17,  5.97s/it, avg_loss=0.0040, num_batches=60/60, num_samples=60]
      Epoch 17 val:  85%|████████▌ | 17/20 [02:07<00:17,  5.97s/it, avg_loss=0.0040, num_batches=60/60, num_samples=60]  
      Epoch 17 val:  85%|████████▌ | 17/20 [02:08<00:17,  5.97s/it, avg_loss=1.8645, num_batches=1/15, num_samples=1]  
      Epoch 17 val:  85%|████████▌ | 17/20 [02:08<00:17,  5.97s/it, avg_loss=2.8073, num_batches=2/15, num_samples=2]
      Epoch 17 val:  85%|████████▌ | 17/20 [02:08<00:17,  5.97s/it, avg_loss=1.8755, num_batches=3/15, num_samples=3]
      Epoch 17 val:  85%|████████▌ | 17/20 [02:08<00:17,  5.97s/it, avg_loss=1.4296, num_batches=4/15, num_samples=4]
      Epoch 17 val:  85%|████████▌ | 17/20 [02:08<00:17,  5.97s/it, avg_loss=2.0783, num_batches=5/15, num_samples=5]
      Epoch 17 val:  85%|████████▌ | 17/20 [02:08<00:17,  5.97s/it, avg_loss=1.7319, num_batches=6/15, num_samples=6]
      Epoch 17 val:  85%|████████▌ | 17/20 [02:08<00:17,  5.97s/it, avg_loss=1.4888, num_batches=7/15, num_samples=7]
      Epoch 17 val:  85%|████████▌ | 17/20 [02:08<00:17,  5.97s/it, avg_loss=1.9410, num_batches=8/15, num_samples=8]
      Epoch 17 val:  85%|████████▌ | 17/20 [02:08<00:17,  5.97s/it, avg_loss=2.2522, num_batches=9/15, num_samples=9]
      Epoch 17 val:  85%|████████▌ | 17/20 [02:08<00:17,  5.97s/it, avg_loss=2.0580, num_batches=10/15, num_samples=10]
      Epoch 17 val:  85%|████████▌ | 17/20 [02:08<00:17,  5.97s/it, avg_loss=2.3485, num_batches=11/15, num_samples=11]
      Epoch 17 val:  85%|████████▌ | 17/20 [02:08<00:17,  5.97s/it, avg_loss=2.5213, num_batches=12/15, num_samples=12]
      Epoch 17 val:  85%|████████▌ | 17/20 [02:08<00:17,  5.97s/it, avg_loss=2.9618, num_batches=13/15, num_samples=13]
      Epoch 17 val:  85%|████████▌ | 17/20 [02:08<00:17,  5.97s/it, avg_loss=2.7576, num_batches=14/15, num_samples=14]
      Epoch 17 val:  85%|████████▌ | 17/20 [02:08<00:17,  5.97s/it, avg_loss=2.6915, num_batches=15/15, num_samples=15]
      Epoch 17 val:  90%|█████████ | 18/20 [02:08<00:12,  6.16s/it, avg_loss=2.6915, num_batches=15/15, num_samples=15]
      Epoch 18 train:  90%|█████████ | 18/20 [02:08<00:12,  6.16s/it, avg_loss=2.6915, num_batches=15/15, num_samples=15]
      Epoch 18 train:  90%|█████████ | 18/20 [02:08<00:12,  6.16s/it, avg_loss=0.0002, num_batches=1/60, num_samples=1]  
      Epoch 18 train:  90%|█████████ | 18/20 [02:09<00:12,  6.16s/it, avg_loss=0.0008, num_batches=2/60, num_samples=2]
      Epoch 18 train:  90%|█████████ | 18/20 [02:09<00:12,  6.16s/it, avg_loss=0.0042, num_batches=3/60, num_samples=3]
      Epoch 18 train:  90%|█████████ | 18/20 [02:09<00:12,  6.16s/it, avg_loss=0.0046, num_batches=4/60, num_samples=4]
      Epoch 18 train:  90%|█████████ | 18/20 [02:09<00:12,  6.16s/it, avg_loss=0.0045, num_batches=5/60, num_samples=5]
      Epoch 18 train:  90%|█████████ | 18/20 [02:09<00:12,  6.16s/it, avg_loss=0.0040, num_batches=6/60, num_samples=6]
      Epoch 18 train:  90%|█████████ | 18/20 [02:09<00:12,  6.16s/it, avg_loss=0.0034, num_batches=7/60, num_samples=7]
      Epoch 18 train:  90%|█████████ | 18/20 [02:09<00:12,  6.16s/it, avg_loss=0.0039, num_batches=8/60, num_samples=8]
      Epoch 18 train:  90%|█████████ | 18/20 [02:09<00:12,  6.16s/it, avg_loss=0.0039, num_batches=9/60, num_samples=9]
      Epoch 18 train:  90%|█████████ | 18/20 [02:09<00:12,  6.16s/it, avg_loss=0.0039, num_batches=10/60, num_samples=10]
      Epoch 18 train:  90%|█████████ | 18/20 [02:09<00:12,  6.16s/it, avg_loss=0.0036, num_batches=11/60, num_samples=11]
      Epoch 18 train:  90%|█████████ | 18/20 [02:09<00:12,  6.16s/it, avg_loss=0.0035, num_batches=12/60, num_samples=12]
      Epoch 18 train:  90%|█████████ | 18/20 [02:09<00:12,  6.16s/it, avg_loss=0.0040, num_batches=13/60, num_samples=13]
      Epoch 18 train:  90%|█████████ | 18/20 [02:10<00:12,  6.16s/it, avg_loss=0.0039, num_batches=14/60, num_samples=14]
      Epoch 18 train:  90%|█████████ | 18/20 [02:10<00:12,  6.16s/it, avg_loss=0.0037, num_batches=15/60, num_samples=15]
      Epoch 18 train:  90%|█████████ | 18/20 [02:10<00:12,  6.16s/it, avg_loss=0.0036, num_batches=16/60, num_samples=16]
      Epoch 18 train:  90%|█████████ | 18/20 [02:10<00:12,  6.16s/it, avg_loss=0.0035, num_batches=17/60, num_samples=17]
      Epoch 18 train:  90%|█████████ | 18/20 [02:10<00:12,  6.16s/it, avg_loss=0.0035, num_batches=18/60, num_samples=18]
      Epoch 18 train:  90%|█████████ | 18/20 [02:10<00:12,  6.16s/it, avg_loss=0.0038, num_batches=19/60, num_samples=19]
      Epoch 18 train:  90%|█████████ | 18/20 [02:10<00:12,  6.16s/it, avg_loss=0.0036, num_batches=20/60, num_samples=20]
      Epoch 18 train:  90%|█████████ | 18/20 [02:10<00:12,  6.16s/it, avg_loss=0.0038, num_batches=21/60, num_samples=21]
      Epoch 18 train:  90%|█████████ | 18/20 [02:10<00:12,  6.16s/it, avg_loss=0.0037, num_batches=22/60, num_samples=22]
      Epoch 18 train:  90%|█████████ | 18/20 [02:11<00:12,  6.16s/it, avg_loss=0.0055, num_batches=23/60, num_samples=23]
      Epoch 18 train:  90%|█████████ | 18/20 [02:11<00:12,  6.16s/it, avg_loss=0.0052, num_batches=24/60, num_samples=24]
      Epoch 18 train:  90%|█████████ | 18/20 [02:11<00:12,  6.16s/it, avg_loss=0.0052, num_batches=25/60, num_samples=25]
      Epoch 18 train:  90%|█████████ | 18/20 [02:11<00:12,  6.16s/it, avg_loss=0.0051, num_batches=26/60, num_samples=26]
      Epoch 18 train:  90%|█████████ | 18/20 [02:11<00:12,  6.16s/it, avg_loss=0.0049, num_batches=27/60, num_samples=27]
      Epoch 18 train:  90%|█████████ | 18/20 [02:11<00:12,  6.16s/it, avg_loss=0.0050, num_batches=28/60, num_samples=28]
      Epoch 18 train:  90%|█████████ | 18/20 [02:11<00:12,  6.16s/it, avg_loss=0.0049, num_batches=29/60, num_samples=29]
      Epoch 18 train:  90%|█████████ | 18/20 [02:11<00:12,  6.16s/it, avg_loss=0.0049, num_batches=30/60, num_samples=30]
      Epoch 18 train:  90%|█████████ | 18/20 [02:11<00:12,  6.16s/it, avg_loss=0.0048, num_batches=31/60, num_samples=31]
      Epoch 18 train:  90%|█████████ | 18/20 [02:11<00:12,  6.16s/it, avg_loss=0.0047, num_batches=32/60, num_samples=32]
      Epoch 18 train:  90%|█████████ | 18/20 [02:11<00:12,  6.16s/it, avg_loss=0.0047, num_batches=33/60, num_samples=33]
      Epoch 18 train:  90%|█████████ | 18/20 [02:12<00:12,  6.16s/it, avg_loss=0.0045, num_batches=34/60, num_samples=34]
      Epoch 18 train:  90%|█████████ | 18/20 [02:12<00:12,  6.16s/it, avg_loss=0.0045, num_batches=35/60, num_samples=35]
      Epoch 18 train:  90%|█████████ | 18/20 [02:12<00:12,  6.16s/it, avg_loss=0.0045, num_batches=36/60, num_samples=36]
      Epoch 18 train:  90%|█████████ | 18/20 [02:12<00:12,  6.16s/it, avg_loss=0.0044, num_batches=37/60, num_samples=37]
      Epoch 18 train:  90%|█████████ | 18/20 [02:12<00:12,  6.16s/it, avg_loss=0.0044, num_batches=38/60, num_samples=38]
      Epoch 18 train:  90%|█████████ | 18/20 [02:12<00:12,  6.16s/it, avg_loss=0.0046, num_batches=39/60, num_samples=39]
      Epoch 18 train:  90%|█████████ | 18/20 [02:12<00:12,  6.16s/it, avg_loss=0.0045, num_batches=40/60, num_samples=40]
      Epoch 18 train:  90%|█████████ | 18/20 [02:12<00:12,  6.16s/it, avg_loss=0.0044, num_batches=41/60, num_samples=41]
      Epoch 18 train:  90%|█████████ | 18/20 [02:12<00:12,  6.16s/it, avg_loss=0.0044, num_batches=42/60, num_samples=42]
      Epoch 18 train:  90%|█████████ | 18/20 [02:12<00:12,  6.16s/it, avg_loss=0.0044, num_batches=43/60, num_samples=43]
      Epoch 18 train:  90%|█████████ | 18/20 [02:13<00:12,  6.16s/it, avg_loss=0.0043, num_batches=44/60, num_samples=44]
      Epoch 18 train:  90%|█████████ | 18/20 [02:13<00:12,  6.16s/it, avg_loss=0.0043, num_batches=45/60, num_samples=45]
      Epoch 18 train:  90%|█████████ | 18/20 [02:13<00:12,  6.16s/it, avg_loss=0.0043, num_batches=46/60, num_samples=46]
      Epoch 18 train:  90%|█████████ | 18/20 [02:13<00:12,  6.16s/it, avg_loss=0.0042, num_batches=47/60, num_samples=47]
      Epoch 18 train:  90%|█████████ | 18/20 [02:13<00:12,  6.16s/it, avg_loss=0.0041, num_batches=48/60, num_samples=48]
      Epoch 18 train:  90%|█████████ | 18/20 [02:13<00:12,  6.16s/it, avg_loss=0.0041, num_batches=49/60, num_samples=49]
      Epoch 18 train:  90%|█████████ | 18/20 [02:13<00:12,  6.16s/it, avg_loss=0.0041, num_batches=50/60, num_samples=50]
      Epoch 18 train:  90%|█████████ | 18/20 [02:13<00:12,  6.16s/it, avg_loss=0.0041, num_batches=51/60, num_samples=51]
      Epoch 18 train:  90%|█████████ | 18/20 [02:13<00:12,  6.16s/it, avg_loss=0.0042, num_batches=52/60, num_samples=52]
      Epoch 18 train:  90%|█████████ | 18/20 [02:13<00:12,  6.16s/it, avg_loss=0.0041, num_batches=53/60, num_samples=53]
      Epoch 18 train:  90%|█████████ | 18/20 [02:13<00:12,  6.16s/it, avg_loss=0.0040, num_batches=54/60, num_samples=54]
      Epoch 18 train:  90%|█████████ | 18/20 [02:13<00:12,  6.16s/it, avg_loss=0.0040, num_batches=55/60, num_samples=55]
      Epoch 18 train:  90%|█████████ | 18/20 [02:14<00:12,  6.16s/it, avg_loss=0.0039, num_batches=56/60, num_samples=56]
      Epoch 18 train:  90%|█████████ | 18/20 [02:14<00:12,  6.16s/it, avg_loss=0.0039, num_batches=57/60, num_samples=57]
      Epoch 18 train:  90%|█████████ | 18/20 [02:14<00:12,  6.16s/it, avg_loss=0.0039, num_batches=58/60, num_samples=58]
      Epoch 18 train:  90%|█████████ | 18/20 [02:14<00:12,  6.16s/it, avg_loss=0.0038, num_batches=59/60, num_samples=59]
      Epoch 18 train:  90%|█████████ | 18/20 [02:14<00:12,  6.16s/it, avg_loss=0.0039, num_batches=60/60, num_samples=60]
      Epoch 18 val:  90%|█████████ | 18/20 [02:14<00:12,  6.16s/it, avg_loss=0.0039, num_batches=60/60, num_samples=60]  
      Epoch 18 val:  90%|█████████ | 18/20 [02:14<00:12,  6.16s/it, avg_loss=0.0003, num_batches=1/15, num_samples=1]  
      Epoch 18 val:  90%|█████████ | 18/20 [02:14<00:12,  6.16s/it, avg_loss=0.0061, num_batches=2/15, num_samples=2]
      Epoch 18 val:  90%|█████████ | 18/20 [02:14<00:12,  6.16s/it, avg_loss=0.0348, num_batches=3/15, num_samples=3]
      Epoch 18 val:  90%|█████████ | 18/20 [02:14<00:12,  6.16s/it, avg_loss=0.4932, num_batches=4/15, num_samples=4]
      Epoch 18 val:  90%|█████████ | 18/20 [02:14<00:12,  6.16s/it, avg_loss=1.4469, num_batches=5/15, num_samples=5]
      Epoch 18 val:  90%|█████████ | 18/20 [02:14<00:12,  6.16s/it, avg_loss=2.5823, num_batches=6/15, num_samples=6]
      Epoch 18 val:  90%|█████████ | 18/20 [02:14<00:12,  6.16s/it, avg_loss=2.8820, num_batches=7/15, num_samples=7]
      Epoch 18 val:  90%|█████████ | 18/20 [02:14<00:12,  6.16s/it, avg_loss=2.5255, num_batches=8/15, num_samples=8]
      Epoch 18 val:  90%|█████████ | 18/20 [02:14<00:12,  6.16s/it, avg_loss=2.4414, num_batches=9/15, num_samples=9]
      Epoch 18 val:  90%|█████████ | 18/20 [02:14<00:12,  6.16s/it, avg_loss=2.7080, num_batches=10/15, num_samples=10]
      Epoch 18 val:  90%|█████████ | 18/20 [02:15<00:12,  6.16s/it, avg_loss=2.8937, num_batches=11/15, num_samples=11]
      Epoch 18 val:  90%|█████████ | 18/20 [02:15<00:12,  6.16s/it, avg_loss=2.9654, num_batches=12/15, num_samples=12]
      Epoch 18 val:  90%|█████████ | 18/20 [02:15<00:12,  6.16s/it, avg_loss=3.0783, num_batches=13/15, num_samples=13]
      Epoch 18 val:  90%|█████████ | 18/20 [02:15<00:12,  6.16s/it, avg_loss=2.8808, num_batches=14/15, num_samples=14]
      Epoch 18 val:  90%|█████████ | 18/20 [02:15<00:12,  6.16s/it, avg_loss=2.6956, num_batches=15/15, num_samples=15]
      Epoch 18 val:  95%|█████████▌| 19/20 [02:15<00:06,  6.30s/it, avg_loss=2.6956, num_batches=15/15, num_samples=15]
      Epoch 19 train:  95%|█████████▌| 19/20 [02:15<00:06,  6.30s/it, avg_loss=2.6956, num_batches=15/15, num_samples=15]
      Epoch 19 train:  95%|█████████▌| 19/20 [02:15<00:06,  6.30s/it, avg_loss=0.0006, num_batches=1/60, num_samples=1]  
      Epoch 19 train:  95%|█████████▌| 19/20 [02:15<00:06,  6.30s/it, avg_loss=0.0015, num_batches=2/60, num_samples=2]
      Epoch 19 train:  95%|█████████▌| 19/20 [02:15<00:06,  6.30s/it, avg_loss=0.0023, num_batches=3/60, num_samples=3]
      Epoch 19 train:  95%|█████████▌| 19/20 [02:15<00:06,  6.30s/it, avg_loss=0.0023, num_batches=4/60, num_samples=4]
      Epoch 19 train:  95%|█████████▌| 19/20 [02:16<00:06,  6.30s/it, avg_loss=0.0019, num_batches=5/60, num_samples=5]
      Epoch 19 train:  95%|█████████▌| 19/20 [02:16<00:06,  6.30s/it, avg_loss=0.0019, num_batches=6/60, num_samples=6]
      Epoch 19 train:  95%|█████████▌| 19/20 [02:16<00:06,  6.30s/it, avg_loss=0.0031, num_batches=7/60, num_samples=7]
      Epoch 19 train:  95%|█████████▌| 19/20 [02:16<00:06,  6.30s/it, avg_loss=0.0028, num_batches=8/60, num_samples=8]
      Epoch 19 train:  95%|█████████▌| 19/20 [02:16<00:06,  6.30s/it, avg_loss=0.0030, num_batches=9/60, num_samples=9]
      Epoch 19 train:  95%|█████████▌| 19/20 [02:16<00:06,  6.30s/it, avg_loss=0.0029, num_batches=10/60, num_samples=10]
      Epoch 19 train:  95%|█████████▌| 19/20 [02:16<00:06,  6.30s/it, avg_loss=0.0030, num_batches=11/60, num_samples=11]
      Epoch 19 train:  95%|█████████▌| 19/20 [02:16<00:06,  6.30s/it, avg_loss=0.0033, num_batches=12/60, num_samples=12]
      Epoch 19 train:  95%|█████████▌| 19/20 [02:16<00:06,  6.30s/it, avg_loss=0.0039, num_batches=13/60, num_samples=13]
      Epoch 19 train:  95%|█████████▌| 19/20 [02:16<00:06,  6.30s/it, avg_loss=0.0039, num_batches=14/60, num_samples=14]
      Epoch 19 train:  95%|█████████▌| 19/20 [02:17<00:06,  6.30s/it, avg_loss=0.0038, num_batches=15/60, num_samples=15]
      Epoch 19 train:  95%|█████████▌| 19/20 [02:17<00:06,  6.30s/it, avg_loss=0.0038, num_batches=16/60, num_samples=16]
      Epoch 19 train:  95%|█████████▌| 19/20 [02:17<00:06,  6.30s/it, avg_loss=0.0037, num_batches=17/60, num_samples=17]
      Epoch 19 train:  95%|█████████▌| 19/20 [02:17<00:06,  6.30s/it, avg_loss=0.0036, num_batches=18/60, num_samples=18]
      Epoch 19 train:  95%|█████████▌| 19/20 [02:17<00:06,  6.30s/it, avg_loss=0.0036, num_batches=19/60, num_samples=19]
      Epoch 19 train:  95%|█████████▌| 19/20 [02:17<00:06,  6.30s/it, avg_loss=0.0037, num_batches=20/60, num_samples=20]
      Epoch 19 train:  95%|█████████▌| 19/20 [02:17<00:06,  6.30s/it, avg_loss=0.0036, num_batches=21/60, num_samples=21]
      Epoch 19 train:  95%|█████████▌| 19/20 [02:17<00:06,  6.30s/it, avg_loss=0.0035, num_batches=22/60, num_samples=22]
      Epoch 19 train:  95%|█████████▌| 19/20 [02:17<00:06,  6.30s/it, avg_loss=0.0033, num_batches=23/60, num_samples=23]
      Epoch 19 train:  95%|█████████▌| 19/20 [02:17<00:06,  6.30s/it, avg_loss=0.0034, num_batches=24/60, num_samples=24]
      Epoch 19 train:  95%|█████████▌| 19/20 [02:18<00:06,  6.30s/it, avg_loss=0.0036, num_batches=25/60, num_samples=25]
      Epoch 19 train:  95%|█████████▌| 19/20 [02:18<00:06,  6.30s/it, avg_loss=0.0035, num_batches=26/60, num_samples=26]
      Epoch 19 train:  95%|█████████▌| 19/20 [02:18<00:06,  6.30s/it, avg_loss=0.0035, num_batches=27/60, num_samples=27]
      Epoch 19 train:  95%|█████████▌| 19/20 [02:18<00:06,  6.30s/it, avg_loss=0.0035, num_batches=28/60, num_samples=28]
      Epoch 19 train:  95%|█████████▌| 19/20 [02:18<00:06,  6.30s/it, avg_loss=0.0034, num_batches=29/60, num_samples=29]
      Epoch 19 train:  95%|█████████▌| 19/20 [02:18<00:06,  6.30s/it, avg_loss=0.0033, num_batches=30/60, num_samples=30]
      Epoch 19 train:  95%|█████████▌| 19/20 [02:18<00:06,  6.30s/it, avg_loss=0.0033, num_batches=31/60, num_samples=31]
      Epoch 19 train:  95%|█████████▌| 19/20 [02:18<00:06,  6.30s/it, avg_loss=0.0033, num_batches=32/60, num_samples=32]
      Epoch 19 train:  95%|█████████▌| 19/20 [02:18<00:06,  6.30s/it, avg_loss=0.0032, num_batches=33/60, num_samples=33]
      Epoch 19 train:  95%|█████████▌| 19/20 [02:18<00:06,  6.30s/it, avg_loss=0.0032, num_batches=34/60, num_samples=34]
      Epoch 19 train:  95%|█████████▌| 19/20 [02:18<00:06,  6.30s/it, avg_loss=0.0032, num_batches=35/60, num_samples=35]
      Epoch 19 train:  95%|█████████▌| 19/20 [02:18<00:06,  6.30s/it, avg_loss=0.0033, num_batches=36/60, num_samples=36]
      Epoch 19 train:  95%|█████████▌| 19/20 [02:18<00:06,  6.30s/it, avg_loss=0.0032, num_batches=37/60, num_samples=37]
      Epoch 19 train:  95%|█████████▌| 19/20 [02:19<00:06,  6.30s/it, avg_loss=0.0032, num_batches=38/60, num_samples=38]
      Epoch 19 train:  95%|█████████▌| 19/20 [02:19<00:06,  6.30s/it, avg_loss=0.0031, num_batches=39/60, num_samples=39]
      Epoch 19 train:  95%|█████████▌| 19/20 [02:19<00:06,  6.30s/it, avg_loss=0.0031, num_batches=40/60, num_samples=40]
      Epoch 19 train:  95%|█████████▌| 19/20 [02:19<00:06,  6.30s/it, avg_loss=0.0031, num_batches=41/60, num_samples=41]
      Epoch 19 train:  95%|█████████▌| 19/20 [02:19<00:06,  6.30s/it, avg_loss=0.0031, num_batches=42/60, num_samples=42]
      Epoch 19 train:  95%|█████████▌| 19/20 [02:19<00:06,  6.30s/it, avg_loss=0.0031, num_batches=43/60, num_samples=43]
      Epoch 19 train:  95%|█████████▌| 19/20 [02:19<00:06,  6.30s/it, avg_loss=0.0031, num_batches=44/60, num_samples=44]
      Epoch 19 train:  95%|█████████▌| 19/20 [02:19<00:06,  6.30s/it, avg_loss=0.0031, num_batches=45/60, num_samples=45]
      Epoch 19 train:  95%|█████████▌| 19/20 [02:19<00:06,  6.30s/it, avg_loss=0.0033, num_batches=46/60, num_samples=46]
      Epoch 19 train:  95%|█████████▌| 19/20 [02:19<00:06,  6.30s/it, avg_loss=0.0032, num_batches=47/60, num_samples=47]
      Epoch 19 train:  95%|█████████▌| 19/20 [02:19<00:06,  6.30s/it, avg_loss=0.0032, num_batches=48/60, num_samples=48]
      Epoch 19 train:  95%|█████████▌| 19/20 [02:19<00:06,  6.30s/it, avg_loss=0.0032, num_batches=49/60, num_samples=49]
      Epoch 19 train:  95%|█████████▌| 19/20 [02:19<00:06,  6.30s/it, avg_loss=0.0031, num_batches=50/60, num_samples=50]
      Epoch 19 train:  95%|█████████▌| 19/20 [02:20<00:06,  6.30s/it, avg_loss=0.0031, num_batches=51/60, num_samples=51]
      Epoch 19 train:  95%|█████████▌| 19/20 [02:20<00:06,  6.30s/it, avg_loss=0.0031, num_batches=52/60, num_samples=52]
      Epoch 19 train:  95%|█████████▌| 19/20 [02:20<00:06,  6.30s/it, avg_loss=0.0031, num_batches=53/60, num_samples=53]
      Epoch 19 train:  95%|█████████▌| 19/20 [02:20<00:06,  6.30s/it, avg_loss=0.0031, num_batches=54/60, num_samples=54]
      Epoch 19 train:  95%|█████████▌| 19/20 [02:20<00:06,  6.30s/it, avg_loss=0.0030, num_batches=55/60, num_samples=55]
      Epoch 19 train:  95%|█████████▌| 19/20 [02:20<00:06,  6.30s/it, avg_loss=0.0031, num_batches=56/60, num_samples=56]
      Epoch 19 train:  95%|█████████▌| 19/20 [02:20<00:06,  6.30s/it, avg_loss=0.0038, num_batches=57/60, num_samples=57]
      Epoch 19 train:  95%|█████████▌| 19/20 [02:20<00:06,  6.30s/it, avg_loss=0.0039, num_batches=58/60, num_samples=58]
      Epoch 19 train:  95%|█████████▌| 19/20 [02:20<00:06,  6.30s/it, avg_loss=0.0038, num_batches=59/60, num_samples=59]
      Epoch 19 train:  95%|█████████▌| 19/20 [02:20<00:06,  6.30s/it, avg_loss=0.0038, num_batches=60/60, num_samples=60]
      Epoch 19 val:  95%|█████████▌| 19/20 [02:21<00:06,  6.30s/it, avg_loss=0.0038, num_batches=60/60, num_samples=60]  
      Epoch 19 val:  95%|█████████▌| 19/20 [02:21<00:06,  6.30s/it, avg_loss=0.0922, num_batches=1/15, num_samples=1]  
      Epoch 19 val:  95%|█████████▌| 19/20 [02:21<00:06,  6.30s/it, avg_loss=2.6005, num_batches=2/15, num_samples=2]
      Epoch 19 val:  95%|█████████▌| 19/20 [02:21<00:06,  6.30s/it, avg_loss=1.7435, num_batches=3/15, num_samples=3]
      Epoch 19 val:  95%|█████████▌| 19/20 [02:21<00:06,  6.30s/it, avg_loss=1.3077, num_batches=4/15, num_samples=4]
      Epoch 19 val:  95%|█████████▌| 19/20 [02:21<00:06,  6.30s/it, avg_loss=1.4197, num_batches=5/15, num_samples=5]
      Epoch 19 val:  95%|█████████▌| 19/20 [02:21<00:06,  6.30s/it, avg_loss=1.9220, num_batches=6/15, num_samples=6]
      Epoch 19 val:  95%|█████████▌| 19/20 [02:21<00:06,  6.30s/it, avg_loss=2.8275, num_batches=7/15, num_samples=7]
      Epoch 19 val:  95%|█████████▌| 19/20 [02:21<00:06,  6.30s/it, avg_loss=2.9434, num_batches=8/15, num_samples=8]
      Epoch 19 val:  95%|█████████▌| 19/20 [02:21<00:06,  6.30s/it, avg_loss=2.6511, num_batches=9/15, num_samples=9]
      Epoch 19 val:  95%|█████████▌| 19/20 [02:21<00:06,  6.30s/it, avg_loss=2.3962, num_batches=10/15, num_samples=10]
      Epoch 19 val:  95%|█████████▌| 19/20 [02:21<00:06,  6.30s/it, avg_loss=2.6039, num_batches=11/15, num_samples=11]
      Epoch 19 val:  95%|█████████▌| 19/20 [02:21<00:06,  6.30s/it, avg_loss=2.3879, num_batches=12/15, num_samples=12]
      Epoch 19 val:  95%|█████████▌| 19/20 [02:21<00:06,  6.30s/it, avg_loss=2.6090, num_batches=13/15, num_samples=13]
      Epoch 19 val:  95%|█████████▌| 19/20 [02:21<00:06,  6.30s/it, avg_loss=2.5489, num_batches=14/15, num_samples=14]
      Epoch 19 val:  95%|█████████▌| 19/20 [02:21<00:06,  6.30s/it, avg_loss=2.6958, num_batches=15/15, num_samples=15]
      Epoch 19 val: 100%|██████████| 20/20 [02:22<00:00,  6.41s/it, avg_loss=2.6958, num_batches=15/15, num_samples=15]
      Epoch 19 val: 100%|██████████| 20/20 [02:22<00:00,  7.10s/it, avg_loss=2.6958, num_batches=15/15, num_samples=15]

  0%|          | 0/20 [00:00<?, ?it/s]
      Epoch 0 train:   0%|          | 0/20 [00:00<?, ?it/s]
      Epoch 0 train:   0%|          | 0/20 [00:00<?, ?it/s, avg_loss=1.2923, num_batches=1/60, num_samples=1]
      Epoch 0 train:   0%|          | 0/20 [00:00<?, ?it/s, avg_loss=3.9795, num_batches=2/60, num_samples=2]
      Epoch 0 train:   0%|          | 0/20 [00:00<?, ?it/s, avg_loss=2.6684, num_batches=3/60, num_samples=3]
      Epoch 0 train:   0%|          | 0/20 [00:00<?, ?it/s, avg_loss=2.0267, num_batches=4/60, num_samples=4]
      Epoch 0 train:   0%|          | 0/20 [00:00<?, ?it/s, avg_loss=1.6674, num_batches=5/60, num_samples=5]
      Epoch 0 train:   0%|          | 0/20 [00:00<?, ?it/s, avg_loss=2.7507, num_batches=6/60, num_samples=6]
      Epoch 0 train:   0%|          | 0/20 [00:00<?, ?it/s, avg_loss=2.3765, num_batches=7/60, num_samples=7]
      Epoch 0 train:   0%|          | 0/20 [00:00<?, ?it/s, avg_loss=2.1032, num_batches=8/60, num_samples=8]
      Epoch 0 train:   0%|          | 0/20 [00:00<?, ?it/s, avg_loss=2.1261, num_batches=9/60, num_samples=9]
      Epoch 0 train:   0%|          | 0/20 [00:01<?, ?it/s, avg_loss=1.9386, num_batches=10/60, num_samples=10]
      Epoch 0 train:   0%|          | 0/20 [00:01<?, ?it/s, avg_loss=1.9020, num_batches=11/60, num_samples=11]
      Epoch 0 train:   0%|          | 0/20 [00:01<?, ?it/s, avg_loss=1.9398, num_batches=12/60, num_samples=12]
      Epoch 0 train:   0%|          | 0/20 [00:01<?, ?it/s, avg_loss=1.9099, num_batches=13/60, num_samples=13]
      Epoch 0 train:   0%|          | 0/20 [00:01<?, ?it/s, avg_loss=1.8160, num_batches=14/60, num_samples=14]
      Epoch 0 train:   0%|          | 0/20 [00:01<?, ?it/s, avg_loss=1.9702, num_batches=15/60, num_samples=15]
      Epoch 0 train:   0%|          | 0/20 [00:01<?, ?it/s, avg_loss=2.1248, num_batches=16/60, num_samples=16]
      Epoch 0 train:   0%|          | 0/20 [00:01<?, ?it/s, avg_loss=2.1689, num_batches=17/60, num_samples=17]
      Epoch 0 train:   0%|          | 0/20 [00:01<?, ?it/s, avg_loss=2.1799, num_batches=18/60, num_samples=18]
      Epoch 0 train:   0%|          | 0/20 [00:01<?, ?it/s, avg_loss=2.1427, num_batches=19/60, num_samples=19]
      Epoch 0 train:   0%|          | 0/20 [00:02<?, ?it/s, avg_loss=2.0791, num_batches=20/60, num_samples=20]
      Epoch 0 train:   0%|          | 0/20 [00:02<?, ?it/s, avg_loss=2.0024, num_batches=21/60, num_samples=21]
      Epoch 0 train:   0%|          | 0/20 [00:02<?, ?it/s, avg_loss=1.9212, num_batches=22/60, num_samples=22]
      Epoch 0 train:   0%|          | 0/20 [00:02<?, ?it/s, avg_loss=1.8477, num_batches=23/60, num_samples=23]
      Epoch 0 train:   0%|          | 0/20 [00:02<?, ?it/s, avg_loss=1.8845, num_batches=24/60, num_samples=24]
      Epoch 0 train:   0%|          | 0/20 [00:02<?, ?it/s, avg_loss=1.8129, num_batches=25/60, num_samples=25]
      Epoch 0 train:   0%|          | 0/20 [00:02<?, ?it/s, avg_loss=1.8840, num_batches=26/60, num_samples=26]
      Epoch 0 train:   0%|          | 0/20 [00:02<?, ?it/s, avg_loss=1.9519, num_batches=27/60, num_samples=27]
      Epoch 0 train:   0%|          | 0/20 [00:02<?, ?it/s, avg_loss=1.9927, num_batches=28/60, num_samples=28]
      Epoch 0 train:   0%|          | 0/20 [00:02<?, ?it/s, avg_loss=2.0041, num_batches=29/60, num_samples=29]
      Epoch 0 train:   0%|          | 0/20 [00:02<?, ?it/s, avg_loss=1.9546, num_batches=30/60, num_samples=30]
      Epoch 0 train:   0%|          | 0/20 [00:02<?, ?it/s, avg_loss=1.9306, num_batches=31/60, num_samples=31]
      Epoch 0 train:   0%|          | 0/20 [00:03<?, ?it/s, avg_loss=1.9052, num_batches=32/60, num_samples=32]
      Epoch 0 train:   0%|          | 0/20 [00:03<?, ?it/s, avg_loss=1.8793, num_batches=33/60, num_samples=33]
      Epoch 0 train:   0%|          | 0/20 [00:03<?, ?it/s, avg_loss=1.8788, num_batches=34/60, num_samples=34]
      Epoch 0 train:   0%|          | 0/20 [00:03<?, ?it/s, avg_loss=1.8862, num_batches=35/60, num_samples=35]
      Epoch 0 train:   0%|          | 0/20 [00:03<?, ?it/s, avg_loss=1.8589, num_batches=36/60, num_samples=36]
      Epoch 0 train:   0%|          | 0/20 [00:03<?, ?it/s, avg_loss=1.8310, num_batches=37/60, num_samples=37]
      Epoch 0 train:   0%|          | 0/20 [00:03<?, ?it/s, avg_loss=1.8066, num_batches=38/60, num_samples=38]
      Epoch 0 train:   0%|          | 0/20 [00:03<?, ?it/s, avg_loss=1.8111, num_batches=39/60, num_samples=39]
      Epoch 0 train:   0%|          | 0/20 [00:03<?, ?it/s, avg_loss=1.7888, num_batches=40/60, num_samples=40]
      Epoch 0 train:   0%|          | 0/20 [00:04<?, ?it/s, avg_loss=1.7902, num_batches=41/60, num_samples=41]
      Epoch 0 train:   0%|          | 0/20 [00:04<?, ?it/s, avg_loss=1.7683, num_batches=42/60, num_samples=42]
      Epoch 0 train:   0%|          | 0/20 [00:04<?, ?it/s, avg_loss=1.7473, num_batches=43/60, num_samples=43]
      Epoch 0 train:   0%|          | 0/20 [00:04<?, ?it/s, avg_loss=1.7244, num_batches=44/60, num_samples=44]
      Epoch 0 train:   0%|          | 0/20 [00:04<?, ?it/s, avg_loss=1.7015, num_batches=45/60, num_samples=45]
      Epoch 0 train:   0%|          | 0/20 [00:04<?, ?it/s, avg_loss=1.7079, num_batches=46/60, num_samples=46]
      Epoch 0 train:   0%|          | 0/20 [00:04<?, ?it/s, avg_loss=1.7143, num_batches=47/60, num_samples=47]
      Epoch 0 train:   0%|          | 0/20 [00:04<?, ?it/s, avg_loss=1.6873, num_batches=48/60, num_samples=48]
      Epoch 0 train:   0%|          | 0/20 [00:04<?, ?it/s, avg_loss=1.6831, num_batches=49/60, num_samples=49]
      Epoch 0 train:   0%|          | 0/20 [00:04<?, ?it/s, avg_loss=1.6794, num_batches=50/60, num_samples=50]
      Epoch 0 train:   0%|          | 0/20 [00:05<?, ?it/s, avg_loss=1.6794, num_batches=51/60, num_samples=51]
      Epoch 0 train:   0%|          | 0/20 [00:05<?, ?it/s, avg_loss=1.6829, num_batches=52/60, num_samples=52]
      Epoch 0 train:   0%|          | 0/20 [00:05<?, ?it/s, avg_loss=1.6863, num_batches=53/60, num_samples=53]
      Epoch 0 train:   0%|          | 0/20 [00:05<?, ?it/s, avg_loss=1.6838, num_batches=54/60, num_samples=54]
      Epoch 0 train:   0%|          | 0/20 [00:05<?, ?it/s, avg_loss=1.6747, num_batches=55/60, num_samples=55]
      Epoch 0 train:   0%|          | 0/20 [00:05<?, ?it/s, avg_loss=1.6687, num_batches=56/60, num_samples=56]
      Epoch 0 train:   0%|          | 0/20 [00:05<?, ?it/s, avg_loss=1.6655, num_batches=57/60, num_samples=57]
      Epoch 0 train:   0%|          | 0/20 [00:05<?, ?it/s, avg_loss=1.6567, num_batches=58/60, num_samples=58]
      Epoch 0 train:   0%|          | 0/20 [00:05<?, ?it/s, avg_loss=1.6483, num_batches=59/60, num_samples=59]
      Epoch 0 train:   0%|          | 0/20 [00:05<?, ?it/s, avg_loss=1.6389, num_batches=60/60, num_samples=60]
      Epoch 0 val:   0%|          | 0/20 [00:05<?, ?it/s, avg_loss=1.6389, num_batches=60/60, num_samples=60]  
      Epoch 0 val:   0%|          | 0/20 [00:06<?, ?it/s, avg_loss=0.9894, num_batches=1/15, num_samples=1]  
      Epoch 0 val:   0%|          | 0/20 [00:06<?, ?it/s, avg_loss=0.9677, num_batches=2/15, num_samples=2]
      Epoch 0 val:   0%|          | 0/20 [00:06<?, ?it/s, avg_loss=1.1301, num_batches=3/15, num_samples=3]
      Epoch 0 val:   0%|          | 0/20 [00:06<?, ?it/s, avg_loss=1.1727, num_batches=4/15, num_samples=4]
      Epoch 0 val:   0%|          | 0/20 [00:06<?, ?it/s, avg_loss=1.1266, num_batches=5/15, num_samples=5]
      Epoch 0 val:   0%|          | 0/20 [00:06<?, ?it/s, avg_loss=1.1133, num_batches=6/15, num_samples=6]
      Epoch 0 val:   0%|          | 0/20 [00:06<?, ?it/s, avg_loss=1.0905, num_batches=7/15, num_samples=7]
      Epoch 0 val:   0%|          | 0/20 [00:06<?, ?it/s, avg_loss=1.1201, num_batches=8/15, num_samples=8]
      Epoch 0 val:   0%|          | 0/20 [00:06<?, ?it/s, avg_loss=1.1363, num_batches=9/15, num_samples=9]
      Epoch 0 val:   0%|          | 0/20 [00:06<?, ?it/s, avg_loss=1.1148, num_batches=10/15, num_samples=10]
      Epoch 0 val:   0%|          | 0/20 [00:06<?, ?it/s, avg_loss=1.0941, num_batches=11/15, num_samples=11]
      Epoch 0 val:   0%|          | 0/20 [00:06<?, ?it/s, avg_loss=1.0890, num_batches=12/15, num_samples=12]
      Epoch 0 val:   0%|          | 0/20 [00:06<?, ?it/s, avg_loss=1.0788, num_batches=13/15, num_samples=13]
      Epoch 0 val:   0%|          | 0/20 [00:06<?, ?it/s, avg_loss=1.1046, num_batches=14/15, num_samples=14]
      Epoch 0 val:   0%|          | 0/20 [00:06<?, ?it/s, avg_loss=1.1068, num_batches=15/15, num_samples=15]
      Epoch 0 val:   5%|▌         | 1/20 [00:06<02:10,  6.86s/it, avg_loss=1.1068, num_batches=15/15, num_samples=15]
      Epoch 1 train:   5%|▌         | 1/20 [00:06<02:10,  6.86s/it, avg_loss=1.1068, num_batches=15/15, num_samples=15]
      Epoch 1 train:   5%|▌         | 1/20 [00:07<02:10,  6.86s/it, avg_loss=0.9569, num_batches=1/60, num_samples=1]  
      Epoch 1 train:   5%|▌         | 1/20 [00:07<02:10,  6.86s/it, avg_loss=0.9628, num_batches=2/60, num_samples=2]
      Epoch 1 train:   5%|▌         | 1/20 [00:07<02:10,  6.86s/it, avg_loss=1.1106, num_batches=3/60, num_samples=3]
      Epoch 1 train:   5%|▌         | 1/20 [00:07<02:10,  6.86s/it, avg_loss=1.0495, num_batches=4/60, num_samples=4]
      Epoch 1 train:   5%|▌         | 1/20 [00:07<02:10,  6.86s/it, avg_loss=0.9822, num_batches=5/60, num_samples=5]
      Epoch 1 train:   5%|▌         | 1/20 [00:07<02:10,  6.86s/it, avg_loss=0.9965, num_batches=6/60, num_samples=6]
      Epoch 1 train:   5%|▌         | 1/20 [00:07<02:10,  6.86s/it, avg_loss=1.0930, num_batches=7/60, num_samples=7]
      Epoch 1 train:   5%|▌         | 1/20 [00:07<02:10,  6.86s/it, avg_loss=1.1684, num_batches=8/60, num_samples=8]
      Epoch 1 train:   5%|▌         | 1/20 [00:07<02:10,  6.86s/it, avg_loss=1.1851, num_batches=9/60, num_samples=9]
      Epoch 1 train:   5%|▌         | 1/20 [00:07<02:10,  6.86s/it, avg_loss=1.1794, num_batches=10/60, num_samples=10]
      Epoch 1 train:   5%|▌         | 1/20 [00:08<02:10,  6.86s/it, avg_loss=1.1464, num_batches=11/60, num_samples=11]
      Epoch 1 train:   5%|▌         | 1/20 [00:08<02:10,  6.86s/it, avg_loss=1.1338, num_batches=12/60, num_samples=12]
      Epoch 1 train:   5%|▌         | 1/20 [00:08<02:10,  6.86s/it, avg_loss=1.1325, num_batches=13/60, num_samples=13]
      Epoch 1 train:   5%|▌         | 1/20 [00:08<02:10,  6.86s/it, avg_loss=1.1348, num_batches=14/60, num_samples=14]
      Epoch 1 train:   5%|▌         | 1/20 [00:08<02:10,  6.86s/it, avg_loss=1.1245, num_batches=15/60, num_samples=15]
      Epoch 1 train:   5%|▌         | 1/20 [00:08<02:10,  6.86s/it, avg_loss=1.1124, num_batches=16/60, num_samples=16]
      Epoch 1 train:   5%|▌         | 1/20 [00:08<02:10,  6.86s/it, avg_loss=1.0909, num_batches=17/60, num_samples=17]
      Epoch 1 train:   5%|▌         | 1/20 [00:08<02:10,  6.86s/it, avg_loss=1.0696, num_batches=18/60, num_samples=18]
      Epoch 1 train:   5%|▌         | 1/20 [00:08<02:10,  6.86s/it, avg_loss=1.0741, num_batches=19/60, num_samples=19]
      Epoch 1 train:   5%|▌         | 1/20 [00:09<02:10,  6.86s/it, avg_loss=1.0447, num_batches=20/60, num_samples=20]
      Epoch 1 train:   5%|▌         | 1/20 [00:09<02:10,  6.86s/it, avg_loss=1.0229, num_batches=21/60, num_samples=21]
      Epoch 1 train:   5%|▌         | 1/20 [00:09<02:10,  6.86s/it, avg_loss=1.0400, num_batches=22/60, num_samples=22]
      Epoch 1 train:   5%|▌         | 1/20 [00:09<02:10,  6.86s/it, avg_loss=1.0579, num_batches=23/60, num_samples=23]
      Epoch 1 train:   5%|▌         | 1/20 [00:09<02:10,  6.86s/it, avg_loss=1.0679, num_batches=24/60, num_samples=24]
      Epoch 1 train:   5%|▌         | 1/20 [00:09<02:10,  6.86s/it, avg_loss=1.1086, num_batches=25/60, num_samples=25]
      Epoch 1 train:   5%|▌         | 1/20 [00:09<02:10,  6.86s/it, avg_loss=1.1625, num_batches=26/60, num_samples=26]
      Epoch 1 train:   5%|▌         | 1/20 [00:09<02:10,  6.86s/it, avg_loss=1.2037, num_batches=27/60, num_samples=27]
      Epoch 1 train:   5%|▌         | 1/20 [00:09<02:10,  6.86s/it, avg_loss=1.2295, num_batches=28/60, num_samples=28]
      Epoch 1 train:   5%|▌         | 1/20 [00:09<02:10,  6.86s/it, avg_loss=1.2158, num_batches=29/60, num_samples=29]
      Epoch 1 train:   5%|▌         | 1/20 [00:10<02:10,  6.86s/it, avg_loss=1.2008, num_batches=30/60, num_samples=30]
      Epoch 1 train:   5%|▌         | 1/20 [00:10<02:10,  6.86s/it, avg_loss=1.2015, num_batches=31/60, num_samples=31]
      Epoch 1 train:   5%|▌         | 1/20 [00:10<02:10,  6.86s/it, avg_loss=1.2160, num_batches=32/60, num_samples=32]
      Epoch 1 train:   5%|▌         | 1/20 [00:10<02:10,  6.86s/it, avg_loss=1.2370, num_batches=33/60, num_samples=33]
      Epoch 1 train:   5%|▌         | 1/20 [00:10<02:10,  6.86s/it, avg_loss=1.2261, num_batches=34/60, num_samples=34]
      Epoch 1 train:   5%|▌         | 1/20 [00:10<02:10,  6.86s/it, avg_loss=1.2202, num_batches=35/60, num_samples=35]
      Epoch 1 train:   5%|▌         | 1/20 [00:10<02:10,  6.86s/it, avg_loss=1.2414, num_batches=36/60, num_samples=36]
      Epoch 1 train:   5%|▌         | 1/20 [00:10<02:10,  6.86s/it, avg_loss=1.2586, num_batches=37/60, num_samples=37]
      Epoch 1 train:   5%|▌         | 1/20 [00:10<02:10,  6.86s/it, avg_loss=1.2538, num_batches=38/60, num_samples=38]
      Epoch 1 train:   5%|▌         | 1/20 [00:10<02:10,  6.86s/it, avg_loss=1.2470, num_batches=39/60, num_samples=39]
      Epoch 1 train:   5%|▌         | 1/20 [00:10<02:10,  6.86s/it, avg_loss=1.2410, num_batches=40/60, num_samples=40]
      Epoch 1 train:   5%|▌         | 1/20 [00:10<02:10,  6.86s/it, avg_loss=1.2375, num_batches=41/60, num_samples=41]
      Epoch 1 train:   5%|▌         | 1/20 [00:11<02:10,  6.86s/it, avg_loss=1.2402, num_batches=42/60, num_samples=42]
      Epoch 1 train:   5%|▌         | 1/20 [00:11<02:10,  6.86s/it, avg_loss=1.2328, num_batches=43/60, num_samples=43]
      Epoch 1 train:   5%|▌         | 1/20 [00:11<02:10,  6.86s/it, avg_loss=1.2299, num_batches=44/60, num_samples=44]
      Epoch 1 train:   5%|▌         | 1/20 [00:11<02:10,  6.86s/it, avg_loss=1.2327, num_batches=45/60, num_samples=45]
      Epoch 1 train:   5%|▌         | 1/20 [00:11<02:10,  6.86s/it, avg_loss=1.2327, num_batches=46/60, num_samples=46]
      Epoch 1 train:   5%|▌         | 1/20 [00:11<02:10,  6.86s/it, avg_loss=1.2409, num_batches=47/60, num_samples=47]
      Epoch 1 train:   5%|▌         | 1/20 [00:11<02:10,  6.86s/it, avg_loss=1.2321, num_batches=48/60, num_samples=48]
      Epoch 1 train:   5%|▌         | 1/20 [00:11<02:10,  6.86s/it, avg_loss=1.2297, num_batches=49/60, num_samples=49]
      Epoch 1 train:   5%|▌         | 1/20 [00:11<02:10,  6.86s/it, avg_loss=1.2393, num_batches=50/60, num_samples=50]
      Epoch 1 train:   5%|▌         | 1/20 [00:11<02:10,  6.86s/it, avg_loss=1.2245, num_batches=51/60, num_samples=51]
      Epoch 1 train:   5%|▌         | 1/20 [00:12<02:10,  6.86s/it, avg_loss=1.2341, num_batches=52/60, num_samples=52]
      Epoch 1 train:   5%|▌         | 1/20 [00:12<02:10,  6.86s/it, avg_loss=1.2343, num_batches=53/60, num_samples=53]
      Epoch 1 train:   5%|▌         | 1/20 [00:12<02:10,  6.86s/it, avg_loss=1.2354, num_batches=54/60, num_samples=54]
      Epoch 1 train:   5%|▌         | 1/20 [00:12<02:10,  6.86s/it, avg_loss=1.2368, num_batches=55/60, num_samples=55]
      Epoch 1 train:   5%|▌         | 1/20 [00:12<02:10,  6.86s/it, avg_loss=1.2288, num_batches=56/60, num_samples=56]
      Epoch 1 train:   5%|▌         | 1/20 [00:12<02:10,  6.86s/it, avg_loss=1.2244, num_batches=57/60, num_samples=57]
      Epoch 1 train:   5%|▌         | 1/20 [00:12<02:10,  6.86s/it, avg_loss=1.2238, num_batches=58/60, num_samples=58]
      Epoch 1 train:   5%|▌         | 1/20 [00:12<02:10,  6.86s/it, avg_loss=1.2175, num_batches=59/60, num_samples=59]
      Epoch 1 train:   5%|▌         | 1/20 [00:12<02:10,  6.86s/it, avg_loss=1.2161, num_batches=60/60, num_samples=60]
      Epoch 1 val:   5%|▌         | 1/20 [00:12<02:10,  6.86s/it, avg_loss=1.2161, num_batches=60/60, num_samples=60]  
      Epoch 1 val:   5%|▌         | 1/20 [00:12<02:10,  6.86s/it, avg_loss=1.2512, num_batches=1/15, num_samples=1]  
      Epoch 1 val:   5%|▌         | 1/20 [00:12<02:10,  6.86s/it, avg_loss=1.4580, num_batches=2/15, num_samples=2]
      Epoch 1 val:   5%|▌         | 1/20 [00:13<02:10,  6.86s/it, avg_loss=1.1728, num_batches=3/15, num_samples=3]
      Epoch 1 val:   5%|▌         | 1/20 [00:13<02:10,  6.86s/it, avg_loss=1.2624, num_batches=4/15, num_samples=4]
      Epoch 1 val:   5%|▌         | 1/20 [00:13<02:10,  6.86s/it, avg_loss=1.2405, num_batches=5/15, num_samples=5]
      Epoch 1 val:   5%|▌         | 1/20 [00:13<02:10,  6.86s/it, avg_loss=1.3127, num_batches=6/15, num_samples=6]
      Epoch 1 val:   5%|▌         | 1/20 [00:13<02:10,  6.86s/it, avg_loss=1.3362, num_batches=7/15, num_samples=7]
      Epoch 1 val:   5%|▌         | 1/20 [00:13<02:10,  6.86s/it, avg_loss=1.2398, num_batches=8/15, num_samples=8]
      Epoch 1 val:   5%|▌         | 1/20 [00:13<02:10,  6.86s/it, avg_loss=1.2490, num_batches=9/15, num_samples=9]
      Epoch 1 val:   5%|▌         | 1/20 [00:13<02:10,  6.86s/it, avg_loss=1.2010, num_batches=10/15, num_samples=10]
      Epoch 1 val:   5%|▌         | 1/20 [00:13<02:10,  6.86s/it, avg_loss=1.2565, num_batches=11/15, num_samples=11]
      Epoch 1 val:   5%|▌         | 1/20 [00:13<02:10,  6.86s/it, avg_loss=1.3005, num_batches=12/15, num_samples=12]
      Epoch 1 val:   5%|▌         | 1/20 [00:13<02:10,  6.86s/it, avg_loss=1.3050, num_batches=13/15, num_samples=13]
      Epoch 1 val:   5%|▌         | 1/20 [00:13<02:10,  6.86s/it, avg_loss=1.2473, num_batches=14/15, num_samples=14]
      Epoch 1 val:   5%|▌         | 1/20 [00:13<02:10,  6.86s/it, avg_loss=1.2142, num_batches=15/15, num_samples=15]
      Epoch 1 val:  10%|█         | 2/20 [00:13<02:02,  6.81s/it, avg_loss=1.2142, num_batches=15/15, num_samples=15]
      Epoch 2 train:  10%|█         | 2/20 [00:13<02:02,  6.81s/it, avg_loss=1.2142, num_batches=15/15, num_samples=15]
      Epoch 2 train:  10%|█         | 2/20 [00:13<02:02,  6.81s/it, avg_loss=1.4218, num_batches=1/60, num_samples=1]  
      Epoch 2 train:  10%|█         | 2/20 [00:13<02:02,  6.81s/it, avg_loss=1.3023, num_batches=2/60, num_samples=2]
      Epoch 2 train:  10%|█         | 2/20 [00:14<02:02,  6.81s/it, avg_loss=1.3562, num_batches=3/60, num_samples=3]
      Epoch 2 train:  10%|█         | 2/20 [00:14<02:02,  6.81s/it, avg_loss=1.2373, num_batches=4/60, num_samples=4]
      Epoch 2 train:  10%|█         | 2/20 [00:14<02:02,  6.81s/it, avg_loss=1.1504, num_batches=5/60, num_samples=5]
      Epoch 2 train:  10%|█         | 2/20 [00:14<02:02,  6.81s/it, avg_loss=1.1733, num_batches=6/60, num_samples=6]
      Epoch 2 train:  10%|█         | 2/20 [00:14<02:02,  6.81s/it, avg_loss=1.1651, num_batches=7/60, num_samples=7]
      Epoch 2 train:  10%|█         | 2/20 [00:14<02:02,  6.81s/it, avg_loss=1.0743, num_batches=8/60, num_samples=8]
      Epoch 2 train:  10%|█         | 2/20 [00:14<02:02,  6.81s/it, avg_loss=1.1088, num_batches=9/60, num_samples=9]
      Epoch 2 train:  10%|█         | 2/20 [00:14<02:02,  6.81s/it, avg_loss=0.9993, num_batches=10/60, num_samples=10]
      Epoch 2 train:  10%|█         | 2/20 [00:14<02:02,  6.81s/it, avg_loss=0.9909, num_batches=11/60, num_samples=11]
      Epoch 2 train:  10%|█         | 2/20 [00:14<02:02,  6.81s/it, avg_loss=1.0747, num_batches=12/60, num_samples=12]
      Epoch 2 train:  10%|█         | 2/20 [00:14<02:02,  6.81s/it, avg_loss=1.0166, num_batches=13/60, num_samples=13]
      Epoch 2 train:  10%|█         | 2/20 [00:14<02:02,  6.81s/it, avg_loss=1.0292, num_batches=14/60, num_samples=14]
      Epoch 2 train:  10%|█         | 2/20 [00:15<02:02,  6.81s/it, avg_loss=0.9635, num_batches=15/60, num_samples=15]
      Epoch 2 train:  10%|█         | 2/20 [00:15<02:02,  6.81s/it, avg_loss=0.9441, num_batches=16/60, num_samples=16]
      Epoch 2 train:  10%|█         | 2/20 [00:15<02:02,  6.81s/it, avg_loss=1.0007, num_batches=17/60, num_samples=17]
      Epoch 2 train:  10%|█         | 2/20 [00:15<02:02,  6.81s/it, avg_loss=0.9723, num_batches=18/60, num_samples=18]
      Epoch 2 train:  10%|█         | 2/20 [00:15<02:02,  6.81s/it, avg_loss=0.9615, num_batches=19/60, num_samples=19]
      Epoch 2 train:  10%|█         | 2/20 [00:15<02:02,  6.81s/it, avg_loss=1.0099, num_batches=20/60, num_samples=20]
      Epoch 2 train:  10%|█         | 2/20 [00:15<02:02,  6.81s/it, avg_loss=0.9850, num_batches=21/60, num_samples=21]
      Epoch 2 train:  10%|█         | 2/20 [00:15<02:02,  6.81s/it, avg_loss=0.9680, num_batches=22/60, num_samples=22]
      Epoch 2 train:  10%|█         | 2/20 [00:15<02:02,  6.81s/it, avg_loss=0.9850, num_batches=23/60, num_samples=23]
      Epoch 2 train:  10%|█         | 2/20 [00:15<02:02,  6.81s/it, avg_loss=0.9901, num_batches=24/60, num_samples=24]
      Epoch 2 train:  10%|█         | 2/20 [00:16<02:02,  6.81s/it, avg_loss=0.9980, num_batches=25/60, num_samples=25]
      Epoch 2 train:  10%|█         | 2/20 [00:16<02:02,  6.81s/it, avg_loss=1.0347, num_batches=26/60, num_samples=26]
      Epoch 2 train:  10%|█         | 2/20 [00:16<02:02,  6.81s/it, avg_loss=1.0214, num_batches=27/60, num_samples=27]
      Epoch 2 train:  10%|█         | 2/20 [00:16<02:02,  6.81s/it, avg_loss=1.0202, num_batches=28/60, num_samples=28]
      Epoch 2 train:  10%|█         | 2/20 [00:16<02:02,  6.81s/it, avg_loss=1.0190, num_batches=29/60, num_samples=29]
      Epoch 2 train:  10%|█         | 2/20 [00:16<02:02,  6.81s/it, avg_loss=1.0187, num_batches=30/60, num_samples=30]
      Epoch 2 train:  10%|█         | 2/20 [00:16<02:02,  6.81s/it, avg_loss=0.9966, num_batches=31/60, num_samples=31]
      Epoch 2 train:  10%|█         | 2/20 [00:16<02:02,  6.81s/it, avg_loss=0.9794, num_batches=32/60, num_samples=32]
      Epoch 2 train:  10%|█         | 2/20 [00:16<02:02,  6.81s/it, avg_loss=0.9854, num_batches=33/60, num_samples=33]
      Epoch 2 train:  10%|█         | 2/20 [00:17<02:02,  6.81s/it, avg_loss=0.9970, num_batches=34/60, num_samples=34]
      Epoch 2 train:  10%|█         | 2/20 [00:17<02:02,  6.81s/it, avg_loss=0.9927, num_batches=35/60, num_samples=35]
      Epoch 2 train:  10%|█         | 2/20 [00:17<02:02,  6.81s/it, avg_loss=0.9951, num_batches=36/60, num_samples=36]
      Epoch 2 train:  10%|█         | 2/20 [00:17<02:02,  6.81s/it, avg_loss=1.0012, num_batches=37/60, num_samples=37]
      Epoch 2 train:  10%|█         | 2/20 [00:17<02:02,  6.81s/it, avg_loss=1.0049, num_batches=38/60, num_samples=38]
      Epoch 2 train:  10%|█         | 2/20 [00:17<02:02,  6.81s/it, avg_loss=0.9960, num_batches=39/60, num_samples=39]
      Epoch 2 train:  10%|█         | 2/20 [00:17<02:02,  6.81s/it, avg_loss=1.0101, num_batches=40/60, num_samples=40]
      Epoch 2 train:  10%|█         | 2/20 [00:17<02:02,  6.81s/it, avg_loss=1.0158, num_batches=41/60, num_samples=41]
      Epoch 2 train:  10%|█         | 2/20 [00:17<02:02,  6.81s/it, avg_loss=1.0269, num_batches=42/60, num_samples=42]
      Epoch 2 train:  10%|█         | 2/20 [00:17<02:02,  6.81s/it, avg_loss=1.0387, num_batches=43/60, num_samples=43]
      Epoch 2 train:  10%|█         | 2/20 [00:17<02:02,  6.81s/it, avg_loss=1.0368, num_batches=44/60, num_samples=44]
      Epoch 2 train:  10%|█         | 2/20 [00:18<02:02,  6.81s/it, avg_loss=1.0241, num_batches=45/60, num_samples=45]
      Epoch 2 train:  10%|█         | 2/20 [00:18<02:02,  6.81s/it, avg_loss=1.0124, num_batches=46/60, num_samples=46]
      Epoch 2 train:  10%|█         | 2/20 [00:18<02:02,  6.81s/it, avg_loss=1.0058, num_batches=47/60, num_samples=47]
      Epoch 2 train:  10%|█         | 2/20 [00:18<02:02,  6.81s/it, avg_loss=0.9922, num_batches=48/60, num_samples=48]
      Epoch 2 train:  10%|█         | 2/20 [00:18<02:02,  6.81s/it, avg_loss=0.9747, num_batches=49/60, num_samples=49]
      Epoch 2 train:  10%|█         | 2/20 [00:18<02:02,  6.81s/it, avg_loss=0.9855, num_batches=50/60, num_samples=50]
      Epoch 2 train:  10%|█         | 2/20 [00:18<02:02,  6.81s/it, avg_loss=1.0222, num_batches=51/60, num_samples=51]
      Epoch 2 train:  10%|█         | 2/20 [00:18<02:02,  6.81s/it, avg_loss=1.0034, num_batches=52/60, num_samples=52]
      Epoch 2 train:  10%|█         | 2/20 [00:18<02:02,  6.81s/it, avg_loss=1.0483, num_batches=53/60, num_samples=53]
      Epoch 2 train:  10%|█         | 2/20 [00:18<02:02,  6.81s/it, avg_loss=1.0509, num_batches=54/60, num_samples=54]
      Epoch 2 train:  10%|█         | 2/20 [00:18<02:02,  6.81s/it, avg_loss=1.0565, num_batches=55/60, num_samples=55]
      Epoch 2 train:  10%|█         | 2/20 [00:19<02:02,  6.81s/it, avg_loss=1.0459, num_batches=56/60, num_samples=56]
      Epoch 2 train:  10%|█         | 2/20 [00:19<02:02,  6.81s/it, avg_loss=1.0621, num_batches=57/60, num_samples=57]
      Epoch 2 train:  10%|█         | 2/20 [00:19<02:02,  6.81s/it, avg_loss=1.0642, num_batches=58/60, num_samples=58]
      Epoch 2 train:  10%|█         | 2/20 [00:19<02:02,  6.81s/it, avg_loss=1.0578, num_batches=59/60, num_samples=59]
      Epoch 2 train:  10%|█         | 2/20 [00:19<02:02,  6.81s/it, avg_loss=1.0514, num_batches=60/60, num_samples=60]
      Epoch 2 val:  10%|█         | 2/20 [00:19<02:02,  6.81s/it, avg_loss=1.0514, num_batches=60/60, num_samples=60]  
      Epoch 2 val:  10%|█         | 2/20 [00:19<02:02,  6.81s/it, avg_loss=2.8218, num_batches=1/15, num_samples=1]  
      Epoch 2 val:  10%|█         | 2/20 [00:19<02:02,  6.81s/it, avg_loss=1.5321, num_batches=2/15, num_samples=2]
      Epoch 2 val:  10%|█         | 2/20 [00:19<02:02,  6.81s/it, avg_loss=1.0786, num_batches=3/15, num_samples=3]
      Epoch 2 val:  10%|█         | 2/20 [00:19<02:02,  6.81s/it, avg_loss=1.2701, num_batches=4/15, num_samples=4]
      Epoch 2 val:  10%|█         | 2/20 [00:19<02:02,  6.81s/it, avg_loss=1.2406, num_batches=5/15, num_samples=5]
      Epoch 2 val:  10%|█         | 2/20 [00:19<02:02,  6.81s/it, avg_loss=1.6123, num_batches=6/15, num_samples=6]
      Epoch 2 val:  10%|█         | 2/20 [00:19<02:02,  6.81s/it, avg_loss=1.7347, num_batches=7/15, num_samples=7]
      Epoch 2 val:  10%|█         | 2/20 [00:20<02:02,  6.81s/it, avg_loss=1.6906, num_batches=8/15, num_samples=8]
      Epoch 2 val:  10%|█         | 2/20 [00:20<02:02,  6.81s/it, avg_loss=1.7156, num_batches=9/15, num_samples=9]
      Epoch 2 val:  10%|█         | 2/20 [00:20<02:02,  6.81s/it, avg_loss=1.5772, num_batches=10/15, num_samples=10]
      Epoch 2 val:  10%|█         | 2/20 [00:20<02:02,  6.81s/it, avg_loss=1.7735, num_batches=11/15, num_samples=11]
      Epoch 2 val:  10%|█         | 2/20 [00:20<02:02,  6.81s/it, avg_loss=1.6623, num_batches=12/15, num_samples=12]
      Epoch 2 val:  10%|█         | 2/20 [00:20<02:02,  6.81s/it, avg_loss=1.7492, num_batches=13/15, num_samples=13]
      Epoch 2 val:  10%|█         | 2/20 [00:20<02:02,  6.81s/it, avg_loss=1.7729, num_batches=14/15, num_samples=14]
      Epoch 2 val:  10%|█         | 2/20 [00:20<02:02,  6.81s/it, avg_loss=1.6832, num_batches=15/15, num_samples=15]
      Epoch 2 val:  15%|█▌        | 3/20 [00:20<01:55,  6.77s/it, avg_loss=1.6832, num_batches=15/15, num_samples=15]
      Epoch 3 train:  15%|█▌        | 3/20 [00:20<01:55,  6.77s/it, avg_loss=1.6832, num_batches=15/15, num_samples=15]
      Epoch 3 train:  15%|█▌        | 3/20 [00:20<01:55,  6.77s/it, avg_loss=3.0656, num_batches=1/60, num_samples=1]  
      Epoch 3 train:  15%|█▌        | 3/20 [00:20<01:55,  6.77s/it, avg_loss=2.2719, num_batches=2/60, num_samples=2]
      Epoch 3 train:  15%|█▌        | 3/20 [00:20<01:55,  6.77s/it, avg_loss=1.8228, num_batches=3/60, num_samples=3]
      Epoch 3 train:  15%|█▌        | 3/20 [00:20<01:55,  6.77s/it, avg_loss=1.6869, num_batches=4/60, num_samples=4]
      Epoch 3 train:  15%|█▌        | 3/20 [00:20<01:55,  6.77s/it, avg_loss=1.4506, num_batches=5/60, num_samples=5]
      Epoch 3 train:  15%|█▌        | 3/20 [00:21<01:55,  6.77s/it, avg_loss=1.3977, num_batches=6/60, num_samples=6]
      Epoch 3 train:  15%|█▌        | 3/20 [00:21<01:55,  6.77s/it, avg_loss=1.3019, num_batches=7/60, num_samples=7]
      Epoch 3 train:  15%|█▌        | 3/20 [00:21<01:55,  6.77s/it, avg_loss=1.1787, num_batches=8/60, num_samples=8]
      Epoch 3 train:  15%|█▌        | 3/20 [00:21<01:55,  6.77s/it, avg_loss=1.1078, num_batches=9/60, num_samples=9]
      Epoch 3 train:  15%|█▌        | 3/20 [00:21<01:55,  6.77s/it, avg_loss=1.0749, num_batches=10/60, num_samples=10]
      Epoch 3 train:  15%|█▌        | 3/20 [00:21<01:55,  6.77s/it, avg_loss=1.0596, num_batches=11/60, num_samples=11]
      Epoch 3 train:  15%|█▌        | 3/20 [00:21<01:55,  6.77s/it, avg_loss=1.0551, num_batches=12/60, num_samples=12]
      Epoch 3 train:  15%|█▌        | 3/20 [00:21<01:55,  6.77s/it, avg_loss=1.0077, num_batches=13/60, num_samples=13]
      Epoch 3 train:  15%|█▌        | 3/20 [00:21<01:55,  6.77s/it, avg_loss=0.9957, num_batches=14/60, num_samples=14]
      Epoch 3 train:  15%|█▌        | 3/20 [00:21<01:55,  6.77s/it, avg_loss=0.9371, num_batches=15/60, num_samples=15]
      Epoch 3 train:  15%|█▌        | 3/20 [00:22<01:55,  6.77s/it, avg_loss=0.9424, num_batches=16/60, num_samples=16]
      Epoch 3 train:  15%|█▌        | 3/20 [00:22<01:55,  6.77s/it, avg_loss=0.9231, num_batches=17/60, num_samples=17]
      Epoch 3 train:  15%|█▌        | 3/20 [00:22<01:55,  6.77s/it, avg_loss=0.9040, num_batches=18/60, num_samples=18]
      Epoch 3 train:  15%|█▌        | 3/20 [00:22<01:55,  6.77s/it, avg_loss=0.8882, num_batches=19/60, num_samples=19]
      Epoch 3 train:  15%|█▌        | 3/20 [00:22<01:55,  6.77s/it, avg_loss=0.8663, num_batches=20/60, num_samples=20]
      Epoch 3 train:  15%|█▌        | 3/20 [00:22<01:55,  6.77s/it, avg_loss=0.8947, num_batches=21/60, num_samples=21]
      Epoch 3 train:  15%|█▌        | 3/20 [00:22<01:55,  6.77s/it, avg_loss=0.8829, num_batches=22/60, num_samples=22]
      Epoch 3 train:  15%|█▌        | 3/20 [00:22<01:55,  6.77s/it, avg_loss=0.8468, num_batches=23/60, num_samples=23]
      Epoch 3 train:  15%|█▌        | 3/20 [00:22<01:55,  6.77s/it, avg_loss=0.8982, num_batches=24/60, num_samples=24]
      Epoch 3 train:  15%|█▌        | 3/20 [00:22<01:55,  6.77s/it, avg_loss=0.8725, num_batches=25/60, num_samples=25]
      Epoch 3 train:  15%|█▌        | 3/20 [00:22<01:55,  6.77s/it, avg_loss=0.8901, num_batches=26/60, num_samples=26]
      Epoch 3 train:  15%|█▌        | 3/20 [00:22<01:55,  6.77s/it, avg_loss=0.9041, num_batches=27/60, num_samples=27]
      Epoch 3 train:  15%|█▌        | 3/20 [00:22<01:55,  6.77s/it, avg_loss=0.9118, num_batches=28/60, num_samples=28]
      Epoch 3 train:  15%|█▌        | 3/20 [00:23<01:55,  6.77s/it, avg_loss=0.9314, num_batches=29/60, num_samples=29]
      Epoch 3 train:  15%|█▌        | 3/20 [00:23<01:55,  6.77s/it, avg_loss=0.9096, num_batches=30/60, num_samples=30]
      Epoch 3 train:  15%|█▌        | 3/20 [00:23<01:55,  6.77s/it, avg_loss=0.9140, num_batches=31/60, num_samples=31]
      Epoch 3 train:  15%|█▌        | 3/20 [00:23<01:55,  6.77s/it, avg_loss=0.9100, num_batches=32/60, num_samples=32]
      Epoch 3 train:  15%|█▌        | 3/20 [00:23<01:55,  6.77s/it, avg_loss=0.8908, num_batches=33/60, num_samples=33]
      Epoch 3 train:  15%|█▌        | 3/20 [00:23<01:55,  6.77s/it, avg_loss=0.8925, num_batches=34/60, num_samples=34]
      Epoch 3 train:  15%|█▌        | 3/20 [00:23<01:55,  6.77s/it, avg_loss=0.8941, num_batches=35/60, num_samples=35]
      Epoch 3 train:  15%|█▌        | 3/20 [00:23<01:55,  6.77s/it, avg_loss=0.8694, num_batches=36/60, num_samples=36]
      Epoch 3 train:  15%|█▌        | 3/20 [00:23<01:55,  6.77s/it, avg_loss=0.9428, num_batches=37/60, num_samples=37]
      Epoch 3 train:  15%|█▌        | 3/20 [00:24<01:55,  6.77s/it, avg_loss=0.9230, num_batches=38/60, num_samples=38]
      Epoch 3 train:  15%|█▌        | 3/20 [00:24<01:55,  6.77s/it, avg_loss=0.9052, num_batches=39/60, num_samples=39]
      Epoch 3 train:  15%|█▌        | 3/20 [00:24<01:55,  6.77s/it, avg_loss=0.9821, num_batches=40/60, num_samples=40]
      Epoch 3 train:  15%|█▌        | 3/20 [00:24<01:55,  6.77s/it, avg_loss=1.0480, num_batches=41/60, num_samples=41]
      Epoch 3 train:  15%|█▌        | 3/20 [00:24<01:55,  6.77s/it, avg_loss=1.0490, num_batches=42/60, num_samples=42]
      Epoch 3 train:  15%|█▌        | 3/20 [00:24<01:55,  6.77s/it, avg_loss=1.0278, num_batches=43/60, num_samples=43]
      Epoch 3 train:  15%|█▌        | 3/20 [00:24<01:55,  6.77s/it, avg_loss=1.0213, num_batches=44/60, num_samples=44]
      Epoch 3 train:  15%|█▌        | 3/20 [00:24<01:55,  6.77s/it, avg_loss=1.0058, num_batches=45/60, num_samples=45]
      Epoch 3 train:  15%|█▌        | 3/20 [00:24<01:55,  6.77s/it, avg_loss=0.9902, num_batches=46/60, num_samples=46]
      Epoch 3 train:  15%|█▌        | 3/20 [00:24<01:55,  6.77s/it, avg_loss=1.0074, num_batches=47/60, num_samples=47]
      Epoch 3 train:  15%|█▌        | 3/20 [00:24<01:55,  6.77s/it, avg_loss=1.0192, num_batches=48/60, num_samples=48]
      Epoch 3 train:  15%|█▌        | 3/20 [00:24<01:55,  6.77s/it, avg_loss=1.0303, num_batches=49/60, num_samples=49]
      Epoch 3 train:  15%|█▌        | 3/20 [00:24<01:55,  6.77s/it, avg_loss=1.0280, num_batches=50/60, num_samples=50]
      Epoch 3 train:  15%|█▌        | 3/20 [00:25<01:55,  6.77s/it, avg_loss=1.0290, num_batches=51/60, num_samples=51]
      Epoch 3 train:  15%|█▌        | 3/20 [00:25<01:55,  6.77s/it, avg_loss=1.0330, num_batches=52/60, num_samples=52]
      Epoch 3 train:  15%|█▌        | 3/20 [00:25<01:55,  6.77s/it, avg_loss=1.0510, num_batches=53/60, num_samples=53]
      Epoch 3 train:  15%|█▌        | 3/20 [00:25<01:55,  6.77s/it, avg_loss=1.0413, num_batches=54/60, num_samples=54]
      Epoch 3 train:  15%|█▌        | 3/20 [00:25<01:55,  6.77s/it, avg_loss=1.0279, num_batches=55/60, num_samples=55]
      Epoch 3 train:  15%|█▌        | 3/20 [00:25<01:55,  6.77s/it, avg_loss=1.0243, num_batches=56/60, num_samples=56]
      Epoch 3 train:  15%|█▌        | 3/20 [00:25<01:55,  6.77s/it, avg_loss=1.0176, num_batches=57/60, num_samples=57]
      Epoch 3 train:  15%|█▌        | 3/20 [00:25<01:55,  6.77s/it, avg_loss=1.0190, num_batches=58/60, num_samples=58]
      Epoch 3 train:  15%|█▌        | 3/20 [00:26<01:55,  6.77s/it, avg_loss=1.0099, num_batches=59/60, num_samples=59]
      Epoch 3 train:  15%|█▌        | 3/20 [00:26<01:55,  6.77s/it, avg_loss=1.0003, num_batches=60/60, num_samples=60]
      Epoch 3 val:  15%|█▌        | 3/20 [00:26<01:55,  6.77s/it, avg_loss=1.0003, num_batches=60/60, num_samples=60]  
      Epoch 3 val:  15%|█▌        | 3/20 [00:26<01:55,  6.77s/it, avg_loss=0.4253, num_batches=1/15, num_samples=1]  
      Epoch 3 val:  15%|█▌        | 3/20 [00:26<01:55,  6.77s/it, avg_loss=0.3652, num_batches=2/15, num_samples=2]
      Epoch 3 val:  15%|█▌        | 3/20 [00:26<01:55,  6.77s/it, avg_loss=1.0314, num_batches=3/15, num_samples=3]
      Epoch 3 val:  15%|█▌        | 3/20 [00:26<01:55,  6.77s/it, avg_loss=1.2160, num_batches=4/15, num_samples=4]
      Epoch 3 val:  15%|█▌        | 3/20 [00:26<01:55,  6.77s/it, avg_loss=1.6472, num_batches=5/15, num_samples=5]
      Epoch 3 val:  15%|█▌        | 3/20 [00:26<01:55,  6.77s/it, avg_loss=1.6907, num_batches=6/15, num_samples=6]
      Epoch 3 val:  15%|█▌        | 3/20 [00:26<01:55,  6.77s/it, avg_loss=1.6400, num_batches=7/15, num_samples=7]
      Epoch 3 val:  15%|█▌        | 3/20 [00:26<01:55,  6.77s/it, avg_loss=1.6293, num_batches=8/15, num_samples=8]
      Epoch 3 val:  15%|█▌        | 3/20 [00:26<01:55,  6.77s/it, avg_loss=1.6643, num_batches=9/15, num_samples=9]
      Epoch 3 val:  15%|█▌        | 3/20 [00:26<01:55,  6.77s/it, avg_loss=1.8442, num_batches=10/15, num_samples=10]
      Epoch 3 val:  15%|█▌        | 3/20 [00:26<01:55,  6.77s/it, avg_loss=1.7234, num_batches=11/15, num_samples=11]
      Epoch 3 val:  15%|█▌        | 3/20 [00:26<01:55,  6.77s/it, avg_loss=1.6557, num_batches=12/15, num_samples=12]
      Epoch 3 val:  15%|█▌        | 3/20 [00:26<01:55,  6.77s/it, avg_loss=1.5527, num_batches=13/15, num_samples=13]
      Epoch 3 val:  15%|█▌        | 3/20 [00:26<01:55,  6.77s/it, avg_loss=1.6169, num_batches=14/15, num_samples=14]
      Epoch 3 val:  15%|█▌        | 3/20 [00:27<01:55,  6.77s/it, avg_loss=1.5295, num_batches=15/15, num_samples=15]
      Epoch 3 val:  20%|██        | 4/20 [00:27<01:48,  6.79s/it, avg_loss=1.5295, num_batches=15/15, num_samples=15]
      Epoch 4 train:  20%|██        | 4/20 [00:27<01:48,  6.79s/it, avg_loss=1.5295, num_batches=15/15, num_samples=15]
      Epoch 4 train:  20%|██        | 4/20 [00:27<01:48,  6.79s/it, avg_loss=1.2371, num_batches=1/60, num_samples=1]  
      Epoch 4 train:  20%|██        | 4/20 [00:27<01:48,  6.79s/it, avg_loss=0.7171, num_batches=2/60, num_samples=2]
      Epoch 4 train:  20%|██        | 4/20 [00:27<01:48,  6.79s/it, avg_loss=0.8250, num_batches=3/60, num_samples=3]
      Epoch 4 train:  20%|██        | 4/20 [00:27<01:48,  6.79s/it, avg_loss=1.2832, num_batches=4/60, num_samples=4]
      Epoch 4 train:  20%|██        | 4/20 [00:27<01:48,  6.79s/it, avg_loss=1.1325, num_batches=5/60, num_samples=5]
      Epoch 4 train:  20%|██        | 4/20 [00:27<01:48,  6.79s/it, avg_loss=1.0794, num_batches=6/60, num_samples=6]
      Epoch 4 train:  20%|██        | 4/20 [00:27<01:48,  6.79s/it, avg_loss=0.9516, num_batches=7/60, num_samples=7]
      Epoch 4 train:  20%|██        | 4/20 [00:28<01:48,  6.79s/it, avg_loss=1.0592, num_batches=8/60, num_samples=8]
      Epoch 4 train:  20%|██        | 4/20 [00:28<01:48,  6.79s/it, avg_loss=0.9665, num_batches=9/60, num_samples=9]
      Epoch 4 train:  20%|██        | 4/20 [00:28<01:48,  6.79s/it, avg_loss=0.8875, num_batches=10/60, num_samples=10]
      Epoch 4 train:  20%|██        | 4/20 [00:28<01:48,  6.79s/it, avg_loss=0.8764, num_batches=11/60, num_samples=11]
      Epoch 4 train:  20%|██        | 4/20 [00:28<01:48,  6.79s/it, avg_loss=0.8954, num_batches=12/60, num_samples=12]
      Epoch 4 train:  20%|██        | 4/20 [00:28<01:48,  6.79s/it, avg_loss=0.8679, num_batches=13/60, num_samples=13]
      Epoch 4 train:  20%|██        | 4/20 [00:28<01:48,  6.79s/it, avg_loss=0.8418, num_batches=14/60, num_samples=14]
      Epoch 4 train:  20%|██        | 4/20 [00:28<01:48,  6.79s/it, avg_loss=0.7941, num_batches=15/60, num_samples=15]
      Epoch 4 train:  20%|██        | 4/20 [00:28<01:48,  6.79s/it, avg_loss=0.8682, num_batches=16/60, num_samples=16]
      Epoch 4 train:  20%|██        | 4/20 [00:28<01:48,  6.79s/it, avg_loss=0.8677, num_batches=17/60, num_samples=17]
      Epoch 4 train:  20%|██        | 4/20 [00:28<01:48,  6.79s/it, avg_loss=0.9158, num_batches=18/60, num_samples=18]
      Epoch 4 train:  20%|██        | 4/20 [00:29<01:48,  6.79s/it, avg_loss=0.9350, num_batches=19/60, num_samples=19]
      Epoch 4 train:  20%|██        | 4/20 [00:29<01:48,  6.79s/it, avg_loss=0.8978, num_batches=20/60, num_samples=20]
      Epoch 4 train:  20%|██        | 4/20 [00:29<01:48,  6.79s/it, avg_loss=0.8840, num_batches=21/60, num_samples=21]
      Epoch 4 train:  20%|██        | 4/20 [00:29<01:48,  6.79s/it, avg_loss=0.9184, num_batches=22/60, num_samples=22]
      Epoch 4 train:  20%|██        | 4/20 [00:29<01:48,  6.79s/it, avg_loss=0.9201, num_batches=23/60, num_samples=23]
      Epoch 4 train:  20%|██        | 4/20 [00:29<01:48,  6.79s/it, avg_loss=0.8932, num_batches=24/60, num_samples=24]
      Epoch 4 train:  20%|██        | 4/20 [00:29<01:48,  6.79s/it, avg_loss=0.8575, num_batches=25/60, num_samples=25]
      Epoch 4 train:  20%|██        | 4/20 [00:29<01:48,  6.79s/it, avg_loss=0.8574, num_batches=26/60, num_samples=26]
      Epoch 4 train:  20%|██        | 4/20 [00:30<01:48,  6.79s/it, avg_loss=0.8332, num_batches=27/60, num_samples=27]
      Epoch 4 train:  20%|██        | 4/20 [00:30<01:48,  6.79s/it, avg_loss=0.8168, num_batches=28/60, num_samples=28]
      Epoch 4 train:  20%|██        | 4/20 [00:30<01:48,  6.79s/it, avg_loss=0.8399, num_batches=29/60, num_samples=29]
      Epoch 4 train:  20%|██        | 4/20 [00:30<01:48,  6.79s/it, avg_loss=0.8494, num_batches=30/60, num_samples=30]
      Epoch 4 train:  20%|██        | 4/20 [00:30<01:48,  6.79s/it, avg_loss=0.8324, num_batches=31/60, num_samples=31]
      Epoch 4 train:  20%|██        | 4/20 [00:30<01:48,  6.79s/it, avg_loss=0.8197, num_batches=32/60, num_samples=32]
      Epoch 4 train:  20%|██        | 4/20 [00:30<01:48,  6.79s/it, avg_loss=0.8344, num_batches=33/60, num_samples=33]
      Epoch 4 train:  20%|██        | 4/20 [00:30<01:48,  6.79s/it, avg_loss=0.8207, num_batches=34/60, num_samples=34]
      Epoch 4 train:  20%|██        | 4/20 [00:30<01:48,  6.79s/it, avg_loss=0.8111, num_batches=35/60, num_samples=35]
      Epoch 4 train:  20%|██        | 4/20 [00:30<01:48,  6.79s/it, avg_loss=0.8030, num_batches=36/60, num_samples=36]
      Epoch 4 train:  20%|██        | 4/20 [00:30<01:48,  6.79s/it, avg_loss=0.7867, num_batches=37/60, num_samples=37]
      Epoch 4 train:  20%|██        | 4/20 [00:31<01:48,  6.79s/it, avg_loss=0.7889, num_batches=38/60, num_samples=38]
      Epoch 4 train:  20%|██        | 4/20 [00:31<01:48,  6.79s/it, avg_loss=0.7726, num_batches=39/60, num_samples=39]
      Epoch 4 train:  20%|██        | 4/20 [00:31<01:48,  6.79s/it, avg_loss=0.7573, num_batches=40/60, num_samples=40]
      Epoch 4 train:  20%|██        | 4/20 [00:31<01:48,  6.79s/it, avg_loss=0.7585, num_batches=41/60, num_samples=41]
      Epoch 4 train:  20%|██        | 4/20 [00:31<01:48,  6.79s/it, avg_loss=0.7559, num_batches=42/60, num_samples=42]
      Epoch 4 train:  20%|██        | 4/20 [00:31<01:48,  6.79s/it, avg_loss=0.7527, num_batches=43/60, num_samples=43]
      Epoch 4 train:  20%|██        | 4/20 [00:31<01:48,  6.79s/it, avg_loss=0.7411, num_batches=44/60, num_samples=44]
      Epoch 4 train:  20%|██        | 4/20 [00:31<01:48,  6.79s/it, avg_loss=0.7247, num_batches=45/60, num_samples=45]
      Epoch 4 train:  20%|██        | 4/20 [00:31<01:48,  6.79s/it, avg_loss=0.7133, num_batches=46/60, num_samples=46]
      Epoch 4 train:  20%|██        | 4/20 [00:31<01:48,  6.79s/it, avg_loss=0.6985, num_batches=47/60, num_samples=47]
      Epoch 4 train:  20%|██        | 4/20 [00:31<01:48,  6.79s/it, avg_loss=0.6959, num_batches=48/60, num_samples=48]
      Epoch 4 train:  20%|██        | 4/20 [00:31<01:48,  6.79s/it, avg_loss=0.6832, num_batches=49/60, num_samples=49]
      Epoch 4 train:  20%|██        | 4/20 [00:32<01:48,  6.79s/it, avg_loss=0.6770, num_batches=50/60, num_samples=50]
      Epoch 4 train:  20%|██        | 4/20 [00:32<01:48,  6.79s/it, avg_loss=0.6898, num_batches=51/60, num_samples=51]
      Epoch 4 train:  20%|██        | 4/20 [00:32<01:48,  6.79s/it, avg_loss=0.7159, num_batches=52/60, num_samples=52]
      Epoch 4 train:  20%|██        | 4/20 [00:32<01:48,  6.79s/it, avg_loss=0.7081, num_batches=53/60, num_samples=53]
      Epoch 4 train:  20%|██        | 4/20 [00:32<01:48,  6.79s/it, avg_loss=0.7004, num_batches=54/60, num_samples=54]
      Epoch 4 train:  20%|██        | 4/20 [00:32<01:48,  6.79s/it, avg_loss=0.7166, num_batches=55/60, num_samples=55]
      Epoch 4 train:  20%|██        | 4/20 [00:32<01:48,  6.79s/it, avg_loss=0.7293, num_batches=56/60, num_samples=56]
      Epoch 4 train:  20%|██        | 4/20 [00:32<01:48,  6.79s/it, avg_loss=0.7252, num_batches=57/60, num_samples=57]
      Epoch 4 train:  20%|██        | 4/20 [00:32<01:48,  6.79s/it, avg_loss=0.7229, num_batches=58/60, num_samples=58]
      Epoch 4 train:  20%|██        | 4/20 [00:32<01:48,  6.79s/it, avg_loss=0.7124, num_batches=59/60, num_samples=59]
      Epoch 4 train:  20%|██        | 4/20 [00:32<01:48,  6.79s/it, avg_loss=0.7081, num_batches=60/60, num_samples=60]
      Epoch 4 val:  20%|██        | 4/20 [00:33<01:48,  6.79s/it, avg_loss=0.7081, num_batches=60/60, num_samples=60]  
      Epoch 4 val:  20%|██        | 4/20 [00:33<01:48,  6.79s/it, avg_loss=1.7273, num_batches=1/15, num_samples=1]  
      Epoch 4 val:  20%|██        | 4/20 [00:33<01:48,  6.79s/it, avg_loss=1.3332, num_batches=2/15, num_samples=2]
      Epoch 4 val:  20%|██        | 4/20 [00:33<01:48,  6.79s/it, avg_loss=1.8185, num_batches=3/15, num_samples=3]
      Epoch 4 val:  20%|██        | 4/20 [00:33<01:48,  6.79s/it, avg_loss=2.2059, num_batches=4/15, num_samples=4]
      Epoch 4 val:  20%|██        | 4/20 [00:33<01:48,  6.79s/it, avg_loss=1.7831, num_batches=5/15, num_samples=5]
      Epoch 4 val:  20%|██        | 4/20 [00:33<01:48,  6.79s/it, avg_loss=1.6075, num_batches=6/15, num_samples=6]
      Epoch 4 val:  20%|██        | 4/20 [00:33<01:48,  6.79s/it, avg_loss=1.4261, num_batches=7/15, num_samples=7]
      Epoch 4 val:  20%|██        | 4/20 [00:33<01:48,  6.79s/it, avg_loss=1.4612, num_batches=8/15, num_samples=8]
      Epoch 4 val:  20%|██        | 4/20 [00:33<01:48,  6.79s/it, avg_loss=1.3474, num_batches=9/15, num_samples=9]
      Epoch 4 val:  20%|██        | 4/20 [00:33<01:48,  6.79s/it, avg_loss=1.4526, num_batches=10/15, num_samples=10]
      Epoch 4 val:  20%|██        | 4/20 [00:33<01:48,  6.79s/it, avg_loss=1.3795, num_batches=11/15, num_samples=11]
      Epoch 4 val:  20%|██        | 4/20 [00:33<01:48,  6.79s/it, avg_loss=1.3289, num_batches=12/15, num_samples=12]
      Epoch 4 val:  20%|██        | 4/20 [00:33<01:48,  6.79s/it, avg_loss=1.3749, num_batches=13/15, num_samples=13]
      Epoch 4 val:  20%|██        | 4/20 [00:33<01:48,  6.79s/it, avg_loss=1.4507, num_batches=14/15, num_samples=14]
      Epoch 4 val:  20%|██        | 4/20 [00:33<01:48,  6.79s/it, avg_loss=1.5427, num_batches=15/15, num_samples=15]
      Epoch 4 val:  25%|██▌       | 5/20 [00:33<01:41,  6.79s/it, avg_loss=1.5427, num_batches=15/15, num_samples=15]
      Epoch 5 train:  25%|██▌       | 5/20 [00:33<01:41,  6.79s/it, avg_loss=1.5427, num_batches=15/15, num_samples=15]
      Epoch 5 train:  25%|██▌       | 5/20 [00:34<01:41,  6.79s/it, avg_loss=1.0460, num_batches=1/60, num_samples=1]  
      Epoch 5 train:  25%|██▌       | 5/20 [00:34<01:41,  6.79s/it, avg_loss=0.7894, num_batches=2/60, num_samples=2]
      Epoch 5 train:  25%|██▌       | 5/20 [00:34<01:41,  6.79s/it, avg_loss=0.8953, num_batches=3/60, num_samples=3]
      Epoch 5 train:  25%|██▌       | 5/20 [00:34<01:41,  6.79s/it, avg_loss=0.7294, num_batches=4/60, num_samples=4]
      Epoch 5 train:  25%|██▌       | 5/20 [00:34<01:41,  6.79s/it, avg_loss=0.8012, num_batches=5/60, num_samples=5]
      Epoch 5 train:  25%|██▌       | 5/20 [00:34<01:41,  6.79s/it, avg_loss=0.7511, num_batches=6/60, num_samples=6]
      Epoch 5 train:  25%|██▌       | 5/20 [00:34<01:41,  6.79s/it, avg_loss=0.7479, num_batches=7/60, num_samples=7]
      Epoch 5 train:  25%|██▌       | 5/20 [00:34<01:41,  6.79s/it, avg_loss=0.6843, num_batches=8/60, num_samples=8]
      Epoch 5 train:  25%|██▌       | 5/20 [00:35<01:41,  6.79s/it, avg_loss=0.6169, num_batches=9/60, num_samples=9]
      Epoch 5 train:  25%|██▌       | 5/20 [00:35<01:41,  6.79s/it, avg_loss=0.5590, num_batches=10/60, num_samples=10]
      Epoch 5 train:  25%|██▌       | 5/20 [00:35<01:41,  6.79s/it, avg_loss=0.5260, num_batches=11/60, num_samples=11]
      Epoch 5 train:  25%|██▌       | 5/20 [00:35<01:41,  6.79s/it, avg_loss=0.5079, num_batches=12/60, num_samples=12]
      Epoch 5 train:  25%|██▌       | 5/20 [00:35<01:41,  6.79s/it, avg_loss=0.4864, num_batches=13/60, num_samples=13]
      Epoch 5 train:  25%|██▌       | 5/20 [00:35<01:41,  6.79s/it, avg_loss=0.4921, num_batches=14/60, num_samples=14]
      Epoch 5 train:  25%|██▌       | 5/20 [00:35<01:41,  6.79s/it, avg_loss=0.4605, num_batches=15/60, num_samples=15]
      Epoch 5 train:  25%|██▌       | 5/20 [00:35<01:41,  6.79s/it, avg_loss=0.4468, num_batches=16/60, num_samples=16]
      Epoch 5 train:  25%|██▌       | 5/20 [00:35<01:41,  6.79s/it, avg_loss=0.4450, num_batches=17/60, num_samples=17]
      Epoch 5 train:  25%|██▌       | 5/20 [00:35<01:41,  6.79s/it, avg_loss=0.4217, num_batches=18/60, num_samples=18]
      Epoch 5 train:  25%|██▌       | 5/20 [00:35<01:41,  6.79s/it, avg_loss=0.4201, num_batches=19/60, num_samples=19]
      Epoch 5 train:  25%|██▌       | 5/20 [00:35<01:41,  6.79s/it, avg_loss=0.4029, num_batches=20/60, num_samples=20]
      Epoch 5 train:  25%|██▌       | 5/20 [00:35<01:41,  6.79s/it, avg_loss=0.4690, num_batches=21/60, num_samples=21]
      Epoch 5 train:  25%|██▌       | 5/20 [00:35<01:41,  6.79s/it, avg_loss=0.4713, num_batches=22/60, num_samples=22]
      Epoch 5 train:  25%|██▌       | 5/20 [00:35<01:41,  6.79s/it, avg_loss=0.5407, num_batches=23/60, num_samples=23]
      Epoch 5 train:  25%|██▌       | 5/20 [00:35<01:41,  6.79s/it, avg_loss=0.5206, num_batches=24/60, num_samples=24]
      Epoch 5 train:  25%|██▌       | 5/20 [00:36<01:41,  6.79s/it, avg_loss=0.5421, num_batches=25/60, num_samples=25]
      Epoch 5 train:  25%|██▌       | 5/20 [00:36<01:41,  6.79s/it, avg_loss=0.5418, num_batches=26/60, num_samples=26]
      Epoch 5 train:  25%|██▌       | 5/20 [00:36<01:41,  6.79s/it, avg_loss=0.5217, num_batches=27/60, num_samples=27]
      Epoch 5 train:  25%|██▌       | 5/20 [00:36<01:41,  6.79s/it, avg_loss=0.5245, num_batches=28/60, num_samples=28]
      Epoch 5 train:  25%|██▌       | 5/20 [00:36<01:41,  6.79s/it, avg_loss=0.5246, num_batches=29/60, num_samples=29]
      Epoch 5 train:  25%|██▌       | 5/20 [00:36<01:41,  6.79s/it, avg_loss=0.5072, num_batches=30/60, num_samples=30]
      Epoch 5 train:  25%|██▌       | 5/20 [00:36<01:41,  6.79s/it, avg_loss=0.5048, num_batches=31/60, num_samples=31]
      Epoch 5 train:  25%|██▌       | 5/20 [00:36<01:41,  6.79s/it, avg_loss=0.4919, num_batches=32/60, num_samples=32]
      Epoch 5 train:  25%|██▌       | 5/20 [00:36<01:41,  6.79s/it, avg_loss=0.4920, num_batches=33/60, num_samples=33]
      Epoch 5 train:  25%|██▌       | 5/20 [00:36<01:41,  6.79s/it, avg_loss=0.4872, num_batches=34/60, num_samples=34]
      Epoch 5 train:  25%|██▌       | 5/20 [00:36<01:41,  6.79s/it, avg_loss=0.4932, num_batches=35/60, num_samples=35]
      Epoch 5 train:  25%|██▌       | 5/20 [00:36<01:41,  6.79s/it, avg_loss=0.4809, num_batches=36/60, num_samples=36]
      Epoch 5 train:  25%|██▌       | 5/20 [00:36<01:41,  6.79s/it, avg_loss=0.4692, num_batches=37/60, num_samples=37]
      Epoch 5 train:  25%|██▌       | 5/20 [00:36<01:41,  6.79s/it, avg_loss=0.4637, num_batches=38/60, num_samples=38]
      Epoch 5 train:  25%|██▌       | 5/20 [00:36<01:41,  6.79s/it, avg_loss=0.4521, num_batches=39/60, num_samples=39]
      Epoch 5 train:  25%|██▌       | 5/20 [00:36<01:41,  6.79s/it, avg_loss=0.4462, num_batches=40/60, num_samples=40]
      Epoch 5 train:  25%|██▌       | 5/20 [00:36<01:41,  6.79s/it, avg_loss=0.4356, num_batches=41/60, num_samples=41]
      Epoch 5 train:  25%|██▌       | 5/20 [00:36<01:41,  6.79s/it, avg_loss=0.4554, num_batches=42/60, num_samples=42]
      Epoch 5 train:  25%|██▌       | 5/20 [00:37<01:41,  6.79s/it, avg_loss=0.4561, num_batches=43/60, num_samples=43]
      Epoch 5 train:  25%|██▌       | 5/20 [00:37<01:41,  6.79s/it, avg_loss=0.4629, num_batches=44/60, num_samples=44]
      Epoch 5 train:  25%|██▌       | 5/20 [00:37<01:41,  6.79s/it, avg_loss=0.4534, num_batches=45/60, num_samples=45]
      Epoch 5 train:  25%|██▌       | 5/20 [00:37<01:41,  6.79s/it, avg_loss=0.4555, num_batches=46/60, num_samples=46]
      Epoch 5 train:  25%|██▌       | 5/20 [00:37<01:41,  6.79s/it, avg_loss=0.4482, num_batches=47/60, num_samples=47]
      Epoch 5 train:  25%|██▌       | 5/20 [00:37<01:41,  6.79s/it, avg_loss=0.4464, num_batches=48/60, num_samples=48]
      Epoch 5 train:  25%|██▌       | 5/20 [00:37<01:41,  6.79s/it, avg_loss=0.4892, num_batches=49/60, num_samples=49]
      Epoch 5 train:  25%|██▌       | 5/20 [00:37<01:41,  6.79s/it, avg_loss=0.5061, num_batches=50/60, num_samples=50]
      Epoch 5 train:  25%|██▌       | 5/20 [00:37<01:41,  6.79s/it, avg_loss=0.4976, num_batches=51/60, num_samples=51]
      Epoch 5 train:  25%|██▌       | 5/20 [00:37<01:41,  6.79s/it, avg_loss=0.4894, num_batches=52/60, num_samples=52]
      Epoch 5 train:  25%|██▌       | 5/20 [00:37<01:41,  6.79s/it, avg_loss=0.4831, num_batches=53/60, num_samples=53]
      Epoch 5 train:  25%|██▌       | 5/20 [00:37<01:41,  6.79s/it, avg_loss=0.4773, num_batches=54/60, num_samples=54]
      Epoch 5 train:  25%|██▌       | 5/20 [00:37<01:41,  6.79s/it, avg_loss=0.4722, num_batches=55/60, num_samples=55]
      Epoch 5 train:  25%|██▌       | 5/20 [00:37<01:41,  6.79s/it, avg_loss=0.4644, num_batches=56/60, num_samples=56]
      Epoch 5 train:  25%|██▌       | 5/20 [00:37<01:41,  6.79s/it, avg_loss=0.4563, num_batches=57/60, num_samples=57]
      Epoch 5 train:  25%|██▌       | 5/20 [00:37<01:41,  6.79s/it, avg_loss=0.4810, num_batches=58/60, num_samples=58]
      Epoch 5 train:  25%|██▌       | 5/20 [00:37<01:41,  6.79s/it, avg_loss=0.4760, num_batches=59/60, num_samples=59]
      Epoch 5 train:  25%|██▌       | 5/20 [00:37<01:41,  6.79s/it, avg_loss=0.4681, num_batches=60/60, num_samples=60]
      Epoch 5 val:  25%|██▌       | 5/20 [00:38<01:41,  6.79s/it, avg_loss=0.4681, num_batches=60/60, num_samples=60]  
      Epoch 5 val:  25%|██▌       | 5/20 [00:38<01:41,  6.79s/it, avg_loss=0.0070, num_batches=1/15, num_samples=1]  
      Epoch 5 val:  25%|██▌       | 5/20 [00:38<01:41,  6.79s/it, avg_loss=2.4644, num_batches=2/15, num_samples=2]
      Epoch 5 val:  25%|██▌       | 5/20 [00:38<01:41,  6.79s/it, avg_loss=3.9837, num_batches=3/15, num_samples=3]
      Epoch 5 val:  25%|██▌       | 5/20 [00:38<01:41,  6.79s/it, avg_loss=4.7193, num_batches=4/15, num_samples=4]
      Epoch 5 val:  25%|██▌       | 5/20 [00:38<01:41,  6.79s/it, avg_loss=4.7548, num_batches=5/15, num_samples=5]
      Epoch 5 val:  25%|██▌       | 5/20 [00:38<01:41,  6.79s/it, avg_loss=4.2077, num_batches=6/15, num_samples=6]
      Epoch 5 val:  25%|██▌       | 5/20 [00:38<01:41,  6.79s/it, avg_loss=4.3849, num_batches=7/15, num_samples=7]
      Epoch 5 val:  25%|██▌       | 5/20 [00:38<01:41,  6.79s/it, avg_loss=3.8381, num_batches=8/15, num_samples=8]
      Epoch 5 val:  25%|██▌       | 5/20 [00:38<01:41,  6.79s/it, avg_loss=4.1915, num_batches=9/15, num_samples=9]
      Epoch 5 val:  25%|██▌       | 5/20 [00:38<01:41,  6.79s/it, avg_loss=3.7728, num_batches=10/15, num_samples=10]
      Epoch 5 val:  25%|██▌       | 5/20 [00:38<01:41,  6.79s/it, avg_loss=3.4368, num_batches=11/15, num_samples=11]
      Epoch 5 val:  25%|██▌       | 5/20 [00:38<01:41,  6.79s/it, avg_loss=3.1581, num_batches=12/15, num_samples=12]
      Epoch 5 val:  25%|██▌       | 5/20 [00:38<01:41,  6.79s/it, avg_loss=3.0210, num_batches=13/15, num_samples=13]
      Epoch 5 val:  25%|██▌       | 5/20 [00:38<01:41,  6.79s/it, avg_loss=3.3815, num_batches=14/15, num_samples=14]
      Epoch 5 val:  25%|██▌       | 5/20 [00:38<01:41,  6.79s/it, avg_loss=3.2618, num_batches=15/15, num_samples=15]
      Epoch 5 val:  30%|███       | 6/20 [00:38<01:25,  6.08s/it, avg_loss=3.2618, num_batches=15/15, num_samples=15]
      Epoch 6 train:  30%|███       | 6/20 [00:38<01:25,  6.08s/it, avg_loss=3.2618, num_batches=15/15, num_samples=15]
      Epoch 6 train:  30%|███       | 6/20 [00:38<01:25,  6.08s/it, avg_loss=0.5557, num_batches=1/60, num_samples=1]  
      Epoch 6 train:  30%|███       | 6/20 [00:38<01:25,  6.08s/it, avg_loss=0.2785, num_batches=2/60, num_samples=2]
      Epoch 6 train:  30%|███       | 6/20 [00:38<01:25,  6.08s/it, avg_loss=0.1886, num_batches=3/60, num_samples=3]
      Epoch 6 train:  30%|███       | 6/20 [00:39<01:25,  6.08s/it, avg_loss=0.5275, num_batches=4/60, num_samples=4]
      Epoch 6 train:  30%|███       | 6/20 [00:39<01:25,  6.08s/it, avg_loss=1.2763, num_batches=5/60, num_samples=5]
      Epoch 6 train:  30%|███       | 6/20 [00:39<01:25,  6.08s/it, avg_loss=1.4892, num_batches=6/60, num_samples=6]
      Epoch 6 train:  30%|███       | 6/20 [00:39<01:25,  6.08s/it, avg_loss=1.7714, num_batches=7/60, num_samples=7]
      Epoch 6 train:  30%|███       | 6/20 [00:39<01:25,  6.08s/it, avg_loss=1.5704, num_batches=8/60, num_samples=8]
      Epoch 6 train:  30%|███       | 6/20 [00:39<01:25,  6.08s/it, avg_loss=1.4012, num_batches=9/60, num_samples=9]
      Epoch 6 train:  30%|███       | 6/20 [00:39<01:25,  6.08s/it, avg_loss=1.2624, num_batches=10/60, num_samples=10]
      Epoch 6 train:  30%|███       | 6/20 [00:39<01:25,  6.08s/it, avg_loss=1.1560, num_batches=11/60, num_samples=11]
      Epoch 6 train:  30%|███       | 6/20 [00:39<01:25,  6.08s/it, avg_loss=1.1023, num_batches=12/60, num_samples=12]
      Epoch 6 train:  30%|███       | 6/20 [00:39<01:25,  6.08s/it, avg_loss=1.0192, num_batches=13/60, num_samples=13]
      Epoch 6 train:  30%|███       | 6/20 [00:39<01:25,  6.08s/it, avg_loss=0.9492, num_batches=14/60, num_samples=14]
      Epoch 6 train:  30%|███       | 6/20 [00:39<01:25,  6.08s/it, avg_loss=0.8937, num_batches=15/60, num_samples=15]
      Epoch 6 train:  30%|███       | 6/20 [00:39<01:25,  6.08s/it, avg_loss=0.8383, num_batches=16/60, num_samples=16]
      Epoch 6 train:  30%|███       | 6/20 [00:39<01:25,  6.08s/it, avg_loss=0.7934, num_batches=17/60, num_samples=17]
      Epoch 6 train:  30%|███       | 6/20 [00:39<01:25,  6.08s/it, avg_loss=0.7599, num_batches=18/60, num_samples=18]
      Epoch 6 train:  30%|███       | 6/20 [00:39<01:25,  6.08s/it, avg_loss=0.7243, num_batches=19/60, num_samples=19]
      Epoch 6 train:  30%|███       | 6/20 [00:39<01:25,  6.08s/it, avg_loss=0.7319, num_batches=20/60, num_samples=20]
      Epoch 6 train:  30%|███       | 6/20 [00:39<01:25,  6.08s/it, avg_loss=0.7285, num_batches=21/60, num_samples=21]
      Epoch 6 train:  30%|███       | 6/20 [00:39<01:25,  6.08s/it, avg_loss=0.6971, num_batches=22/60, num_samples=22]
      Epoch 6 train:  30%|███       | 6/20 [00:39<01:25,  6.08s/it, avg_loss=0.6671, num_batches=23/60, num_samples=23]
      Epoch 6 train:  30%|███       | 6/20 [00:39<01:25,  6.08s/it, avg_loss=0.6864, num_batches=24/60, num_samples=24]
      Epoch 6 train:  30%|███       | 6/20 [00:40<01:25,  6.08s/it, avg_loss=0.7010, num_batches=25/60, num_samples=25]
      Epoch 6 train:  30%|███       | 6/20 [00:40<01:25,  6.08s/it, avg_loss=0.7250, num_batches=26/60, num_samples=26]
      Epoch 6 train:  30%|███       | 6/20 [00:40<01:25,  6.08s/it, avg_loss=0.6990, num_batches=27/60, num_samples=27]
      Epoch 6 train:  30%|███       | 6/20 [00:40<01:25,  6.08s/it, avg_loss=0.6786, num_batches=28/60, num_samples=28]
      Epoch 6 train:  30%|███       | 6/20 [00:40<01:25,  6.08s/it, avg_loss=0.6568, num_batches=29/60, num_samples=29]
      Epoch 6 train:  30%|███       | 6/20 [00:40<01:25,  6.08s/it, avg_loss=0.6366, num_batches=30/60, num_samples=30]
      Epoch 6 train:  30%|███       | 6/20 [00:40<01:25,  6.08s/it, avg_loss=0.6176, num_batches=31/60, num_samples=31]
      Epoch 6 train:  30%|███       | 6/20 [00:40<01:25,  6.08s/it, avg_loss=0.6188, num_batches=32/60, num_samples=32]
      Epoch 6 train:  30%|███       | 6/20 [00:40<01:25,  6.08s/it, avg_loss=0.6050, num_batches=33/60, num_samples=33]
      Epoch 6 train:  30%|███       | 6/20 [00:40<01:25,  6.08s/it, avg_loss=0.5962, num_batches=34/60, num_samples=34]
      Epoch 6 train:  30%|███       | 6/20 [00:40<01:25,  6.08s/it, avg_loss=0.5838, num_batches=35/60, num_samples=35]
      Epoch 6 train:  30%|███       | 6/20 [00:40<01:25,  6.08s/it, avg_loss=0.5687, num_batches=36/60, num_samples=36]
      Epoch 6 train:  30%|███       | 6/20 [00:40<01:25,  6.08s/it, avg_loss=0.5538, num_batches=37/60, num_samples=37]
      Epoch 6 train:  30%|███       | 6/20 [00:40<01:25,  6.08s/it, avg_loss=0.5444, num_batches=38/60, num_samples=38]
      Epoch 6 train:  30%|███       | 6/20 [00:40<01:25,  6.08s/it, avg_loss=0.5320, num_batches=39/60, num_samples=39]
      Epoch 6 train:  30%|███       | 6/20 [00:40<01:25,  6.08s/it, avg_loss=0.5329, num_batches=40/60, num_samples=40]
      Epoch 6 train:  30%|███       | 6/20 [00:40<01:25,  6.08s/it, avg_loss=0.5285, num_batches=41/60, num_samples=41]
      Epoch 6 train:  30%|███       | 6/20 [00:40<01:25,  6.08s/it, avg_loss=0.5163, num_batches=42/60, num_samples=42]
      Epoch 6 train:  30%|███       | 6/20 [00:41<01:25,  6.08s/it, avg_loss=0.5047, num_batches=43/60, num_samples=43]
      Epoch 6 train:  30%|███       | 6/20 [00:41<01:25,  6.08s/it, avg_loss=0.5674, num_batches=44/60, num_samples=44]
      Epoch 6 train:  30%|███       | 6/20 [00:41<01:25,  6.08s/it, avg_loss=0.5629, num_batches=45/60, num_samples=45]
      Epoch 6 train:  30%|███       | 6/20 [00:41<01:25,  6.08s/it, avg_loss=0.5527, num_batches=46/60, num_samples=46]
      Epoch 6 train:  30%|███       | 6/20 [00:41<01:25,  6.08s/it, avg_loss=0.5416, num_batches=47/60, num_samples=47]
      Epoch 6 train:  30%|███       | 6/20 [00:41<01:25,  6.08s/it, avg_loss=0.5314, num_batches=48/60, num_samples=48]
      Epoch 6 train:  30%|███       | 6/20 [00:41<01:25,  6.08s/it, avg_loss=0.5220, num_batches=49/60, num_samples=49]
      Epoch 6 train:  30%|███       | 6/20 [00:41<01:25,  6.08s/it, avg_loss=0.5134, num_batches=50/60, num_samples=50]
      Epoch 6 train:  30%|███       | 6/20 [00:41<01:25,  6.08s/it, avg_loss=0.5253, num_batches=51/60, num_samples=51]
      Epoch 6 train:  30%|███       | 6/20 [00:41<01:25,  6.08s/it, avg_loss=0.5178, num_batches=52/60, num_samples=52]
      Epoch 6 train:  30%|███       | 6/20 [00:41<01:25,  6.08s/it, avg_loss=0.5092, num_batches=53/60, num_samples=53]
      Epoch 6 train:  30%|███       | 6/20 [00:41<01:25,  6.08s/it, avg_loss=0.5244, num_batches=54/60, num_samples=54]
      Epoch 6 train:  30%|███       | 6/20 [00:41<01:25,  6.08s/it, avg_loss=0.5274, num_batches=55/60, num_samples=55]
      Epoch 6 train:  30%|███       | 6/20 [00:41<01:25,  6.08s/it, avg_loss=0.5242, num_batches=56/60, num_samples=56]
      Epoch 6 train:  30%|███       | 6/20 [00:41<01:25,  6.08s/it, avg_loss=0.5174, num_batches=57/60, num_samples=57]
      Epoch 6 train:  30%|███       | 6/20 [00:41<01:25,  6.08s/it, avg_loss=0.5429, num_batches=58/60, num_samples=58]
      Epoch 6 train:  30%|███       | 6/20 [00:41<01:25,  6.08s/it, avg_loss=0.5394, num_batches=59/60, num_samples=59]
      Epoch 6 train:  30%|███       | 6/20 [00:41<01:25,  6.08s/it, avg_loss=0.5321, num_batches=60/60, num_samples=60]
      Epoch 6 val:  30%|███       | 6/20 [00:42<01:25,  6.08s/it, avg_loss=0.5321, num_batches=60/60, num_samples=60]  
      Epoch 6 val:  30%|███       | 6/20 [00:42<01:25,  6.08s/it, avg_loss=2.3195, num_batches=1/15, num_samples=1]  
      Epoch 6 val:  30%|███       | 6/20 [00:42<01:25,  6.08s/it, avg_loss=3.0621, num_batches=2/15, num_samples=2]
      Epoch 6 val:  30%|███       | 6/20 [00:42<01:25,  6.08s/it, avg_loss=2.1091, num_batches=3/15, num_samples=3]
      Epoch 6 val:  30%|███       | 6/20 [00:42<01:25,  6.08s/it, avg_loss=1.8968, num_batches=4/15, num_samples=4]
      Epoch 6 val:  30%|███       | 6/20 [00:42<01:25,  6.08s/it, avg_loss=2.8588, num_batches=5/15, num_samples=5]
      Epoch 6 val:  30%|███       | 6/20 [00:42<01:25,  6.08s/it, avg_loss=2.4392, num_batches=6/15, num_samples=6]
      Epoch 6 val:  30%|███       | 6/20 [00:42<01:25,  6.08s/it, avg_loss=2.1107, num_batches=7/15, num_samples=7]
      Epoch 6 val:  30%|███       | 6/20 [00:42<01:25,  6.08s/it, avg_loss=2.0898, num_batches=8/15, num_samples=8]
      Epoch 6 val:  30%|███       | 6/20 [00:42<01:25,  6.08s/it, avg_loss=2.4864, num_batches=9/15, num_samples=9]
      Epoch 6 val:  30%|███       | 6/20 [00:42<01:25,  6.08s/it, avg_loss=2.3986, num_batches=10/15, num_samples=10]
      Epoch 6 val:  30%|███       | 6/20 [00:42<01:25,  6.08s/it, avg_loss=2.3141, num_batches=11/15, num_samples=11]
      Epoch 6 val:  30%|███       | 6/20 [00:42<01:25,  6.08s/it, avg_loss=2.1425, num_batches=12/15, num_samples=12]
      Epoch 6 val:  30%|███       | 6/20 [00:42<01:25,  6.08s/it, avg_loss=1.9883, num_batches=13/15, num_samples=13]
      Epoch 6 val:  30%|███       | 6/20 [00:42<01:25,  6.08s/it, avg_loss=1.8675, num_batches=14/15, num_samples=14]
      Epoch 6 val:  30%|███       | 6/20 [00:42<01:25,  6.08s/it, avg_loss=1.9864, num_batches=15/15, num_samples=15]
      Epoch 6 val:  35%|███▌      | 7/20 [00:42<01:10,  5.44s/it, avg_loss=1.9864, num_batches=15/15, num_samples=15]
      Epoch 7 train:  35%|███▌      | 7/20 [00:42<01:10,  5.44s/it, avg_loss=1.9864, num_batches=15/15, num_samples=15]
      Epoch 7 train:  35%|███▌      | 7/20 [00:42<01:10,  5.44s/it, avg_loss=1.1489, num_batches=1/60, num_samples=1]  
      Epoch 7 train:  35%|███▌      | 7/20 [00:43<01:10,  5.44s/it, avg_loss=0.5875, num_batches=2/60, num_samples=2]
      Epoch 7 train:  35%|███▌      | 7/20 [00:43<01:10,  5.44s/it, avg_loss=0.6796, num_batches=3/60, num_samples=3]
      Epoch 7 train:  35%|███▌      | 7/20 [00:43<01:10,  5.44s/it, avg_loss=0.5174, num_batches=4/60, num_samples=4]
      Epoch 7 train:  35%|███▌      | 7/20 [00:43<01:10,  5.44s/it, avg_loss=0.4886, num_batches=5/60, num_samples=5]
      Epoch 7 train:  35%|███▌      | 7/20 [00:43<01:10,  5.44s/it, avg_loss=0.4108, num_batches=6/60, num_samples=6]
      Epoch 7 train:  35%|███▌      | 7/20 [00:43<01:10,  5.44s/it, avg_loss=0.3559, num_batches=7/60, num_samples=7]
      Epoch 7 train:  35%|███▌      | 7/20 [00:43<01:10,  5.44s/it, avg_loss=0.3335, num_batches=8/60, num_samples=8]
      Epoch 7 train:  35%|███▌      | 7/20 [00:43<01:10,  5.44s/it, avg_loss=0.5235, num_batches=9/60, num_samples=9]
      Epoch 7 train:  35%|███▌      | 7/20 [00:43<01:10,  5.44s/it, avg_loss=0.4808, num_batches=10/60, num_samples=10]
      Epoch 7 train:  35%|███▌      | 7/20 [00:43<01:10,  5.44s/it, avg_loss=0.5396, num_batches=11/60, num_samples=11]
      Epoch 7 train:  35%|███▌      | 7/20 [00:43<01:10,  5.44s/it, avg_loss=0.4966, num_batches=12/60, num_samples=12]
      Epoch 7 train:  35%|███▌      | 7/20 [00:43<01:10,  5.44s/it, avg_loss=0.4608, num_batches=13/60, num_samples=13]
      Epoch 7 train:  35%|███▌      | 7/20 [00:43<01:10,  5.44s/it, avg_loss=0.4286, num_batches=14/60, num_samples=14]
      Epoch 7 train:  35%|███▌      | 7/20 [00:43<01:10,  5.44s/it, avg_loss=0.4004, num_batches=15/60, num_samples=15]
      Epoch 7 train:  35%|███▌      | 7/20 [00:43<01:10,  5.44s/it, avg_loss=0.3792, num_batches=16/60, num_samples=16]
      Epoch 7 train:  35%|███▌      | 7/20 [00:43<01:10,  5.44s/it, avg_loss=0.3629, num_batches=17/60, num_samples=17]
      Epoch 7 train:  35%|███▌      | 7/20 [00:43<01:10,  5.44s/it, avg_loss=0.3500, num_batches=18/60, num_samples=18]
      Epoch 7 train:  35%|███▌      | 7/20 [00:44<01:10,  5.44s/it, avg_loss=0.3362, num_batches=19/60, num_samples=19]
      Epoch 7 train:  35%|███▌      | 7/20 [00:44<01:10,  5.44s/it, avg_loss=0.3253, num_batches=20/60, num_samples=20]
      Epoch 7 train:  35%|███▌      | 7/20 [00:44<01:10,  5.44s/it, avg_loss=0.3106, num_batches=21/60, num_samples=21]
      Epoch 7 train:  35%|███▌      | 7/20 [00:44<01:10,  5.44s/it, avg_loss=0.2988, num_batches=22/60, num_samples=22]
      Epoch 7 train:  35%|███▌      | 7/20 [00:44<01:10,  5.44s/it, avg_loss=0.3193, num_batches=23/60, num_samples=23]
      Epoch 7 train:  35%|███▌      | 7/20 [00:44<01:10,  5.44s/it, avg_loss=0.3381, num_batches=24/60, num_samples=24]
      Epoch 7 train:  35%|███▌      | 7/20 [00:44<01:10,  5.44s/it, avg_loss=0.3299, num_batches=25/60, num_samples=25]
      Epoch 7 train:  35%|███▌      | 7/20 [00:44<01:10,  5.44s/it, avg_loss=0.3322, num_batches=26/60, num_samples=26]
      Epoch 7 train:  35%|███▌      | 7/20 [00:44<01:10,  5.44s/it, avg_loss=0.3310, num_batches=27/60, num_samples=27]
      Epoch 7 train:  35%|███▌      | 7/20 [00:44<01:10,  5.44s/it, avg_loss=0.3202, num_batches=28/60, num_samples=28]
      Epoch 7 train:  35%|███▌      | 7/20 [00:44<01:10,  5.44s/it, avg_loss=0.3106, num_batches=29/60, num_samples=29]
      Epoch 7 train:  35%|███▌      | 7/20 [00:44<01:10,  5.44s/it, avg_loss=0.3017, num_batches=30/60, num_samples=30]
      Epoch 7 train:  35%|███▌      | 7/20 [00:44<01:10,  5.44s/it, avg_loss=0.2965, num_batches=31/60, num_samples=31]
      Epoch 7 train:  35%|███▌      | 7/20 [00:44<01:10,  5.44s/it, avg_loss=0.2891, num_batches=32/60, num_samples=32]
      Epoch 7 train:  35%|███▌      | 7/20 [00:44<01:10,  5.44s/it, avg_loss=0.2805, num_batches=33/60, num_samples=33]
      Epoch 7 train:  35%|███▌      | 7/20 [00:44<01:10,  5.44s/it, avg_loss=0.2738, num_batches=34/60, num_samples=34]
      Epoch 7 train:  35%|███▌      | 7/20 [00:44<01:10,  5.44s/it, avg_loss=0.2662, num_batches=35/60, num_samples=35]
      Epoch 7 train:  35%|███▌      | 7/20 [00:44<01:10,  5.44s/it, avg_loss=0.2593, num_batches=36/60, num_samples=36]
      Epoch 7 train:  35%|███▌      | 7/20 [00:44<01:10,  5.44s/it, avg_loss=0.2526, num_batches=37/60, num_samples=37]
      Epoch 7 train:  35%|███▌      | 7/20 [00:44<01:10,  5.44s/it, avg_loss=0.2462, num_batches=38/60, num_samples=38]
      Epoch 7 train:  35%|███▌      | 7/20 [00:45<01:10,  5.44s/it, avg_loss=0.2402, num_batches=39/60, num_samples=39]
      Epoch 7 train:  35%|███▌      | 7/20 [00:45<01:10,  5.44s/it, avg_loss=0.2357, num_batches=40/60, num_samples=40]
      Epoch 7 train:  35%|███▌      | 7/20 [00:45<01:10,  5.44s/it, avg_loss=0.2330, num_batches=41/60, num_samples=41]
      Epoch 7 train:  35%|███▌      | 7/20 [00:45<01:10,  5.44s/it, avg_loss=0.2280, num_batches=42/60, num_samples=42]
      Epoch 7 train:  35%|███▌      | 7/20 [00:45<01:10,  5.44s/it, avg_loss=0.2229, num_batches=43/60, num_samples=43]
      Epoch 7 train:  35%|███▌      | 7/20 [00:45<01:10,  5.44s/it, avg_loss=0.2193, num_batches=44/60, num_samples=44]
      Epoch 7 train:  35%|███▌      | 7/20 [00:45<01:10,  5.44s/it, avg_loss=0.2300, num_batches=45/60, num_samples=45]
      Epoch 7 train:  35%|███▌      | 7/20 [00:45<01:10,  5.44s/it, avg_loss=0.2256, num_batches=46/60, num_samples=46]
      Epoch 7 train:  35%|███▌      | 7/20 [00:45<01:10,  5.44s/it, avg_loss=0.2248, num_batches=47/60, num_samples=47]
      Epoch 7 train:  35%|███▌      | 7/20 [00:45<01:10,  5.44s/it, avg_loss=0.2209, num_batches=48/60, num_samples=48]
      Epoch 7 train:  35%|███▌      | 7/20 [00:45<01:10,  5.44s/it, avg_loss=0.2198, num_batches=49/60, num_samples=49]
      Epoch 7 train:  35%|███▌      | 7/20 [00:45<01:10,  5.44s/it, avg_loss=0.2165, num_batches=50/60, num_samples=50]
      Epoch 7 train:  35%|███▌      | 7/20 [00:45<01:10,  5.44s/it, avg_loss=0.2123, num_batches=51/60, num_samples=51]
      Epoch 7 train:  35%|███▌      | 7/20 [00:45<01:10,  5.44s/it, avg_loss=0.2088, num_batches=52/60, num_samples=52]
      Epoch 7 train:  35%|███▌      | 7/20 [00:46<01:10,  5.44s/it, avg_loss=0.2063, num_batches=53/60, num_samples=53]
      Epoch 7 train:  35%|███▌      | 7/20 [00:46<01:10,  5.44s/it, avg_loss=0.2167, num_batches=54/60, num_samples=54]
      Epoch 7 train:  35%|███▌      | 7/20 [00:46<01:10,  5.44s/it, avg_loss=0.2130, num_batches=55/60, num_samples=55]
      Epoch 7 train:  35%|███▌      | 7/20 [00:46<01:10,  5.44s/it, avg_loss=0.2095, num_batches=56/60, num_samples=56]
      Epoch 7 train:  35%|███▌      | 7/20 [00:46<01:10,  5.44s/it, avg_loss=0.2061, num_batches=57/60, num_samples=57]
      Epoch 7 train:  35%|███▌      | 7/20 [00:46<01:10,  5.44s/it, avg_loss=0.2078, num_batches=58/60, num_samples=58]
      Epoch 7 train:  35%|███▌      | 7/20 [00:46<01:10,  5.44s/it, avg_loss=0.2057, num_batches=59/60, num_samples=59]
      Epoch 7 train:  35%|███▌      | 7/20 [00:46<01:10,  5.44s/it, avg_loss=0.2024, num_batches=60/60, num_samples=60]
      Epoch 7 val:  35%|███▌      | 7/20 [00:46<01:10,  5.44s/it, avg_loss=0.2024, num_batches=60/60, num_samples=60]  
      Epoch 7 val:  35%|███▌      | 7/20 [00:46<01:10,  5.44s/it, avg_loss=2.0388, num_batches=1/15, num_samples=1]  
      Epoch 7 val:  35%|███▌      | 7/20 [00:46<01:10,  5.44s/it, avg_loss=2.5138, num_batches=2/15, num_samples=2]
      Epoch 7 val:  35%|███▌      | 7/20 [00:46<01:10,  5.44s/it, avg_loss=2.7322, num_batches=3/15, num_samples=3]
      Epoch 7 val:  35%|███▌      | 7/20 [00:47<01:10,  5.44s/it, avg_loss=2.1332, num_batches=4/15, num_samples=4]
      Epoch 7 val:  35%|███▌      | 7/20 [00:47<01:10,  5.44s/it, avg_loss=2.0925, num_batches=5/15, num_samples=5]
      Epoch 7 val:  35%|███▌      | 7/20 [00:47<01:10,  5.44s/it, avg_loss=2.0659, num_batches=6/15, num_samples=6]
      Epoch 7 val:  35%|███▌      | 7/20 [00:47<01:10,  5.44s/it, avg_loss=1.7743, num_batches=7/15, num_samples=7]
      Epoch 7 val:  35%|███▌      | 7/20 [00:47<01:10,  5.44s/it, avg_loss=1.8305, num_batches=8/15, num_samples=8]
      Epoch 7 val:  35%|███▌      | 7/20 [00:47<01:10,  5.44s/it, avg_loss=1.7559, num_batches=9/15, num_samples=9]
      Epoch 7 val:  35%|███▌      | 7/20 [00:47<01:10,  5.44s/it, avg_loss=2.0159, num_batches=10/15, num_samples=10]
      Epoch 7 val:  35%|███▌      | 7/20 [00:47<01:10,  5.44s/it, avg_loss=2.3479, num_batches=11/15, num_samples=11]
      Epoch 7 val:  35%|███▌      | 7/20 [00:47<01:10,  5.44s/it, avg_loss=2.1659, num_batches=12/15, num_samples=12]
      Epoch 7 val:  35%|███▌      | 7/20 [00:47<01:10,  5.44s/it, avg_loss=2.0220, num_batches=13/15, num_samples=13]
      Epoch 7 val:  35%|███▌      | 7/20 [00:47<01:10,  5.44s/it, avg_loss=1.9683, num_batches=14/15, num_samples=14]
      Epoch 7 val:  35%|███▌      | 7/20 [00:47<01:10,  5.44s/it, avg_loss=2.0529, num_batches=15/15, num_samples=15]
      Epoch 7 val:  40%|████      | 8/20 [00:47<01:03,  5.25s/it, avg_loss=2.0529, num_batches=15/15, num_samples=15]
      Epoch 8 train:  40%|████      | 8/20 [00:47<01:03,  5.25s/it, avg_loss=2.0529, num_batches=15/15, num_samples=15]
      Epoch 8 train:  40%|████      | 8/20 [00:47<01:03,  5.25s/it, avg_loss=0.0073, num_batches=1/60, num_samples=1]  
      Epoch 8 train:  40%|████      | 8/20 [00:47<01:03,  5.25s/it, avg_loss=0.0312, num_batches=2/60, num_samples=2]
      Epoch 8 train:  40%|████      | 8/20 [00:47<01:03,  5.25s/it, avg_loss=0.0287, num_batches=3/60, num_samples=3]
      Epoch 8 train:  40%|████      | 8/20 [00:48<01:03,  5.25s/it, avg_loss=0.1094, num_batches=4/60, num_samples=4]
      Epoch 8 train:  40%|████      | 8/20 [00:48<01:03,  5.25s/it, avg_loss=0.1053, num_batches=5/60, num_samples=5]
      Epoch 8 train:  40%|████      | 8/20 [00:48<01:03,  5.25s/it, avg_loss=0.1701, num_batches=6/60, num_samples=6]
      Epoch 8 train:  40%|████      | 8/20 [00:48<01:03,  5.25s/it, avg_loss=0.1475, num_batches=7/60, num_samples=7]
      Epoch 8 train:  40%|████      | 8/20 [00:48<01:03,  5.25s/it, avg_loss=0.1305, num_batches=8/60, num_samples=8]
      Epoch 8 train:  40%|████      | 8/20 [00:48<01:03,  5.25s/it, avg_loss=0.1193, num_batches=9/60, num_samples=9]
      Epoch 8 train:  40%|████      | 8/20 [00:48<01:03,  5.25s/it, avg_loss=0.1123, num_batches=10/60, num_samples=10]
      Epoch 8 train:  40%|████      | 8/20 [00:48<01:03,  5.25s/it, avg_loss=0.1026, num_batches=11/60, num_samples=11]
      Epoch 8 train:  40%|████      | 8/20 [00:48<01:03,  5.25s/it, avg_loss=0.0964, num_batches=12/60, num_samples=12]
      Epoch 8 train:  40%|████      | 8/20 [00:48<01:03,  5.25s/it, avg_loss=0.0893, num_batches=13/60, num_samples=13]
      Epoch 8 train:  40%|████      | 8/20 [00:48<01:03,  5.25s/it, avg_loss=0.0850, num_batches=14/60, num_samples=14]
      Epoch 8 train:  40%|████      | 8/20 [00:48<01:03,  5.25s/it, avg_loss=0.0795, num_batches=15/60, num_samples=15]
      Epoch 8 train:  40%|████      | 8/20 [00:48<01:03,  5.25s/it, avg_loss=0.0747, num_batches=16/60, num_samples=16]
      Epoch 8 train:  40%|████      | 8/20 [00:49<01:03,  5.25s/it, avg_loss=0.0719, num_batches=17/60, num_samples=17]
      Epoch 8 train:  40%|████      | 8/20 [00:49<01:03,  5.25s/it, avg_loss=0.0703, num_batches=18/60, num_samples=18]
      Epoch 8 train:  40%|████      | 8/20 [00:49<01:03,  5.25s/it, avg_loss=0.0712, num_batches=19/60, num_samples=19]
      Epoch 8 train:  40%|████      | 8/20 [00:49<01:03,  5.25s/it, avg_loss=0.0693, num_batches=20/60, num_samples=20]
      Epoch 8 train:  40%|████      | 8/20 [00:49<01:03,  5.25s/it, avg_loss=0.0662, num_batches=21/60, num_samples=21]
      Epoch 8 train:  40%|████      | 8/20 [00:49<01:03,  5.25s/it, avg_loss=0.0695, num_batches=22/60, num_samples=22]
      Epoch 8 train:  40%|████      | 8/20 [00:49<01:03,  5.25s/it, avg_loss=0.0672, num_batches=23/60, num_samples=23]
      Epoch 8 train:  40%|████      | 8/20 [00:49<01:03,  5.25s/it, avg_loss=0.0652, num_batches=24/60, num_samples=24]
      Epoch 8 train:  40%|████      | 8/20 [00:49<01:03,  5.25s/it, avg_loss=0.0628, num_batches=25/60, num_samples=25]
      Epoch 8 train:  40%|████      | 8/20 [00:50<01:03,  5.25s/it, avg_loss=0.0610, num_batches=26/60, num_samples=26]
      Epoch 8 train:  40%|████      | 8/20 [00:50<01:03,  5.25s/it, avg_loss=0.0588, num_batches=27/60, num_samples=27]
      Epoch 8 train:  40%|████      | 8/20 [00:50<01:03,  5.25s/it, avg_loss=0.0585, num_batches=28/60, num_samples=28]
      Epoch 8 train:  40%|████      | 8/20 [00:50<01:03,  5.25s/it, avg_loss=0.0569, num_batches=29/60, num_samples=29]
      Epoch 8 train:  40%|████      | 8/20 [00:50<01:03,  5.25s/it, avg_loss=0.0550, num_batches=30/60, num_samples=30]
      Epoch 8 train:  40%|████      | 8/20 [00:50<01:03,  5.25s/it, avg_loss=0.0543, num_batches=31/60, num_samples=31]
      Epoch 8 train:  40%|████      | 8/20 [00:50<01:03,  5.25s/it, avg_loss=0.0544, num_batches=32/60, num_samples=32]
      Epoch 8 train:  40%|████      | 8/20 [00:50<01:03,  5.25s/it, avg_loss=0.0529, num_batches=33/60, num_samples=33]
      Epoch 8 train:  40%|████      | 8/20 [00:50<01:03,  5.25s/it, avg_loss=0.0522, num_batches=34/60, num_samples=34]
      Epoch 8 train:  40%|████      | 8/20 [00:50<01:03,  5.25s/it, avg_loss=0.0510, num_batches=35/60, num_samples=35]
      Epoch 8 train:  40%|████      | 8/20 [00:50<01:03,  5.25s/it, avg_loss=0.0497, num_batches=36/60, num_samples=36]
      Epoch 8 train:  40%|████      | 8/20 [00:50<01:03,  5.25s/it, avg_loss=0.0486, num_batches=37/60, num_samples=37]
      Epoch 8 train:  40%|████      | 8/20 [00:51<01:03,  5.25s/it, avg_loss=0.0494, num_batches=38/60, num_samples=38]
      Epoch 8 train:  40%|████      | 8/20 [00:51<01:03,  5.25s/it, avg_loss=0.0485, num_batches=39/60, num_samples=39]
      Epoch 8 train:  40%|████      | 8/20 [00:51<01:03,  5.25s/it, avg_loss=0.0479, num_batches=40/60, num_samples=40]
      Epoch 8 train:  40%|████      | 8/20 [00:51<01:03,  5.25s/it, avg_loss=0.0504, num_batches=41/60, num_samples=41]
      Epoch 8 train:  40%|████      | 8/20 [00:51<01:03,  5.25s/it, avg_loss=0.0492, num_batches=42/60, num_samples=42]
      Epoch 8 train:  40%|████      | 8/20 [00:51<01:03,  5.25s/it, avg_loss=0.0491, num_batches=43/60, num_samples=43]
      Epoch 8 train:  40%|████      | 8/20 [00:51<01:03,  5.25s/it, avg_loss=0.0481, num_batches=44/60, num_samples=44]
      Epoch 8 train:  40%|████      | 8/20 [00:51<01:03,  5.25s/it, avg_loss=0.0471, num_batches=45/60, num_samples=45]
      Epoch 8 train:  40%|████      | 8/20 [00:51<01:03,  5.25s/it, avg_loss=0.0467, num_batches=46/60, num_samples=46]
      Epoch 8 train:  40%|████      | 8/20 [00:51<01:03,  5.25s/it, avg_loss=0.0506, num_batches=47/60, num_samples=47]
      Epoch 8 train:  40%|████      | 8/20 [00:51<01:03,  5.25s/it, avg_loss=0.0500, num_batches=48/60, num_samples=48]
      Epoch 8 train:  40%|████      | 8/20 [00:51<01:03,  5.25s/it, avg_loss=0.0495, num_batches=49/60, num_samples=49]
      Epoch 8 train:  40%|████      | 8/20 [00:52<01:03,  5.25s/it, avg_loss=0.0485, num_batches=50/60, num_samples=50]
      Epoch 8 train:  40%|████      | 8/20 [00:52<01:03,  5.25s/it, avg_loss=0.0479, num_batches=51/60, num_samples=51]
      Epoch 8 train:  40%|████      | 8/20 [00:52<01:03,  5.25s/it, avg_loss=0.0470, num_batches=52/60, num_samples=52]
      Epoch 8 train:  40%|████      | 8/20 [00:52<01:03,  5.25s/it, avg_loss=0.0466, num_batches=53/60, num_samples=53]
      Epoch 8 train:  40%|████      | 8/20 [00:52<01:03,  5.25s/it, avg_loss=0.0458, num_batches=54/60, num_samples=54]
      Epoch 8 train:  40%|████      | 8/20 [00:52<01:03,  5.25s/it, avg_loss=0.0451, num_batches=55/60, num_samples=55]
      Epoch 8 train:  40%|████      | 8/20 [00:52<01:03,  5.25s/it, avg_loss=0.0455, num_batches=56/60, num_samples=56]
      Epoch 8 train:  40%|████      | 8/20 [00:52<01:03,  5.25s/it, avg_loss=0.0448, num_batches=57/60, num_samples=57]
      Epoch 8 train:  40%|████      | 8/20 [00:52<01:03,  5.25s/it, avg_loss=0.0446, num_batches=58/60, num_samples=58]
      Epoch 8 train:  40%|████      | 8/20 [00:52<01:03,  5.25s/it, avg_loss=0.0439, num_batches=59/60, num_samples=59]
      Epoch 8 train:  40%|████      | 8/20 [00:53<01:03,  5.25s/it, avg_loss=0.0431, num_batches=60/60, num_samples=60]
      Epoch 8 val:  40%|████      | 8/20 [00:53<01:03,  5.25s/it, avg_loss=0.0431, num_batches=60/60, num_samples=60]  
      Epoch 8 val:  40%|████      | 8/20 [00:53<01:03,  5.25s/it, avg_loss=2.1099, num_batches=1/15, num_samples=1]  
      Epoch 8 val:  40%|████      | 8/20 [00:53<01:03,  5.25s/it, avg_loss=1.0762, num_batches=2/15, num_samples=2]
      Epoch 8 val:  40%|████      | 8/20 [00:53<01:03,  5.25s/it, avg_loss=2.0056, num_batches=3/15, num_samples=3]
      Epoch 8 val:  40%|████      | 8/20 [00:53<01:03,  5.25s/it, avg_loss=1.5077, num_batches=4/15, num_samples=4]
      Epoch 8 val:  40%|████      | 8/20 [00:53<01:03,  5.25s/it, avg_loss=1.2903, num_batches=5/15, num_samples=5]
      Epoch 8 val:  40%|████      | 8/20 [00:53<01:03,  5.25s/it, avg_loss=1.6328, num_batches=6/15, num_samples=6]
      Epoch 8 val:  40%|████      | 8/20 [00:53<01:03,  5.25s/it, avg_loss=1.5289, num_batches=7/15, num_samples=7]
      Epoch 8 val:  40%|████      | 8/20 [00:53<01:03,  5.25s/it, avg_loss=1.5439, num_batches=8/15, num_samples=8]
      Epoch 8 val:  40%|████      | 8/20 [00:53<01:03,  5.25s/it, avg_loss=1.8789, num_batches=9/15, num_samples=9]
      Epoch 8 val:  40%|████      | 8/20 [00:53<01:03,  5.25s/it, avg_loss=1.8173, num_batches=10/15, num_samples=10]
      Epoch 8 val:  40%|████      | 8/20 [00:53<01:03,  5.25s/it, avg_loss=1.9252, num_batches=11/15, num_samples=11]
      Epoch 8 val:  40%|████      | 8/20 [00:53<01:03,  5.25s/it, avg_loss=2.3157, num_batches=12/15, num_samples=12]
      Epoch 8 val:  40%|████      | 8/20 [00:53<01:03,  5.25s/it, avg_loss=2.1384, num_batches=13/15, num_samples=13]
      Epoch 8 val:  40%|████      | 8/20 [00:53<01:03,  5.25s/it, avg_loss=2.0959, num_batches=14/15, num_samples=14]
      Epoch 8 val:  40%|████      | 8/20 [00:54<01:03,  5.25s/it, avg_loss=2.4573, num_batches=15/15, num_samples=15]
      Epoch 8 val:  45%|████▌     | 9/20 [00:54<01:02,  5.66s/it, avg_loss=2.4573, num_batches=15/15, num_samples=15]
      Epoch 9 train:  45%|████▌     | 9/20 [00:54<01:02,  5.66s/it, avg_loss=2.4573, num_batches=15/15, num_samples=15]
      Epoch 9 train:  45%|████▌     | 9/20 [00:54<01:02,  5.66s/it, avg_loss=0.0092, num_batches=1/60, num_samples=1]  
      Epoch 9 train:  45%|████▌     | 9/20 [00:54<01:02,  5.66s/it, avg_loss=0.0146, num_batches=2/60, num_samples=2]
      Epoch 9 train:  45%|████▌     | 9/20 [00:54<01:02,  5.66s/it, avg_loss=0.0108, num_batches=3/60, num_samples=3]
      Epoch 9 train:  45%|████▌     | 9/20 [00:54<01:02,  5.66s/it, avg_loss=0.0095, num_batches=4/60, num_samples=4]
      Epoch 9 train:  45%|████▌     | 9/20 [00:54<01:02,  5.66s/it, avg_loss=0.0096, num_batches=5/60, num_samples=5]
      Epoch 9 train:  45%|████▌     | 9/20 [00:54<01:02,  5.66s/it, avg_loss=0.0128, num_batches=6/60, num_samples=6]
      Epoch 9 train:  45%|████▌     | 9/20 [00:55<01:02,  5.66s/it, avg_loss=0.0160, num_batches=7/60, num_samples=7]
      Epoch 9 train:  45%|████▌     | 9/20 [00:55<01:02,  5.66s/it, avg_loss=0.0141, num_batches=8/60, num_samples=8]
      Epoch 9 train:  45%|████▌     | 9/20 [00:55<01:02,  5.66s/it, avg_loss=0.0239, num_batches=9/60, num_samples=9]
      Epoch 9 train:  45%|████▌     | 9/20 [00:55<01:02,  5.66s/it, avg_loss=0.0216, num_batches=10/60, num_samples=10]
      Epoch 9 train:  45%|████▌     | 9/20 [00:55<01:02,  5.66s/it, avg_loss=0.0211, num_batches=11/60, num_samples=11]
      Epoch 9 train:  45%|████▌     | 9/20 [00:55<01:02,  5.66s/it, avg_loss=0.0209, num_batches=12/60, num_samples=12]
      Epoch 9 train:  45%|████▌     | 9/20 [00:55<01:02,  5.66s/it, avg_loss=0.0194, num_batches=13/60, num_samples=13]
      Epoch 9 train:  45%|████▌     | 9/20 [00:55<01:02,  5.66s/it, avg_loss=0.0185, num_batches=14/60, num_samples=14]
      Epoch 9 train:  45%|████▌     | 9/20 [00:55<01:02,  5.66s/it, avg_loss=0.0184, num_batches=15/60, num_samples=15]
      Epoch 9 train:  45%|████▌     | 9/20 [00:55<01:02,  5.66s/it, avg_loss=0.0174, num_batches=16/60, num_samples=16]
      Epoch 9 train:  45%|████▌     | 9/20 [00:55<01:02,  5.66s/it, avg_loss=0.0167, num_batches=17/60, num_samples=17]
      Epoch 9 train:  45%|████▌     | 9/20 [00:55<01:02,  5.66s/it, avg_loss=0.0170, num_batches=18/60, num_samples=18]
      Epoch 9 train:  45%|████▌     | 9/20 [00:56<01:02,  5.66s/it, avg_loss=0.0181, num_batches=19/60, num_samples=19]
      Epoch 9 train:  45%|████▌     | 9/20 [00:56<01:02,  5.66s/it, avg_loss=0.0175, num_batches=20/60, num_samples=20]
      Epoch 9 train:  45%|████▌     | 9/20 [00:56<01:02,  5.66s/it, avg_loss=0.0168, num_batches=21/60, num_samples=21]
      Epoch 9 train:  45%|████▌     | 9/20 [00:56<01:02,  5.66s/it, avg_loss=0.0164, num_batches=22/60, num_samples=22]
      Epoch 9 train:  45%|████▌     | 9/20 [00:56<01:02,  5.66s/it, avg_loss=0.0161, num_batches=23/60, num_samples=23]
      Epoch 9 train:  45%|████▌     | 9/20 [00:56<01:02,  5.66s/it, avg_loss=0.0158, num_batches=24/60, num_samples=24]
      Epoch 9 train:  45%|████▌     | 9/20 [00:56<01:02,  5.66s/it, avg_loss=0.0152, num_batches=25/60, num_samples=25]
      Epoch 9 train:  45%|████▌     | 9/20 [00:56<01:02,  5.66s/it, avg_loss=0.0155, num_batches=26/60, num_samples=26]
      Epoch 9 train:  45%|████▌     | 9/20 [00:56<01:02,  5.66s/it, avg_loss=0.0150, num_batches=27/60, num_samples=27]
      Epoch 9 train:  45%|████▌     | 9/20 [00:56<01:02,  5.66s/it, avg_loss=0.0145, num_batches=28/60, num_samples=28]
      Epoch 9 train:  45%|████▌     | 9/20 [00:56<01:02,  5.66s/it, avg_loss=0.0145, num_batches=29/60, num_samples=29]
      Epoch 9 train:  45%|████▌     | 9/20 [00:56<01:02,  5.66s/it, avg_loss=0.0140, num_batches=30/60, num_samples=30]
      Epoch 9 train:  45%|████▌     | 9/20 [00:57<01:02,  5.66s/it, avg_loss=0.0136, num_batches=31/60, num_samples=31]
      Epoch 9 train:  45%|████▌     | 9/20 [00:57<01:02,  5.66s/it, avg_loss=0.0132, num_batches=32/60, num_samples=32]
      Epoch 9 train:  45%|████▌     | 9/20 [00:57<01:02,  5.66s/it, avg_loss=0.0128, num_batches=33/60, num_samples=33]
      Epoch 9 train:  45%|████▌     | 9/20 [00:57<01:02,  5.66s/it, avg_loss=0.0134, num_batches=34/60, num_samples=34]
      Epoch 9 train:  45%|████▌     | 9/20 [00:57<01:02,  5.66s/it, avg_loss=0.0133, num_batches=35/60, num_samples=35]
      Epoch 9 train:  45%|████▌     | 9/20 [00:57<01:02,  5.66s/it, avg_loss=0.0137, num_batches=36/60, num_samples=36]
      Epoch 9 train:  45%|████▌     | 9/20 [00:57<01:02,  5.66s/it, avg_loss=0.0134, num_batches=37/60, num_samples=37]
      Epoch 9 train:  45%|████▌     | 9/20 [00:57<01:02,  5.66s/it, avg_loss=0.0130, num_batches=38/60, num_samples=38]
      Epoch 9 train:  45%|████▌     | 9/20 [00:57<01:02,  5.66s/it, avg_loss=0.0127, num_batches=39/60, num_samples=39]
      Epoch 9 train:  45%|████▌     | 9/20 [00:57<01:02,  5.66s/it, avg_loss=0.0124, num_batches=40/60, num_samples=40]
      Epoch 9 train:  45%|████▌     | 9/20 [00:57<01:02,  5.66s/it, avg_loss=0.0121, num_batches=41/60, num_samples=41]
      Epoch 9 train:  45%|████▌     | 9/20 [00:58<01:02,  5.66s/it, avg_loss=0.0119, num_batches=42/60, num_samples=42]
      Epoch 9 train:  45%|████▌     | 9/20 [00:58<01:02,  5.66s/it, avg_loss=0.0117, num_batches=43/60, num_samples=43]
      Epoch 9 train:  45%|████▌     | 9/20 [00:58<01:02,  5.66s/it, avg_loss=0.0114, num_batches=44/60, num_samples=44]
      Epoch 9 train:  45%|████▌     | 9/20 [00:58<01:02,  5.66s/it, avg_loss=0.0112, num_batches=45/60, num_samples=45]
      Epoch 9 train:  45%|████▌     | 9/20 [00:58<01:02,  5.66s/it, avg_loss=0.0114, num_batches=46/60, num_samples=46]
      Epoch 9 train:  45%|████▌     | 9/20 [00:58<01:02,  5.66s/it, avg_loss=0.0113, num_batches=47/60, num_samples=47]
      Epoch 9 train:  45%|████▌     | 9/20 [00:58<01:02,  5.66s/it, avg_loss=0.0115, num_batches=48/60, num_samples=48]
      Epoch 9 train:  45%|████▌     | 9/20 [00:58<01:02,  5.66s/it, avg_loss=0.0115, num_batches=49/60, num_samples=49]
      Epoch 9 train:  45%|████▌     | 9/20 [00:58<01:02,  5.66s/it, avg_loss=0.0113, num_batches=50/60, num_samples=50]
      Epoch 9 train:  45%|████▌     | 9/20 [00:59<01:02,  5.66s/it, avg_loss=0.0111, num_batches=51/60, num_samples=51]
      Epoch 9 train:  45%|████▌     | 9/20 [00:59<01:02,  5.66s/it, avg_loss=0.0112, num_batches=52/60, num_samples=52]
      Epoch 9 train:  45%|████▌     | 9/20 [00:59<01:02,  5.66s/it, avg_loss=0.0111, num_batches=53/60, num_samples=53]
      Epoch 9 train:  45%|████▌     | 9/20 [00:59<01:02,  5.66s/it, avg_loss=0.0112, num_batches=54/60, num_samples=54]
      Epoch 9 train:  45%|████▌     | 9/20 [00:59<01:02,  5.66s/it, avg_loss=0.0110, num_batches=55/60, num_samples=55]
      Epoch 9 train:  45%|████▌     | 9/20 [00:59<01:02,  5.66s/it, avg_loss=0.0110, num_batches=56/60, num_samples=56]
      Epoch 9 train:  45%|████▌     | 9/20 [00:59<01:02,  5.66s/it, avg_loss=0.0111, num_batches=57/60, num_samples=57]
      Epoch 9 train:  45%|████▌     | 9/20 [00:59<01:02,  5.66s/it, avg_loss=0.0109, num_batches=58/60, num_samples=58]
      Epoch 9 train:  45%|████▌     | 9/20 [00:59<01:02,  5.66s/it, avg_loss=0.0109, num_batches=59/60, num_samples=59]
      Epoch 9 train:  45%|████▌     | 9/20 [00:59<01:02,  5.66s/it, avg_loss=0.0112, num_batches=60/60, num_samples=60]
      Epoch 9 val:  45%|████▌     | 9/20 [00:59<01:02,  5.66s/it, avg_loss=0.0112, num_batches=60/60, num_samples=60]  
      Epoch 9 val:  45%|████▌     | 9/20 [01:00<01:02,  5.66s/it, avg_loss=8.6360, num_batches=1/15, num_samples=1]  
      Epoch 9 val:  45%|████▌     | 9/20 [01:00<01:02,  5.66s/it, avg_loss=4.3222, num_batches=2/15, num_samples=2]
      Epoch 9 val:  45%|████▌     | 9/20 [01:00<01:02,  5.66s/it, avg_loss=2.9677, num_batches=3/15, num_samples=3]
      Epoch 9 val:  45%|████▌     | 9/20 [01:00<01:02,  5.66s/it, avg_loss=4.3606, num_batches=4/15, num_samples=4]
      Epoch 9 val:  45%|████▌     | 9/20 [01:00<01:02,  5.66s/it, avg_loss=3.8472, num_batches=5/15, num_samples=5]
      Epoch 9 val:  45%|████▌     | 9/20 [01:00<01:02,  5.66s/it, avg_loss=4.0571, num_batches=6/15, num_samples=6]
      Epoch 9 val:  45%|████▌     | 9/20 [01:00<01:02,  5.66s/it, avg_loss=3.9498, num_batches=7/15, num_samples=7]
      Epoch 9 val:  45%|████▌     | 9/20 [01:00<01:02,  5.66s/it, avg_loss=3.8446, num_batches=8/15, num_samples=8]
      Epoch 9 val:  45%|████▌     | 9/20 [01:00<01:02,  5.66s/it, avg_loss=3.5295, num_batches=9/15, num_samples=9]
      Epoch 9 val:  45%|████▌     | 9/20 [01:00<01:02,  5.66s/it, avg_loss=3.1784, num_batches=10/15, num_samples=10]
      Epoch 9 val:  45%|████▌     | 9/20 [01:00<01:02,  5.66s/it, avg_loss=2.9404, num_batches=11/15, num_samples=11]
      Epoch 9 val:  45%|████▌     | 9/20 [01:00<01:02,  5.66s/it, avg_loss=3.0059, num_batches=12/15, num_samples=12]
      Epoch 9 val:  45%|████▌     | 9/20 [01:00<01:02,  5.66s/it, avg_loss=2.7754, num_batches=13/15, num_samples=13]
      Epoch 9 val:  45%|████▌     | 9/20 [01:00<01:02,  5.66s/it, avg_loss=2.9279, num_batches=14/15, num_samples=14]
      Epoch 9 val:  45%|████▌     | 9/20 [01:00<01:02,  5.66s/it, avg_loss=2.7763, num_batches=15/15, num_samples=15]
      Epoch 9 val:  50%|█████     | 10/20 [01:00<00:59,  5.95s/it, avg_loss=2.7763, num_batches=15/15, num_samples=15]
      Epoch 10 train:  50%|█████     | 10/20 [01:00<00:59,  5.95s/it, avg_loss=2.7763, num_batches=15/15, num_samples=15]
      Epoch 10 train:  50%|█████     | 10/20 [01:00<00:59,  5.95s/it, avg_loss=0.0126, num_batches=1/60, num_samples=1]  
      Epoch 10 train:  50%|█████     | 10/20 [01:01<00:59,  5.95s/it, avg_loss=0.0064, num_batches=2/60, num_samples=2]
      Epoch 10 train:  50%|█████     | 10/20 [01:01<00:59,  5.95s/it, avg_loss=0.0044, num_batches=3/60, num_samples=3]
      Epoch 10 train:  50%|█████     | 10/20 [01:01<00:59,  5.95s/it, avg_loss=0.0036, num_batches=4/60, num_samples=4]
      Epoch 10 train:  50%|█████     | 10/20 [01:01<00:59,  5.95s/it, avg_loss=0.0043, num_batches=5/60, num_samples=5]
      Epoch 10 train:  50%|█████     | 10/20 [01:01<00:59,  5.95s/it, avg_loss=0.0054, num_batches=6/60, num_samples=6]
      Epoch 10 train:  50%|█████     | 10/20 [01:01<00:59,  5.95s/it, avg_loss=0.0047, num_batches=7/60, num_samples=7]
      Epoch 10 train:  50%|█████     | 10/20 [01:01<00:59,  5.95s/it, avg_loss=0.0048, num_batches=8/60, num_samples=8]
      Epoch 10 train:  50%|█████     | 10/20 [01:01<00:59,  5.95s/it, avg_loss=0.0055, num_batches=9/60, num_samples=9]
      Epoch 10 train:  50%|█████     | 10/20 [01:01<00:59,  5.95s/it, avg_loss=0.0050, num_batches=10/60, num_samples=10]
      Epoch 10 train:  50%|█████     | 10/20 [01:01<00:59,  5.95s/it, avg_loss=0.0045, num_batches=11/60, num_samples=11]
      Epoch 10 train:  50%|█████     | 10/20 [01:02<00:59,  5.95s/it, avg_loss=0.0049, num_batches=12/60, num_samples=12]
      Epoch 10 train:  50%|█████     | 10/20 [01:02<00:59,  5.95s/it, avg_loss=0.0058, num_batches=13/60, num_samples=13]
      Epoch 10 train:  50%|█████     | 10/20 [01:02<00:59,  5.95s/it, avg_loss=0.0061, num_batches=14/60, num_samples=14]
      Epoch 10 train:  50%|█████     | 10/20 [01:02<00:59,  5.95s/it, avg_loss=0.0058, num_batches=15/60, num_samples=15]
      Epoch 10 train:  50%|█████     | 10/20 [01:02<00:59,  5.95s/it, avg_loss=0.0061, num_batches=16/60, num_samples=16]
      Epoch 10 train:  50%|█████     | 10/20 [01:02<00:59,  5.95s/it, avg_loss=0.0057, num_batches=17/60, num_samples=17]
      Epoch 10 train:  50%|█████     | 10/20 [01:02<00:59,  5.95s/it, avg_loss=0.0054, num_batches=18/60, num_samples=18]
      Epoch 10 train:  50%|█████     | 10/20 [01:02<00:59,  5.95s/it, avg_loss=0.0055, num_batches=19/60, num_samples=19]
      Epoch 10 train:  50%|█████     | 10/20 [01:02<00:59,  5.95s/it, avg_loss=0.0052, num_batches=20/60, num_samples=20]
      Epoch 10 train:  50%|█████     | 10/20 [01:02<00:59,  5.95s/it, avg_loss=0.0051, num_batches=21/60, num_samples=21]
      Epoch 10 train:  50%|█████     | 10/20 [01:02<00:59,  5.95s/it, avg_loss=0.0049, num_batches=22/60, num_samples=22]
      Epoch 10 train:  50%|█████     | 10/20 [01:02<00:59,  5.95s/it, avg_loss=0.0049, num_batches=23/60, num_samples=23]
      Epoch 10 train:  50%|█████     | 10/20 [01:02<00:59,  5.95s/it, avg_loss=0.0048, num_batches=24/60, num_samples=24]
      Epoch 10 train:  50%|█████     | 10/20 [01:02<00:59,  5.95s/it, avg_loss=0.0046, num_batches=25/60, num_samples=25]
      Epoch 10 train:  50%|█████     | 10/20 [01:02<00:59,  5.95s/it, avg_loss=0.0046, num_batches=26/60, num_samples=26]
      Epoch 10 train:  50%|█████     | 10/20 [01:02<00:59,  5.95s/it, avg_loss=0.0044, num_batches=27/60, num_samples=27]
      Epoch 10 train:  50%|█████     | 10/20 [01:02<00:59,  5.95s/it, avg_loss=0.0045, num_batches=28/60, num_samples=28]
      Epoch 10 train:  50%|█████     | 10/20 [01:03<00:59,  5.95s/it, avg_loss=0.0045, num_batches=29/60, num_samples=29]
      Epoch 10 train:  50%|█████     | 10/20 [01:03<00:59,  5.95s/it, avg_loss=0.0045, num_batches=30/60, num_samples=30]
      Epoch 10 train:  50%|█████     | 10/20 [01:03<00:59,  5.95s/it, avg_loss=0.0045, num_batches=31/60, num_samples=31]
      Epoch 10 train:  50%|█████     | 10/20 [01:03<00:59,  5.95s/it, avg_loss=0.0047, num_batches=32/60, num_samples=32]
      Epoch 10 train:  50%|█████     | 10/20 [01:03<00:59,  5.95s/it, avg_loss=0.0050, num_batches=33/60, num_samples=33]
      Epoch 10 train:  50%|█████     | 10/20 [01:03<00:59,  5.95s/it, avg_loss=0.0049, num_batches=34/60, num_samples=34]
      Epoch 10 train:  50%|█████     | 10/20 [01:03<00:59,  5.95s/it, avg_loss=0.0049, num_batches=35/60, num_samples=35]
      Epoch 10 train:  50%|█████     | 10/20 [01:03<00:59,  5.95s/it, avg_loss=0.0048, num_batches=36/60, num_samples=36]
      Epoch 10 train:  50%|█████     | 10/20 [01:03<00:59,  5.95s/it, avg_loss=0.0047, num_batches=37/60, num_samples=37]
      Epoch 10 train:  50%|█████     | 10/20 [01:03<00:59,  5.95s/it, avg_loss=0.0046, num_batches=38/60, num_samples=38]
      Epoch 10 train:  50%|█████     | 10/20 [01:03<00:59,  5.95s/it, avg_loss=0.0046, num_batches=39/60, num_samples=39]
      Epoch 10 train:  50%|█████     | 10/20 [01:04<00:59,  5.95s/it, avg_loss=0.0045, num_batches=40/60, num_samples=40]
      Epoch 10 train:  50%|█████     | 10/20 [01:04<00:59,  5.95s/it, avg_loss=0.0046, num_batches=41/60, num_samples=41]
      Epoch 10 train:  50%|█████     | 10/20 [01:04<00:59,  5.95s/it, avg_loss=0.0051, num_batches=42/60, num_samples=42]
      Epoch 10 train:  50%|█████     | 10/20 [01:04<00:59,  5.95s/it, avg_loss=0.0050, num_batches=43/60, num_samples=43]
      Epoch 10 train:  50%|█████     | 10/20 [01:04<00:59,  5.95s/it, avg_loss=0.0053, num_batches=44/60, num_samples=44]
      Epoch 10 train:  50%|█████     | 10/20 [01:04<00:59,  5.95s/it, avg_loss=0.0052, num_batches=45/60, num_samples=45]
      Epoch 10 train:  50%|█████     | 10/20 [01:04<00:59,  5.95s/it, avg_loss=0.0051, num_batches=46/60, num_samples=46]
      Epoch 10 train:  50%|█████     | 10/20 [01:04<00:59,  5.95s/it, avg_loss=0.0053, num_batches=47/60, num_samples=47]
      Epoch 10 train:  50%|█████     | 10/20 [01:04<00:59,  5.95s/it, avg_loss=0.0055, num_batches=48/60, num_samples=48]
      Epoch 10 train:  50%|█████     | 10/20 [01:04<00:59,  5.95s/it, avg_loss=0.0054, num_batches=49/60, num_samples=49]
      Epoch 10 train:  50%|█████     | 10/20 [01:04<00:59,  5.95s/it, avg_loss=0.0053, num_batches=50/60, num_samples=50]
      Epoch 10 train:  50%|█████     | 10/20 [01:04<00:59,  5.95s/it, avg_loss=0.0054, num_batches=51/60, num_samples=51]
      Epoch 10 train:  50%|█████     | 10/20 [01:04<00:59,  5.95s/it, avg_loss=0.0053, num_batches=52/60, num_samples=52]
      Epoch 10 train:  50%|█████     | 10/20 [01:04<00:59,  5.95s/it, avg_loss=0.0052, num_batches=53/60, num_samples=53]
      Epoch 10 train:  50%|█████     | 10/20 [01:04<00:59,  5.95s/it, avg_loss=0.0055, num_batches=54/60, num_samples=54]
      Epoch 10 train:  50%|█████     | 10/20 [01:04<00:59,  5.95s/it, avg_loss=0.0055, num_batches=55/60, num_samples=55]
      Epoch 10 train:  50%|█████     | 10/20 [01:04<00:59,  5.95s/it, avg_loss=0.0055, num_batches=56/60, num_samples=56]
      Epoch 10 train:  50%|█████     | 10/20 [01:04<00:59,  5.95s/it, avg_loss=0.0055, num_batches=57/60, num_samples=57]
      Epoch 10 train:  50%|█████     | 10/20 [01:05<00:59,  5.95s/it, avg_loss=0.0055, num_batches=58/60, num_samples=58]
      Epoch 10 train:  50%|█████     | 10/20 [01:05<00:59,  5.95s/it, avg_loss=0.0056, num_batches=59/60, num_samples=59]
      Epoch 10 train:  50%|█████     | 10/20 [01:05<00:59,  5.95s/it, avg_loss=0.0055, num_batches=60/60, num_samples=60]
      Epoch 10 val:  50%|█████     | 10/20 [01:05<00:59,  5.95s/it, avg_loss=0.0055, num_batches=60/60, num_samples=60]  
      Epoch 10 val:  50%|█████     | 10/20 [01:05<00:59,  5.95s/it, avg_loss=3.2538, num_batches=1/15, num_samples=1]  
      Epoch 10 val:  50%|█████     | 10/20 [01:05<00:59,  5.95s/it, avg_loss=2.3575, num_batches=2/15, num_samples=2]
      Epoch 10 val:  50%|█████     | 10/20 [01:05<00:59,  5.95s/it, avg_loss=1.8374, num_batches=3/15, num_samples=3]
      Epoch 10 val:  50%|█████     | 10/20 [01:05<00:59,  5.95s/it, avg_loss=2.1738, num_batches=4/15, num_samples=4]
      Epoch 10 val:  50%|█████     | 10/20 [01:05<00:59,  5.95s/it, avg_loss=1.7874, num_batches=5/15, num_samples=5]
      Epoch 10 val:  50%|█████     | 10/20 [01:05<00:59,  5.95s/it, avg_loss=2.4340, num_batches=6/15, num_samples=6]
      Epoch 10 val:  50%|█████     | 10/20 [01:05<00:59,  5.95s/it, avg_loss=2.0883, num_batches=7/15, num_samples=7]
      Epoch 10 val:  50%|█████     | 10/20 [01:05<00:59,  5.95s/it, avg_loss=1.8278, num_batches=8/15, num_samples=8]
      Epoch 10 val:  50%|█████     | 10/20 [01:05<00:59,  5.95s/it, avg_loss=2.6297, num_batches=9/15, num_samples=9]
      Epoch 10 val:  50%|█████     | 10/20 [01:05<00:59,  5.95s/it, avg_loss=2.3674, num_batches=10/15, num_samples=10]
      Epoch 10 val:  50%|█████     | 10/20 [01:05<00:59,  5.95s/it, avg_loss=2.6056, num_batches=11/15, num_samples=11]
      Epoch 10 val:  50%|█████     | 10/20 [01:05<00:59,  5.95s/it, avg_loss=3.1469, num_batches=12/15, num_samples=12]
      Epoch 10 val:  50%|█████     | 10/20 [01:05<00:59,  5.95s/it, avg_loss=3.2254, num_batches=13/15, num_samples=13]
      Epoch 10 val:  50%|█████     | 10/20 [01:05<00:59,  5.95s/it, avg_loss=3.0345, num_batches=14/15, num_samples=14]
      Epoch 10 val:  50%|█████     | 10/20 [01:05<00:59,  5.95s/it, avg_loss=2.9479, num_batches=15/15, num_samples=15]
      Epoch 10 val:  55%|█████▌    | 11/20 [01:06<00:51,  5.73s/it, avg_loss=2.9479, num_batches=15/15, num_samples=15]
      Epoch 11 train:  55%|█████▌    | 11/20 [01:06<00:51,  5.73s/it, avg_loss=2.9479, num_batches=15/15, num_samples=15]
      Epoch 11 train:  55%|█████▌    | 11/20 [01:06<00:51,  5.73s/it, avg_loss=0.0075, num_batches=1/60, num_samples=1]  
      Epoch 11 train:  55%|█████▌    | 11/20 [01:06<00:51,  5.73s/it, avg_loss=0.0038, num_batches=2/60, num_samples=2]
      Epoch 11 train:  55%|█████▌    | 11/20 [01:06<00:51,  5.73s/it, avg_loss=0.0049, num_batches=3/60, num_samples=3]
      Epoch 11 train:  55%|█████▌    | 11/20 [01:06<00:51,  5.73s/it, avg_loss=0.0037, num_batches=4/60, num_samples=4]
      Epoch 11 train:  55%|█████▌    | 11/20 [01:06<00:51,  5.73s/it, avg_loss=0.0030, num_batches=5/60, num_samples=5]
      Epoch 11 train:  55%|█████▌    | 11/20 [01:06<00:51,  5.73s/it, avg_loss=0.0032, num_batches=6/60, num_samples=6]
      Epoch 11 train:  55%|█████▌    | 11/20 [01:06<00:51,  5.73s/it, avg_loss=0.0031, num_batches=7/60, num_samples=7]
      Epoch 11 train:  55%|█████▌    | 11/20 [01:06<00:51,  5.73s/it, avg_loss=0.0028, num_batches=8/60, num_samples=8]
      Epoch 11 train:  55%|█████▌    | 11/20 [01:06<00:51,  5.73s/it, avg_loss=0.0028, num_batches=9/60, num_samples=9]
      Epoch 11 train:  55%|█████▌    | 11/20 [01:06<00:51,  5.73s/it, avg_loss=0.0028, num_batches=10/60, num_samples=10]
      Epoch 11 train:  55%|█████▌    | 11/20 [01:06<00:51,  5.73s/it, avg_loss=0.0029, num_batches=11/60, num_samples=11]
      Epoch 11 train:  55%|█████▌    | 11/20 [01:06<00:51,  5.73s/it, avg_loss=0.0027, num_batches=12/60, num_samples=12]
      Epoch 11 train:  55%|█████▌    | 11/20 [01:06<00:51,  5.73s/it, avg_loss=0.0025, num_batches=13/60, num_samples=13]
      Epoch 11 train:  55%|█████▌    | 11/20 [01:06<00:51,  5.73s/it, avg_loss=0.0024, num_batches=14/60, num_samples=14]
      Epoch 11 train:  55%|█████▌    | 11/20 [01:07<00:51,  5.73s/it, avg_loss=0.0025, num_batches=15/60, num_samples=15]
      Epoch 11 train:  55%|█████▌    | 11/20 [01:07<00:51,  5.73s/it, avg_loss=0.0028, num_batches=16/60, num_samples=16]
      Epoch 11 train:  55%|█████▌    | 11/20 [01:07<00:51,  5.73s/it, avg_loss=0.0027, num_batches=17/60, num_samples=17]
      Epoch 11 train:  55%|█████▌    | 11/20 [01:07<00:51,  5.73s/it, avg_loss=0.0031, num_batches=18/60, num_samples=18]
      Epoch 11 train:  55%|█████▌    | 11/20 [01:07<00:51,  5.73s/it, avg_loss=0.0031, num_batches=19/60, num_samples=19]
      Epoch 11 train:  55%|█████▌    | 11/20 [01:07<00:51,  5.73s/it, avg_loss=0.0036, num_batches=20/60, num_samples=20]
      Epoch 11 train:  55%|█████▌    | 11/20 [01:07<00:51,  5.73s/it, avg_loss=0.0034, num_batches=21/60, num_samples=21]
      Epoch 11 train:  55%|█████▌    | 11/20 [01:07<00:51,  5.73s/it, avg_loss=0.0035, num_batches=22/60, num_samples=22]
      Epoch 11 train:  55%|█████▌    | 11/20 [01:07<00:51,  5.73s/it, avg_loss=0.0039, num_batches=23/60, num_samples=23]
      Epoch 11 train:  55%|█████▌    | 11/20 [01:07<00:51,  5.73s/it, avg_loss=0.0038, num_batches=24/60, num_samples=24]
      Epoch 11 train:  55%|█████▌    | 11/20 [01:07<00:51,  5.73s/it, avg_loss=0.0037, num_batches=25/60, num_samples=25]
      Epoch 11 train:  55%|█████▌    | 11/20 [01:07<00:51,  5.73s/it, avg_loss=0.0036, num_batches=26/60, num_samples=26]
      Epoch 11 train:  55%|█████▌    | 11/20 [01:07<00:51,  5.73s/it, avg_loss=0.0034, num_batches=27/60, num_samples=27]
      Epoch 11 train:  55%|█████▌    | 11/20 [01:07<00:51,  5.73s/it, avg_loss=0.0037, num_batches=28/60, num_samples=28]
      Epoch 11 train:  55%|█████▌    | 11/20 [01:07<00:51,  5.73s/it, avg_loss=0.0037, num_batches=29/60, num_samples=29]
      Epoch 11 train:  55%|█████▌    | 11/20 [01:07<00:51,  5.73s/it, avg_loss=0.0035, num_batches=30/60, num_samples=30]
      Epoch 11 train:  55%|█████▌    | 11/20 [01:07<00:51,  5.73s/it, avg_loss=0.0034, num_batches=31/60, num_samples=31]
      Epoch 11 train:  55%|█████▌    | 11/20 [01:07<00:51,  5.73s/it, avg_loss=0.0035, num_batches=32/60, num_samples=32]
      Epoch 11 train:  55%|█████▌    | 11/20 [01:07<00:51,  5.73s/it, avg_loss=0.0038, num_batches=33/60, num_samples=33]
      Epoch 11 train:  55%|█████▌    | 11/20 [01:08<00:51,  5.73s/it, avg_loss=0.0037, num_batches=34/60, num_samples=34]
      Epoch 11 train:  55%|█████▌    | 11/20 [01:08<00:51,  5.73s/it, avg_loss=0.0036, num_batches=35/60, num_samples=35]
      Epoch 11 train:  55%|█████▌    | 11/20 [01:08<00:51,  5.73s/it, avg_loss=0.0036, num_batches=36/60, num_samples=36]
      Epoch 11 train:  55%|█████▌    | 11/20 [01:08<00:51,  5.73s/it, avg_loss=0.0035, num_batches=37/60, num_samples=37]
      Epoch 11 train:  55%|█████▌    | 11/20 [01:08<00:51,  5.73s/it, avg_loss=0.0035, num_batches=38/60, num_samples=38]
      Epoch 11 train:  55%|█████▌    | 11/20 [01:08<00:51,  5.73s/it, avg_loss=0.0036, num_batches=39/60, num_samples=39]
      Epoch 11 train:  55%|█████▌    | 11/20 [01:08<00:51,  5.73s/it, avg_loss=0.0037, num_batches=40/60, num_samples=40]
      Epoch 11 train:  55%|█████▌    | 11/20 [01:08<00:51,  5.73s/it, avg_loss=0.0038, num_batches=41/60, num_samples=41]
      Epoch 11 train:  55%|█████▌    | 11/20 [01:08<00:51,  5.73s/it, avg_loss=0.0037, num_batches=42/60, num_samples=42]
      Epoch 11 train:  55%|█████▌    | 11/20 [01:08<00:51,  5.73s/it, avg_loss=0.0036, num_batches=43/60, num_samples=43]
      Epoch 11 train:  55%|█████▌    | 11/20 [01:08<00:51,  5.73s/it, avg_loss=0.0035, num_batches=44/60, num_samples=44]
      Epoch 11 train:  55%|█████▌    | 11/20 [01:08<00:51,  5.73s/it, avg_loss=0.0035, num_batches=45/60, num_samples=45]
      Epoch 11 train:  55%|█████▌    | 11/20 [01:08<00:51,  5.73s/it, avg_loss=0.0034, num_batches=46/60, num_samples=46]
      Epoch 11 train:  55%|█████▌    | 11/20 [01:08<00:51,  5.73s/it, avg_loss=0.0035, num_batches=47/60, num_samples=47]
      Epoch 11 train:  55%|█████▌    | 11/20 [01:08<00:51,  5.73s/it, avg_loss=0.0035, num_batches=48/60, num_samples=48]
      Epoch 11 train:  55%|█████▌    | 11/20 [01:08<00:51,  5.73s/it, avg_loss=0.0035, num_batches=49/60, num_samples=49]
      Epoch 11 train:  55%|█████▌    | 11/20 [01:08<00:51,  5.73s/it, avg_loss=0.0035, num_batches=50/60, num_samples=50]
      Epoch 11 train:  55%|█████▌    | 11/20 [01:08<00:51,  5.73s/it, avg_loss=0.0035, num_batches=51/60, num_samples=51]
      Epoch 11 train:  55%|█████▌    | 11/20 [01:08<00:51,  5.73s/it, avg_loss=0.0034, num_batches=52/60, num_samples=52]
      Epoch 11 train:  55%|█████▌    | 11/20 [01:09<00:51,  5.73s/it, avg_loss=0.0035, num_batches=53/60, num_samples=53]
      Epoch 11 train:  55%|█████▌    | 11/20 [01:09<00:51,  5.73s/it, avg_loss=0.0035, num_batches=54/60, num_samples=54]
      Epoch 11 train:  55%|█████▌    | 11/20 [01:09<00:51,  5.73s/it, avg_loss=0.0035, num_batches=55/60, num_samples=55]
      Epoch 11 train:  55%|█████▌    | 11/20 [01:09<00:51,  5.73s/it, avg_loss=0.0034, num_batches=56/60, num_samples=56]
      Epoch 11 train:  55%|█████▌    | 11/20 [01:09<00:51,  5.73s/it, avg_loss=0.0035, num_batches=57/60, num_samples=57]
      Epoch 11 train:  55%|█████▌    | 11/20 [01:09<00:51,  5.73s/it, avg_loss=0.0035, num_batches=58/60, num_samples=58]
      Epoch 11 train:  55%|█████▌    | 11/20 [01:09<00:51,  5.73s/it, avg_loss=0.0035, num_batches=59/60, num_samples=59]
      Epoch 11 train:  55%|█████▌    | 11/20 [01:09<00:51,  5.73s/it, avg_loss=0.0035, num_batches=60/60, num_samples=60]
      Epoch 11 val:  55%|█████▌    | 11/20 [01:09<00:51,  5.73s/it, avg_loss=0.0035, num_batches=60/60, num_samples=60]  
      Epoch 11 val:  55%|█████▌    | 11/20 [01:09<00:51,  5.73s/it, avg_loss=0.0112, num_batches=1/15, num_samples=1]  
      Epoch 11 val:  55%|█████▌    | 11/20 [01:09<00:51,  5.73s/it, avg_loss=0.1215, num_batches=2/15, num_samples=2]
      Epoch 11 val:  55%|█████▌    | 11/20 [01:09<00:51,  5.73s/it, avg_loss=0.3233, num_batches=3/15, num_samples=3]
      Epoch 11 val:  55%|█████▌    | 11/20 [01:09<00:51,  5.73s/it, avg_loss=2.6639, num_batches=4/15, num_samples=4]
      Epoch 11 val:  55%|█████▌    | 11/20 [01:09<00:51,  5.73s/it, avg_loss=3.1940, num_batches=5/15, num_samples=5]
      Epoch 11 val:  55%|█████▌    | 11/20 [01:09<00:51,  5.73s/it, avg_loss=3.2530, num_batches=6/15, num_samples=6]
      Epoch 11 val:  55%|█████▌    | 11/20 [01:09<00:51,  5.73s/it, avg_loss=2.8584, num_batches=7/15, num_samples=7]
      Epoch 11 val:  55%|█████▌    | 11/20 [01:09<00:51,  5.73s/it, avg_loss=2.7097, num_batches=8/15, num_samples=8]
      Epoch 11 val:  55%|█████▌    | 11/20 [01:09<00:51,  5.73s/it, avg_loss=2.4089, num_batches=9/15, num_samples=9]
      Epoch 11 val:  55%|█████▌    | 11/20 [01:09<00:51,  5.73s/it, avg_loss=2.7842, num_batches=10/15, num_samples=10]
      Epoch 11 val:  55%|█████▌    | 11/20 [01:09<00:51,  5.73s/it, avg_loss=2.5315, num_batches=11/15, num_samples=11]
      Epoch 11 val:  55%|█████▌    | 11/20 [01:10<00:51,  5.73s/it, avg_loss=2.6886, num_batches=12/15, num_samples=12]
      Epoch 11 val:  55%|█████▌    | 11/20 [01:10<00:51,  5.73s/it, avg_loss=2.6067, num_batches=13/15, num_samples=13]
      Epoch 11 val:  55%|█████▌    | 11/20 [01:10<00:51,  5.73s/it, avg_loss=2.6521, num_batches=14/15, num_samples=14]
      Epoch 11 val:  55%|█████▌    | 11/20 [01:10<00:51,  5.73s/it, avg_loss=3.1195, num_batches=15/15, num_samples=15]
      Epoch 11 val:  60%|██████    | 12/20 [01:10<00:42,  5.25s/it, avg_loss=3.1195, num_batches=15/15, num_samples=15]
      Epoch 12 train:  60%|██████    | 12/20 [01:10<00:42,  5.25s/it, avg_loss=3.1195, num_batches=15/15, num_samples=15]
      Epoch 12 train:  60%|██████    | 12/20 [01:10<00:42,  5.25s/it, avg_loss=0.0066, num_batches=1/60, num_samples=1]  
      Epoch 12 train:  60%|██████    | 12/20 [01:10<00:42,  5.25s/it, avg_loss=0.0068, num_batches=2/60, num_samples=2]
      Epoch 12 train:  60%|██████    | 12/20 [01:10<00:42,  5.25s/it, avg_loss=0.0055, num_batches=3/60, num_samples=3]
      Epoch 12 train:  60%|██████    | 12/20 [01:10<00:42,  5.25s/it, avg_loss=0.0042, num_batches=4/60, num_samples=4]
      Epoch 12 train:  60%|██████    | 12/20 [01:10<00:42,  5.25s/it, avg_loss=0.0033, num_batches=5/60, num_samples=5]
      Epoch 12 train:  60%|██████    | 12/20 [01:10<00:42,  5.25s/it, avg_loss=0.0037, num_batches=6/60, num_samples=6]
      Epoch 12 train:  60%|██████    | 12/20 [01:10<00:42,  5.25s/it, avg_loss=0.0038, num_batches=7/60, num_samples=7]
      Epoch 12 train:  60%|██████    | 12/20 [01:10<00:42,  5.25s/it, avg_loss=0.0037, num_batches=8/60, num_samples=8]
      Epoch 12 train:  60%|██████    | 12/20 [01:10<00:42,  5.25s/it, avg_loss=0.0038, num_batches=9/60, num_samples=9]
      Epoch 12 train:  60%|██████    | 12/20 [01:10<00:42,  5.25s/it, avg_loss=0.0037, num_batches=10/60, num_samples=10]
      Epoch 12 train:  60%|██████    | 12/20 [01:10<00:42,  5.25s/it, avg_loss=0.0041, num_batches=11/60, num_samples=11]
      Epoch 12 train:  60%|██████    | 12/20 [01:10<00:42,  5.25s/it, avg_loss=0.0037, num_batches=12/60, num_samples=12]
      Epoch 12 train:  60%|██████    | 12/20 [01:11<00:42,  5.25s/it, avg_loss=0.0041, num_batches=13/60, num_samples=13]
      Epoch 12 train:  60%|██████    | 12/20 [01:11<00:42,  5.25s/it, avg_loss=0.0040, num_batches=14/60, num_samples=14]
      Epoch 12 train:  60%|██████    | 12/20 [01:11<00:42,  5.25s/it, avg_loss=0.0041, num_batches=15/60, num_samples=15]
      Epoch 12 train:  60%|██████    | 12/20 [01:11<00:42,  5.25s/it, avg_loss=0.0041, num_batches=16/60, num_samples=16]
      Epoch 12 train:  60%|██████    | 12/20 [01:11<00:42,  5.25s/it, avg_loss=0.0038, num_batches=17/60, num_samples=17]
      Epoch 12 train:  60%|██████    | 12/20 [01:11<00:42,  5.25s/it, avg_loss=0.0042, num_batches=18/60, num_samples=18]
      Epoch 12 train:  60%|██████    | 12/20 [01:11<00:42,  5.25s/it, avg_loss=0.0040, num_batches=19/60, num_samples=19]
      Epoch 12 train:  60%|██████    | 12/20 [01:11<00:42,  5.25s/it, avg_loss=0.0040, num_batches=20/60, num_samples=20]
      Epoch 12 train:  60%|██████    | 12/20 [01:11<00:42,  5.25s/it, avg_loss=0.0039, num_batches=21/60, num_samples=21]
      Epoch 12 train:  60%|██████    | 12/20 [01:11<00:42,  5.25s/it, avg_loss=0.0039, num_batches=22/60, num_samples=22]
      Epoch 12 train:  60%|██████    | 12/20 [01:11<00:42,  5.25s/it, avg_loss=0.0041, num_batches=23/60, num_samples=23]
      Epoch 12 train:  60%|██████    | 12/20 [01:11<00:42,  5.25s/it, avg_loss=0.0043, num_batches=24/60, num_samples=24]
      Epoch 12 train:  60%|██████    | 12/20 [01:11<00:42,  5.25s/it, avg_loss=0.0041, num_batches=25/60, num_samples=25]
      Epoch 12 train:  60%|██████    | 12/20 [01:11<00:42,  5.25s/it, avg_loss=0.0041, num_batches=26/60, num_samples=26]
      Epoch 12 train:  60%|██████    | 12/20 [01:11<00:42,  5.25s/it, avg_loss=0.0040, num_batches=27/60, num_samples=27]
      Epoch 12 train:  60%|██████    | 12/20 [01:11<00:42,  5.25s/it, avg_loss=0.0038, num_batches=28/60, num_samples=28]
      Epoch 12 train:  60%|██████    | 12/20 [01:11<00:42,  5.25s/it, avg_loss=0.0037, num_batches=29/60, num_samples=29]
      Epoch 12 train:  60%|██████    | 12/20 [01:11<00:42,  5.25s/it, avg_loss=0.0036, num_batches=30/60, num_samples=30]
      Epoch 12 train:  60%|██████    | 12/20 [01:11<00:42,  5.25s/it, avg_loss=0.0035, num_batches=31/60, num_samples=31]
      Epoch 12 train:  60%|██████    | 12/20 [01:11<00:42,  5.25s/it, avg_loss=0.0034, num_batches=32/60, num_samples=32]
      Epoch 12 train:  60%|██████    | 12/20 [01:12<00:42,  5.25s/it, avg_loss=0.0035, num_batches=33/60, num_samples=33]
      Epoch 12 train:  60%|██████    | 12/20 [01:12<00:42,  5.25s/it, avg_loss=0.0034, num_batches=34/60, num_samples=34]
      Epoch 12 train:  60%|██████    | 12/20 [01:12<00:42,  5.25s/it, avg_loss=0.0034, num_batches=35/60, num_samples=35]
      Epoch 12 train:  60%|██████    | 12/20 [01:12<00:42,  5.25s/it, avg_loss=0.0033, num_batches=36/60, num_samples=36]
      Epoch 12 train:  60%|██████    | 12/20 [01:12<00:42,  5.25s/it, avg_loss=0.0033, num_batches=37/60, num_samples=37]
      Epoch 12 train:  60%|██████    | 12/20 [01:12<00:42,  5.25s/it, avg_loss=0.0032, num_batches=38/60, num_samples=38]
      Epoch 12 train:  60%|██████    | 12/20 [01:12<00:42,  5.25s/it, avg_loss=0.0031, num_batches=39/60, num_samples=39]
      Epoch 12 train:  60%|██████    | 12/20 [01:12<00:42,  5.25s/it, avg_loss=0.0031, num_batches=40/60, num_samples=40]
      Epoch 12 train:  60%|██████    | 12/20 [01:12<00:42,  5.25s/it, avg_loss=0.0030, num_batches=41/60, num_samples=41]
      Epoch 12 train:  60%|██████    | 12/20 [01:12<00:42,  5.25s/it, avg_loss=0.0029, num_batches=42/60, num_samples=42]
      Epoch 12 train:  60%|██████    | 12/20 [01:12<00:42,  5.25s/it, avg_loss=0.0029, num_batches=43/60, num_samples=43]
      Epoch 12 train:  60%|██████    | 12/20 [01:12<00:42,  5.25s/it, avg_loss=0.0029, num_batches=44/60, num_samples=44]
      Epoch 12 train:  60%|██████    | 12/20 [01:12<00:42,  5.25s/it, avg_loss=0.0028, num_batches=45/60, num_samples=45]
      Epoch 12 train:  60%|██████    | 12/20 [01:12<00:42,  5.25s/it, avg_loss=0.0028, num_batches=46/60, num_samples=46]
      Epoch 12 train:  60%|██████    | 12/20 [01:12<00:42,  5.25s/it, avg_loss=0.0027, num_batches=47/60, num_samples=47]
      Epoch 12 train:  60%|██████    | 12/20 [01:12<00:42,  5.25s/it, avg_loss=0.0027, num_batches=48/60, num_samples=48]
      Epoch 12 train:  60%|██████    | 12/20 [01:12<00:42,  5.25s/it, avg_loss=0.0027, num_batches=49/60, num_samples=49]
      Epoch 12 train:  60%|██████    | 12/20 [01:12<00:42,  5.25s/it, avg_loss=0.0027, num_batches=50/60, num_samples=50]
      Epoch 12 train:  60%|██████    | 12/20 [01:13<00:42,  5.25s/it, avg_loss=0.0026, num_batches=51/60, num_samples=51]
      Epoch 12 train:  60%|██████    | 12/20 [01:13<00:42,  5.25s/it, avg_loss=0.0026, num_batches=52/60, num_samples=52]
      Epoch 12 train:  60%|██████    | 12/20 [01:13<00:42,  5.25s/it, avg_loss=0.0026, num_batches=53/60, num_samples=53]
      Epoch 12 train:  60%|██████    | 12/20 [01:13<00:42,  5.25s/it, avg_loss=0.0026, num_batches=54/60, num_samples=54]
      Epoch 12 train:  60%|██████    | 12/20 [01:13<00:42,  5.25s/it, avg_loss=0.0026, num_batches=55/60, num_samples=55]
      Epoch 12 train:  60%|██████    | 12/20 [01:13<00:42,  5.25s/it, avg_loss=0.0025, num_batches=56/60, num_samples=56]
      Epoch 12 train:  60%|██████    | 12/20 [01:13<00:42,  5.25s/it, avg_loss=0.0025, num_batches=57/60, num_samples=57]
      Epoch 12 train:  60%|██████    | 12/20 [01:13<00:42,  5.25s/it, avg_loss=0.0024, num_batches=58/60, num_samples=58]
      Epoch 12 train:  60%|██████    | 12/20 [01:13<00:42,  5.25s/it, avg_loss=0.0024, num_batches=59/60, num_samples=59]
      Epoch 12 train:  60%|██████    | 12/20 [01:13<00:42,  5.25s/it, avg_loss=0.0024, num_batches=60/60, num_samples=60]
      Epoch 12 val:  60%|██████    | 12/20 [01:13<00:42,  5.25s/it, avg_loss=0.0024, num_batches=60/60, num_samples=60]  
      Epoch 12 val:  60%|██████    | 12/20 [01:13<00:42,  5.25s/it, avg_loss=3.3774, num_batches=1/15, num_samples=1]  
      Epoch 12 val:  60%|██████    | 12/20 [01:13<00:42,  5.25s/it, avg_loss=2.1079, num_batches=2/15, num_samples=2]
      Epoch 12 val:  60%|██████    | 12/20 [01:13<00:42,  5.25s/it, avg_loss=1.5783, num_batches=3/15, num_samples=3]
      Epoch 12 val:  60%|██████    | 12/20 [01:13<00:42,  5.25s/it, avg_loss=1.2336, num_batches=4/15, num_samples=4]
      Epoch 12 val:  60%|██████    | 12/20 [01:13<00:42,  5.25s/it, avg_loss=0.9873, num_batches=5/15, num_samples=5]
      Epoch 12 val:  60%|██████    | 12/20 [01:14<00:42,  5.25s/it, avg_loss=1.1188, num_batches=6/15, num_samples=6]
      Epoch 12 val:  60%|██████    | 12/20 [01:14<00:42,  5.25s/it, avg_loss=0.9594, num_batches=7/15, num_samples=7]
      Epoch 12 val:  60%|██████    | 12/20 [01:14<00:42,  5.25s/it, avg_loss=0.8405, num_batches=8/15, num_samples=8]
      Epoch 12 val:  60%|██████    | 12/20 [01:14<00:42,  5.25s/it, avg_loss=1.4555, num_batches=9/15, num_samples=9]
      Epoch 12 val:  60%|██████    | 12/20 [01:14<00:42,  5.25s/it, avg_loss=1.8710, num_batches=10/15, num_samples=10]
      Epoch 12 val:  60%|██████    | 12/20 [01:14<00:42,  5.25s/it, avg_loss=1.8576, num_batches=11/15, num_samples=11]
      Epoch 12 val:  60%|██████    | 12/20 [01:14<00:42,  5.25s/it, avg_loss=2.0033, num_batches=12/15, num_samples=12]
      Epoch 12 val:  60%|██████    | 12/20 [01:14<00:42,  5.25s/it, avg_loss=2.2070, num_batches=13/15, num_samples=13]
      Epoch 12 val:  60%|██████    | 12/20 [01:14<00:42,  5.25s/it, avg_loss=2.7584, num_batches=14/15, num_samples=14]
      Epoch 12 val:  60%|██████    | 12/20 [01:14<00:42,  5.25s/it, avg_loss=3.2367, num_batches=15/15, num_samples=15]
      Epoch 12 val:  65%|██████▌   | 13/20 [01:14<00:34,  4.95s/it, avg_loss=3.2367, num_batches=15/15, num_samples=15]
      Epoch 13 train:  65%|██████▌   | 13/20 [01:14<00:34,  4.95s/it, avg_loss=3.2367, num_batches=15/15, num_samples=15]
      Epoch 13 train:  65%|██████▌   | 13/20 [01:14<00:34,  4.95s/it, avg_loss=0.0018, num_batches=1/60, num_samples=1]  
      Epoch 13 train:  65%|██████▌   | 13/20 [01:14<00:34,  4.95s/it, avg_loss=0.0009, num_batches=2/60, num_samples=2]
      Epoch 13 train:  65%|██████▌   | 13/20 [01:14<00:34,  4.95s/it, avg_loss=0.0009, num_batches=3/60, num_samples=3]
      Epoch 13 train:  65%|██████▌   | 13/20 [01:14<00:34,  4.95s/it, avg_loss=0.0014, num_batches=4/60, num_samples=4]
      Epoch 13 train:  65%|██████▌   | 13/20 [01:14<00:34,  4.95s/it, avg_loss=0.0012, num_batches=5/60, num_samples=5]
      Epoch 13 train:  65%|██████▌   | 13/20 [01:14<00:34,  4.95s/it, avg_loss=0.0010, num_batches=6/60, num_samples=6]
      Epoch 13 train:  65%|██████▌   | 13/20 [01:14<00:34,  4.95s/it, avg_loss=0.0015, num_batches=7/60, num_samples=7]
      Epoch 13 train:  65%|██████▌   | 13/20 [01:15<00:34,  4.95s/it, avg_loss=0.0014, num_batches=8/60, num_samples=8]
      Epoch 13 train:  65%|██████▌   | 13/20 [01:15<00:34,  4.95s/it, avg_loss=0.0015, num_batches=9/60, num_samples=9]
      Epoch 13 train:  65%|██████▌   | 13/20 [01:15<00:34,  4.95s/it, avg_loss=0.0014, num_batches=10/60, num_samples=10]
      Epoch 13 train:  65%|██████▌   | 13/20 [01:15<00:34,  4.95s/it, avg_loss=0.0017, num_batches=11/60, num_samples=11]
      Epoch 13 train:  65%|██████▌   | 13/20 [01:15<00:34,  4.95s/it, avg_loss=0.0019, num_batches=12/60, num_samples=12]
      Epoch 13 train:  65%|██████▌   | 13/20 [01:15<00:34,  4.95s/it, avg_loss=0.0023, num_batches=13/60, num_samples=13]
      Epoch 13 train:  65%|██████▌   | 13/20 [01:15<00:34,  4.95s/it, avg_loss=0.0021, num_batches=14/60, num_samples=14]
      Epoch 13 train:  65%|██████▌   | 13/20 [01:15<00:34,  4.95s/it, avg_loss=0.0021, num_batches=15/60, num_samples=15]
      Epoch 13 train:  65%|██████▌   | 13/20 [01:15<00:34,  4.95s/it, avg_loss=0.0020, num_batches=16/60, num_samples=16]
      Epoch 13 train:  65%|██████▌   | 13/20 [01:15<00:34,  4.95s/it, avg_loss=0.0020, num_batches=17/60, num_samples=17]
      Epoch 13 train:  65%|██████▌   | 13/20 [01:15<00:34,  4.95s/it, avg_loss=0.0021, num_batches=18/60, num_samples=18]
      Epoch 13 train:  65%|██████▌   | 13/20 [01:16<00:34,  4.95s/it, avg_loss=0.0024, num_batches=19/60, num_samples=19]
      Epoch 13 train:  65%|██████▌   | 13/20 [01:16<00:34,  4.95s/it, avg_loss=0.0023, num_batches=20/60, num_samples=20]
      Epoch 13 train:  65%|██████▌   | 13/20 [01:16<00:34,  4.95s/it, avg_loss=0.0023, num_batches=21/60, num_samples=21]
      Epoch 13 train:  65%|██████▌   | 13/20 [01:16<00:34,  4.95s/it, avg_loss=0.0024, num_batches=22/60, num_samples=22]
      Epoch 13 train:  65%|██████▌   | 13/20 [01:16<00:34,  4.95s/it, avg_loss=0.0024, num_batches=23/60, num_samples=23]
      Epoch 13 train:  65%|██████▌   | 13/20 [01:16<00:34,  4.95s/it, avg_loss=0.0024, num_batches=24/60, num_samples=24]
      Epoch 13 train:  65%|██████▌   | 13/20 [01:16<00:34,  4.95s/it, avg_loss=0.0023, num_batches=25/60, num_samples=25]
      Epoch 13 train:  65%|██████▌   | 13/20 [01:16<00:34,  4.95s/it, avg_loss=0.0023, num_batches=26/60, num_samples=26]
      Epoch 13 train:  65%|██████▌   | 13/20 [01:16<00:34,  4.95s/it, avg_loss=0.0025, num_batches=27/60, num_samples=27]
      Epoch 13 train:  65%|██████▌   | 13/20 [01:16<00:34,  4.95s/it, avg_loss=0.0025, num_batches=28/60, num_samples=28]
      Epoch 13 train:  65%|██████▌   | 13/20 [01:16<00:34,  4.95s/it, avg_loss=0.0024, num_batches=29/60, num_samples=29]
      Epoch 13 train:  65%|██████▌   | 13/20 [01:16<00:34,  4.95s/it, avg_loss=0.0023, num_batches=30/60, num_samples=30]
      Epoch 13 train:  65%|██████▌   | 13/20 [01:16<00:34,  4.95s/it, avg_loss=0.0023, num_batches=31/60, num_samples=31]
      Epoch 13 train:  65%|██████▌   | 13/20 [01:17<00:34,  4.95s/it, avg_loss=0.0023, num_batches=32/60, num_samples=32]
      Epoch 13 train:  65%|██████▌   | 13/20 [01:17<00:34,  4.95s/it, avg_loss=0.0023, num_batches=33/60, num_samples=33]
      Epoch 13 train:  65%|██████▌   | 13/20 [01:17<00:34,  4.95s/it, avg_loss=0.0023, num_batches=34/60, num_samples=34]
      Epoch 13 train:  65%|██████▌   | 13/20 [01:17<00:34,  4.95s/it, avg_loss=0.0022, num_batches=35/60, num_samples=35]
      Epoch 13 train:  65%|██████▌   | 13/20 [01:17<00:34,  4.95s/it, avg_loss=0.0022, num_batches=36/60, num_samples=36]
      Epoch 13 train:  65%|██████▌   | 13/20 [01:17<00:34,  4.95s/it, avg_loss=0.0021, num_batches=37/60, num_samples=37]
      Epoch 13 train:  65%|██████▌   | 13/20 [01:17<00:34,  4.95s/it, avg_loss=0.0021, num_batches=38/60, num_samples=38]
      Epoch 13 train:  65%|██████▌   | 13/20 [01:17<00:34,  4.95s/it, avg_loss=0.0020, num_batches=39/60, num_samples=39]
      Epoch 13 train:  65%|██████▌   | 13/20 [01:17<00:34,  4.95s/it, avg_loss=0.0020, num_batches=40/60, num_samples=40]
      Epoch 13 train:  65%|██████▌   | 13/20 [01:17<00:34,  4.95s/it, avg_loss=0.0019, num_batches=41/60, num_samples=41]
      Epoch 13 train:  65%|██████▌   | 13/20 [01:17<00:34,  4.95s/it, avg_loss=0.0019, num_batches=42/60, num_samples=42]
      Epoch 13 train:  65%|██████▌   | 13/20 [01:17<00:34,  4.95s/it, avg_loss=0.0019, num_batches=43/60, num_samples=43]
      Epoch 13 train:  65%|██████▌   | 13/20 [01:18<00:34,  4.95s/it, avg_loss=0.0018, num_batches=44/60, num_samples=44]
      Epoch 13 train:  65%|██████▌   | 13/20 [01:18<00:34,  4.95s/it, avg_loss=0.0019, num_batches=45/60, num_samples=45]
      Epoch 13 train:  65%|██████▌   | 13/20 [01:18<00:34,  4.95s/it, avg_loss=0.0018, num_batches=46/60, num_samples=46]
      Epoch 13 train:  65%|██████▌   | 13/20 [01:18<00:34,  4.95s/it, avg_loss=0.0018, num_batches=47/60, num_samples=47]
      Epoch 13 train:  65%|██████▌   | 13/20 [01:18<00:34,  4.95s/it, avg_loss=0.0018, num_batches=48/60, num_samples=48]
      Epoch 13 train:  65%|██████▌   | 13/20 [01:18<00:34,  4.95s/it, avg_loss=0.0018, num_batches=49/60, num_samples=49]
      Epoch 13 train:  65%|██████▌   | 13/20 [01:18<00:34,  4.95s/it, avg_loss=0.0018, num_batches=50/60, num_samples=50]
      Epoch 13 train:  65%|██████▌   | 13/20 [01:18<00:34,  4.95s/it, avg_loss=0.0018, num_batches=51/60, num_samples=51]
      Epoch 13 train:  65%|██████▌   | 13/20 [01:18<00:34,  4.95s/it, avg_loss=0.0018, num_batches=52/60, num_samples=52]
      Epoch 13 train:  65%|██████▌   | 13/20 [01:18<00:34,  4.95s/it, avg_loss=0.0018, num_batches=53/60, num_samples=53]
      Epoch 13 train:  65%|██████▌   | 13/20 [01:18<00:34,  4.95s/it, avg_loss=0.0018, num_batches=54/60, num_samples=54]
      Epoch 13 train:  65%|██████▌   | 13/20 [01:19<00:34,  4.95s/it, avg_loss=0.0017, num_batches=55/60, num_samples=55]
      Epoch 13 train:  65%|██████▌   | 13/20 [01:19<00:34,  4.95s/it, avg_loss=0.0018, num_batches=56/60, num_samples=56]
      Epoch 13 train:  65%|██████▌   | 13/20 [01:19<00:34,  4.95s/it, avg_loss=0.0018, num_batches=57/60, num_samples=57]
      Epoch 13 train:  65%|██████▌   | 13/20 [01:19<00:34,  4.95s/it, avg_loss=0.0017, num_batches=58/60, num_samples=58]
      Epoch 13 train:  65%|██████▌   | 13/20 [01:19<00:34,  4.95s/it, avg_loss=0.0017, num_batches=59/60, num_samples=59]
      Epoch 13 train:  65%|██████▌   | 13/20 [01:19<00:34,  4.95s/it, avg_loss=0.0017, num_batches=60/60, num_samples=60]
      Epoch 13 val:  65%|██████▌   | 13/20 [01:19<00:34,  4.95s/it, avg_loss=0.0017, num_batches=60/60, num_samples=60]  
      Epoch 13 val:  65%|██████▌   | 13/20 [01:19<00:34,  4.95s/it, avg_loss=0.0016, num_batches=1/15, num_samples=1]  
      Epoch 13 val:  65%|██████▌   | 13/20 [01:19<00:34,  4.95s/it, avg_loss=0.4371, num_batches=2/15, num_samples=2]
      Epoch 13 val:  65%|██████▌   | 13/20 [01:19<00:34,  4.95s/it, avg_loss=3.6809, num_batches=3/15, num_samples=3]
      Epoch 13 val:  65%|██████▌   | 13/20 [01:20<00:34,  4.95s/it, avg_loss=2.7612, num_batches=4/15, num_samples=4]
      Epoch 13 val:  65%|██████▌   | 13/20 [01:20<00:34,  4.95s/it, avg_loss=2.2103, num_batches=5/15, num_samples=5]
      Epoch 13 val:  65%|██████▌   | 13/20 [01:20<00:34,  4.95s/it, avg_loss=2.1416, num_batches=6/15, num_samples=6]
      Epoch 13 val:  65%|██████▌   | 13/20 [01:20<00:34,  4.95s/it, avg_loss=1.9087, num_batches=7/15, num_samples=7]
      Epoch 13 val:  65%|██████▌   | 13/20 [01:20<00:34,  4.95s/it, avg_loss=2.4011, num_batches=8/15, num_samples=8]
      Epoch 13 val:  65%|██████▌   | 13/20 [01:20<00:34,  4.95s/it, avg_loss=2.5187, num_batches=9/15, num_samples=9]
      Epoch 13 val:  65%|██████▌   | 13/20 [01:20<00:34,  4.95s/it, avg_loss=2.7466, num_batches=10/15, num_samples=10]
      Epoch 13 val:  65%|██████▌   | 13/20 [01:20<00:34,  4.95s/it, avg_loss=2.5137, num_batches=11/15, num_samples=11]
      Epoch 13 val:  65%|██████▌   | 13/20 [01:20<00:34,  4.95s/it, avg_loss=2.6141, num_batches=12/15, num_samples=12]
      Epoch 13 val:  65%|██████▌   | 13/20 [01:20<00:34,  4.95s/it, avg_loss=2.5472, num_batches=13/15, num_samples=13]
      Epoch 13 val:  65%|██████▌   | 13/20 [01:20<00:34,  4.95s/it, avg_loss=2.8351, num_batches=14/15, num_samples=14]
      Epoch 13 val:  65%|██████▌   | 13/20 [01:20<00:34,  4.95s/it, avg_loss=3.3224, num_batches=15/15, num_samples=15]
      Epoch 13 val:  70%|███████   | 14/20 [01:20<00:31,  5.31s/it, avg_loss=3.3224, num_batches=15/15, num_samples=15]
      Epoch 14 train:  70%|███████   | 14/20 [01:20<00:31,  5.31s/it, avg_loss=3.3224, num_batches=15/15, num_samples=15]
      Epoch 14 train:  70%|███████   | 14/20 [01:20<00:31,  5.31s/it, avg_loss=0.0019, num_batches=1/60, num_samples=1]  
      Epoch 14 train:  70%|███████   | 14/20 [01:20<00:31,  5.31s/it, avg_loss=0.0011, num_batches=2/60, num_samples=2]
      Epoch 14 train:  70%|███████   | 14/20 [01:20<00:31,  5.31s/it, avg_loss=0.0018, num_batches=3/60, num_samples=3]
      Epoch 14 train:  70%|███████   | 14/20 [01:20<00:31,  5.31s/it, avg_loss=0.0014, num_batches=4/60, num_samples=4]
      Epoch 14 train:  70%|███████   | 14/20 [01:21<00:31,  5.31s/it, avg_loss=0.0013, num_batches=5/60, num_samples=5]
      Epoch 14 train:  70%|███████   | 14/20 [01:21<00:31,  5.31s/it, avg_loss=0.0011, num_batches=6/60, num_samples=6]
      Epoch 14 train:  70%|███████   | 14/20 [01:21<00:31,  5.31s/it, avg_loss=0.0011, num_batches=7/60, num_samples=7]
      Epoch 14 train:  70%|███████   | 14/20 [01:21<00:31,  5.31s/it, avg_loss=0.0014, num_batches=8/60, num_samples=8]
      Epoch 14 train:  70%|███████   | 14/20 [01:21<00:31,  5.31s/it, avg_loss=0.0015, num_batches=9/60, num_samples=9]
      Epoch 14 train:  70%|███████   | 14/20 [01:21<00:31,  5.31s/it, avg_loss=0.0014, num_batches=10/60, num_samples=10]
      Epoch 14 train:  70%|███████   | 14/20 [01:21<00:31,  5.31s/it, avg_loss=0.0012, num_batches=11/60, num_samples=11]
      Epoch 14 train:  70%|███████   | 14/20 [01:21<00:31,  5.31s/it, avg_loss=0.0011, num_batches=12/60, num_samples=12]
      Epoch 14 train:  70%|███████   | 14/20 [01:21<00:31,  5.31s/it, avg_loss=0.0012, num_batches=13/60, num_samples=13]
      Epoch 14 train:  70%|███████   | 14/20 [01:21<00:31,  5.31s/it, avg_loss=0.0011, num_batches=14/60, num_samples=14]
      Epoch 14 train:  70%|███████   | 14/20 [01:21<00:31,  5.31s/it, avg_loss=0.0010, num_batches=15/60, num_samples=15]
      Epoch 14 train:  70%|███████   | 14/20 [01:21<00:31,  5.31s/it, avg_loss=0.0010, num_batches=16/60, num_samples=16]
      Epoch 14 train:  70%|███████   | 14/20 [01:22<00:31,  5.31s/it, avg_loss=0.0010, num_batches=17/60, num_samples=17]
      Epoch 14 train:  70%|███████   | 14/20 [01:22<00:31,  5.31s/it, avg_loss=0.0009, num_batches=18/60, num_samples=18]
      Epoch 14 train:  70%|███████   | 14/20 [01:22<00:31,  5.31s/it, avg_loss=0.0009, num_batches=19/60, num_samples=19]
      Epoch 14 train:  70%|███████   | 14/20 [01:22<00:31,  5.31s/it, avg_loss=0.0009, num_batches=20/60, num_samples=20]
      Epoch 14 train:  70%|███████   | 14/20 [01:22<00:31,  5.31s/it, avg_loss=0.0010, num_batches=21/60, num_samples=21]
      Epoch 14 train:  70%|███████   | 14/20 [01:22<00:31,  5.31s/it, avg_loss=0.0009, num_batches=22/60, num_samples=22]
      Epoch 14 train:  70%|███████   | 14/20 [01:22<00:31,  5.31s/it, avg_loss=0.0011, num_batches=23/60, num_samples=23]
      Epoch 14 train:  70%|███████   | 14/20 [01:22<00:31,  5.31s/it, avg_loss=0.0010, num_batches=24/60, num_samples=24]
      Epoch 14 train:  70%|███████   | 14/20 [01:22<00:31,  5.31s/it, avg_loss=0.0010, num_batches=25/60, num_samples=25]
      Epoch 14 train:  70%|███████   | 14/20 [01:22<00:31,  5.31s/it, avg_loss=0.0010, num_batches=26/60, num_samples=26]
      Epoch 14 train:  70%|███████   | 14/20 [01:22<00:31,  5.31s/it, avg_loss=0.0011, num_batches=27/60, num_samples=27]
      Epoch 14 train:  70%|███████   | 14/20 [01:23<00:31,  5.31s/it, avg_loss=0.0012, num_batches=28/60, num_samples=28]
      Epoch 14 train:  70%|███████   | 14/20 [01:23<00:31,  5.31s/it, avg_loss=0.0012, num_batches=29/60, num_samples=29]
      Epoch 14 train:  70%|███████   | 14/20 [01:23<00:31,  5.31s/it, avg_loss=0.0012, num_batches=30/60, num_samples=30]
      Epoch 14 train:  70%|███████   | 14/20 [01:23<00:31,  5.31s/it, avg_loss=0.0012, num_batches=31/60, num_samples=31]
      Epoch 14 train:  70%|███████   | 14/20 [01:23<00:31,  5.31s/it, avg_loss=0.0012, num_batches=32/60, num_samples=32]
      Epoch 14 train:  70%|███████   | 14/20 [01:23<00:31,  5.31s/it, avg_loss=0.0011, num_batches=33/60, num_samples=33]
      Epoch 14 train:  70%|███████   | 14/20 [01:23<00:31,  5.31s/it, avg_loss=0.0011, num_batches=34/60, num_samples=34]
      Epoch 14 train:  70%|███████   | 14/20 [01:23<00:31,  5.31s/it, avg_loss=0.0011, num_batches=35/60, num_samples=35]
      Epoch 14 train:  70%|███████   | 14/20 [01:23<00:31,  5.31s/it, avg_loss=0.0011, num_batches=36/60, num_samples=36]
      Epoch 14 train:  70%|███████   | 14/20 [01:24<00:31,  5.31s/it, avg_loss=0.0011, num_batches=37/60, num_samples=37]
      Epoch 14 train:  70%|███████   | 14/20 [01:24<00:31,  5.31s/it, avg_loss=0.0011, num_batches=38/60, num_samples=38]
      Epoch 14 train:  70%|███████   | 14/20 [01:24<00:31,  5.31s/it, avg_loss=0.0011, num_batches=39/60, num_samples=39]
      Epoch 14 train:  70%|███████   | 14/20 [01:24<00:31,  5.31s/it, avg_loss=0.0013, num_batches=40/60, num_samples=40]
      Epoch 14 train:  70%|███████   | 14/20 [01:24<00:31,  5.31s/it, avg_loss=0.0014, num_batches=41/60, num_samples=41]
      Epoch 14 train:  70%|███████   | 14/20 [01:24<00:31,  5.31s/it, avg_loss=0.0014, num_batches=42/60, num_samples=42]
      Epoch 14 train:  70%|███████   | 14/20 [01:24<00:31,  5.31s/it, avg_loss=0.0014, num_batches=43/60, num_samples=43]
      Epoch 14 train:  70%|███████   | 14/20 [01:24<00:31,  5.31s/it, avg_loss=0.0013, num_batches=44/60, num_samples=44]
      Epoch 14 train:  70%|███████   | 14/20 [01:24<00:31,  5.31s/it, avg_loss=0.0014, num_batches=45/60, num_samples=45]
      Epoch 14 train:  70%|███████   | 14/20 [01:24<00:31,  5.31s/it, avg_loss=0.0014, num_batches=46/60, num_samples=46]
      Epoch 14 train:  70%|███████   | 14/20 [01:24<00:31,  5.31s/it, avg_loss=0.0014, num_batches=47/60, num_samples=47]
      Epoch 14 train:  70%|███████   | 14/20 [01:24<00:31,  5.31s/it, avg_loss=0.0013, num_batches=48/60, num_samples=48]
      Epoch 14 train:  70%|███████   | 14/20 [01:25<00:31,  5.31s/it, avg_loss=0.0013, num_batches=49/60, num_samples=49]
      Epoch 14 train:  70%|███████   | 14/20 [01:25<00:31,  5.31s/it, avg_loss=0.0013, num_batches=50/60, num_samples=50]
      Epoch 14 train:  70%|███████   | 14/20 [01:25<00:31,  5.31s/it, avg_loss=0.0013, num_batches=51/60, num_samples=51]
      Epoch 14 train:  70%|███████   | 14/20 [01:25<00:31,  5.31s/it, avg_loss=0.0014, num_batches=52/60, num_samples=52]
      Epoch 14 train:  70%|███████   | 14/20 [01:25<00:31,  5.31s/it, avg_loss=0.0014, num_batches=53/60, num_samples=53]
      Epoch 14 train:  70%|███████   | 14/20 [01:25<00:31,  5.31s/it, avg_loss=0.0014, num_batches=54/60, num_samples=54]
      Epoch 14 train:  70%|███████   | 14/20 [01:25<00:31,  5.31s/it, avg_loss=0.0014, num_batches=55/60, num_samples=55]
      Epoch 14 train:  70%|███████   | 14/20 [01:25<00:31,  5.31s/it, avg_loss=0.0014, num_batches=56/60, num_samples=56]
      Epoch 14 train:  70%|███████   | 14/20 [01:25<00:31,  5.31s/it, avg_loss=0.0014, num_batches=57/60, num_samples=57]
      Epoch 14 train:  70%|███████   | 14/20 [01:25<00:31,  5.31s/it, avg_loss=0.0014, num_batches=58/60, num_samples=58]
      Epoch 14 train:  70%|███████   | 14/20 [01:25<00:31,  5.31s/it, avg_loss=0.0014, num_batches=59/60, num_samples=59]
      Epoch 14 train:  70%|███████   | 14/20 [01:26<00:31,  5.31s/it, avg_loss=0.0014, num_batches=60/60, num_samples=60]
      Epoch 14 val:  70%|███████   | 14/20 [01:26<00:31,  5.31s/it, avg_loss=0.0014, num_batches=60/60, num_samples=60]  
      Epoch 14 val:  70%|███████   | 14/20 [01:26<00:31,  5.31s/it, avg_loss=3.5322, num_batches=1/15, num_samples=1]  
      Epoch 14 val:  70%|███████   | 14/20 [01:26<00:31,  5.31s/it, avg_loss=1.7670, num_batches=2/15, num_samples=2]
      Epoch 14 val:  70%|███████   | 14/20 [01:26<00:31,  5.31s/it, avg_loss=3.4063, num_batches=3/15, num_samples=3]
      Epoch 14 val:  70%|███████   | 14/20 [01:26<00:31,  5.31s/it, avg_loss=2.5551, num_batches=4/15, num_samples=4]
      Epoch 14 val:  70%|███████   | 14/20 [01:26<00:31,  5.31s/it, avg_loss=2.0795, num_batches=5/15, num_samples=5]
      Epoch 14 val:  70%|███████   | 14/20 [01:26<00:31,  5.31s/it, avg_loss=2.7272, num_batches=6/15, num_samples=6]
      Epoch 14 val:  70%|███████   | 14/20 [01:26<00:31,  5.31s/it, avg_loss=2.3384, num_batches=7/15, num_samples=7]
      Epoch 14 val:  70%|███████   | 14/20 [01:26<00:31,  5.31s/it, avg_loss=2.5183, num_batches=8/15, num_samples=8]
      Epoch 14 val:  70%|███████   | 14/20 [01:26<00:31,  5.31s/it, avg_loss=2.2955, num_batches=9/15, num_samples=9]
      Epoch 14 val:  70%|███████   | 14/20 [01:26<00:31,  5.31s/it, avg_loss=2.1548, num_batches=10/15, num_samples=10]
      Epoch 14 val:  70%|███████   | 14/20 [01:26<00:31,  5.31s/it, avg_loss=2.1213, num_batches=11/15, num_samples=11]
      Epoch 14 val:  70%|███████   | 14/20 [01:26<00:31,  5.31s/it, avg_loss=2.7996, num_batches=12/15, num_samples=12]
      Epoch 14 val:  70%|███████   | 14/20 [01:26<00:31,  5.31s/it, avg_loss=2.9611, num_batches=13/15, num_samples=13]
      Epoch 14 val:  70%|███████   | 14/20 [01:26<00:31,  5.31s/it, avg_loss=3.4865, num_batches=14/15, num_samples=14]
      Epoch 14 val:  70%|███████   | 14/20 [01:26<00:31,  5.31s/it, avg_loss=3.3762, num_batches=15/15, num_samples=15]
      Epoch 14 val:  75%|███████▌  | 15/20 [01:27<00:28,  5.66s/it, avg_loss=3.3762, num_batches=15/15, num_samples=15]
      Epoch 15 train:  75%|███████▌  | 15/20 [01:27<00:28,  5.66s/it, avg_loss=3.3762, num_batches=15/15, num_samples=15]
      Epoch 15 train:  75%|███████▌  | 15/20 [01:27<00:28,  5.66s/it, avg_loss=0.0005, num_batches=1/60, num_samples=1]  
      Epoch 15 train:  75%|███████▌  | 15/20 [01:27<00:28,  5.66s/it, avg_loss=0.0007, num_batches=2/60, num_samples=2]
      Epoch 15 train:  75%|███████▌  | 15/20 [01:27<00:28,  5.66s/it, avg_loss=0.0005, num_batches=3/60, num_samples=3]
      Epoch 15 train:  75%|███████▌  | 15/20 [01:27<00:28,  5.66s/it, avg_loss=0.0006, num_batches=4/60, num_samples=4]
      Epoch 15 train:  75%|███████▌  | 15/20 [01:27<00:28,  5.66s/it, avg_loss=0.0005, num_batches=5/60, num_samples=5]
      Epoch 15 train:  75%|███████▌  | 15/20 [01:27<00:28,  5.66s/it, avg_loss=0.0004, num_batches=6/60, num_samples=6]
      Epoch 15 train:  75%|███████▌  | 15/20 [01:27<00:28,  5.66s/it, avg_loss=0.0004, num_batches=7/60, num_samples=7]
      Epoch 15 train:  75%|███████▌  | 15/20 [01:27<00:28,  5.66s/it, avg_loss=0.0006, num_batches=8/60, num_samples=8]
      Epoch 15 train:  75%|███████▌  | 15/20 [01:27<00:28,  5.66s/it, avg_loss=0.0005, num_batches=9/60, num_samples=9]
      Epoch 15 train:  75%|███████▌  | 15/20 [01:27<00:28,  5.66s/it, avg_loss=0.0006, num_batches=10/60, num_samples=10]
      Epoch 15 train:  75%|███████▌  | 15/20 [01:28<00:28,  5.66s/it, avg_loss=0.0006, num_batches=11/60, num_samples=11]
      Epoch 15 train:  75%|███████▌  | 15/20 [01:28<00:28,  5.66s/it, avg_loss=0.0006, num_batches=12/60, num_samples=12]
      Epoch 15 train:  75%|███████▌  | 15/20 [01:28<00:28,  5.66s/it, avg_loss=0.0006, num_batches=13/60, num_samples=13]
      Epoch 15 train:  75%|███████▌  | 15/20 [01:28<00:28,  5.66s/it, avg_loss=0.0006, num_batches=14/60, num_samples=14]
      Epoch 15 train:  75%|███████▌  | 15/20 [01:28<00:28,  5.66s/it, avg_loss=0.0005, num_batches=15/60, num_samples=15]
      Epoch 15 train:  75%|███████▌  | 15/20 [01:28<00:28,  5.66s/it, avg_loss=0.0005, num_batches=16/60, num_samples=16]
      Epoch 15 train:  75%|███████▌  | 15/20 [01:28<00:28,  5.66s/it, avg_loss=0.0005, num_batches=17/60, num_samples=17]
      Epoch 15 train:  75%|███████▌  | 15/20 [01:28<00:28,  5.66s/it, avg_loss=0.0006, num_batches=18/60, num_samples=18]
      Epoch 15 train:  75%|███████▌  | 15/20 [01:28<00:28,  5.66s/it, avg_loss=0.0006, num_batches=19/60, num_samples=19]
      Epoch 15 train:  75%|███████▌  | 15/20 [01:28<00:28,  5.66s/it, avg_loss=0.0006, num_batches=20/60, num_samples=20]
      Epoch 15 train:  75%|███████▌  | 15/20 [01:28<00:28,  5.66s/it, avg_loss=0.0006, num_batches=21/60, num_samples=21]
      Epoch 15 train:  75%|███████▌  | 15/20 [01:29<00:28,  5.66s/it, avg_loss=0.0006, num_batches=22/60, num_samples=22]
      Epoch 15 train:  75%|███████▌  | 15/20 [01:29<00:28,  5.66s/it, avg_loss=0.0007, num_batches=23/60, num_samples=23]
      Epoch 15 train:  75%|███████▌  | 15/20 [01:29<00:28,  5.66s/it, avg_loss=0.0006, num_batches=24/60, num_samples=24]
      Epoch 15 train:  75%|███████▌  | 15/20 [01:29<00:28,  5.66s/it, avg_loss=0.0006, num_batches=25/60, num_samples=25]
      Epoch 15 train:  75%|███████▌  | 15/20 [01:29<00:28,  5.66s/it, avg_loss=0.0006, num_batches=26/60, num_samples=26]
      Epoch 15 train:  75%|███████▌  | 15/20 [01:29<00:28,  5.66s/it, avg_loss=0.0007, num_batches=27/60, num_samples=27]
      Epoch 15 train:  75%|███████▌  | 15/20 [01:29<00:28,  5.66s/it, avg_loss=0.0006, num_batches=28/60, num_samples=28]
      Epoch 15 train:  75%|███████▌  | 15/20 [01:29<00:28,  5.66s/it, avg_loss=0.0007, num_batches=29/60, num_samples=29]
      Epoch 15 train:  75%|███████▌  | 15/20 [01:29<00:28,  5.66s/it, avg_loss=0.0007, num_batches=30/60, num_samples=30]
      Epoch 15 train:  75%|███████▌  | 15/20 [01:30<00:28,  5.66s/it, avg_loss=0.0007, num_batches=31/60, num_samples=31]
      Epoch 15 train:  75%|███████▌  | 15/20 [01:30<00:28,  5.66s/it, avg_loss=0.0008, num_batches=32/60, num_samples=32]
      Epoch 15 train:  75%|███████▌  | 15/20 [01:30<00:28,  5.66s/it, avg_loss=0.0009, num_batches=33/60, num_samples=33]
      Epoch 15 train:  75%|███████▌  | 15/20 [01:30<00:28,  5.66s/it, avg_loss=0.0010, num_batches=34/60, num_samples=34]
      Epoch 15 train:  75%|███████▌  | 15/20 [01:30<00:28,  5.66s/it, avg_loss=0.0011, num_batches=35/60, num_samples=35]
      Epoch 15 train:  75%|███████▌  | 15/20 [01:30<00:28,  5.66s/it, avg_loss=0.0011, num_batches=36/60, num_samples=36]
      Epoch 15 train:  75%|███████▌  | 15/20 [01:30<00:28,  5.66s/it, avg_loss=0.0011, num_batches=37/60, num_samples=37]
      Epoch 15 train:  75%|███████▌  | 15/20 [01:30<00:28,  5.66s/it, avg_loss=0.0011, num_batches=38/60, num_samples=38]
      Epoch 15 train:  75%|███████▌  | 15/20 [01:30<00:28,  5.66s/it, avg_loss=0.0011, num_batches=39/60, num_samples=39]
      Epoch 15 train:  75%|███████▌  | 15/20 [01:30<00:28,  5.66s/it, avg_loss=0.0011, num_batches=40/60, num_samples=40]
      Epoch 15 train:  75%|███████▌  | 15/20 [01:30<00:28,  5.66s/it, avg_loss=0.0011, num_batches=41/60, num_samples=41]
      Epoch 15 train:  75%|███████▌  | 15/20 [01:30<00:28,  5.66s/it, avg_loss=0.0011, num_batches=42/60, num_samples=42]
      Epoch 15 train:  75%|███████▌  | 15/20 [01:30<00:28,  5.66s/it, avg_loss=0.0011, num_batches=43/60, num_samples=43]
      Epoch 15 train:  75%|███████▌  | 15/20 [01:31<00:28,  5.66s/it, avg_loss=0.0012, num_batches=44/60, num_samples=44]
      Epoch 15 train:  75%|███████▌  | 15/20 [01:31<00:28,  5.66s/it, avg_loss=0.0011, num_batches=45/60, num_samples=45]
      Epoch 15 train:  75%|███████▌  | 15/20 [01:31<00:28,  5.66s/it, avg_loss=0.0012, num_batches=46/60, num_samples=46]
      Epoch 15 train:  75%|███████▌  | 15/20 [01:31<00:28,  5.66s/it, avg_loss=0.0012, num_batches=47/60, num_samples=47]
      Epoch 15 train:  75%|███████▌  | 15/20 [01:31<00:28,  5.66s/it, avg_loss=0.0013, num_batches=48/60, num_samples=48]
      Epoch 15 train:  75%|███████▌  | 15/20 [01:31<00:28,  5.66s/it, avg_loss=0.0013, num_batches=49/60, num_samples=49]
      Epoch 15 train:  75%|███████▌  | 15/20 [01:31<00:28,  5.66s/it, avg_loss=0.0013, num_batches=50/60, num_samples=50]
      Epoch 15 train:  75%|███████▌  | 15/20 [01:31<00:28,  5.66s/it, avg_loss=0.0013, num_batches=51/60, num_samples=51]
      Epoch 15 train:  75%|███████▌  | 15/20 [01:31<00:28,  5.66s/it, avg_loss=0.0013, num_batches=52/60, num_samples=52]
      Epoch 15 train:  75%|███████▌  | 15/20 [01:31<00:28,  5.66s/it, avg_loss=0.0013, num_batches=53/60, num_samples=53]
      Epoch 15 train:  75%|███████▌  | 15/20 [01:32<00:28,  5.66s/it, avg_loss=0.0013, num_batches=54/60, num_samples=54]
      Epoch 15 train:  75%|███████▌  | 15/20 [01:32<00:28,  5.66s/it, avg_loss=0.0013, num_batches=55/60, num_samples=55]
      Epoch 15 train:  75%|███████▌  | 15/20 [01:32<00:28,  5.66s/it, avg_loss=0.0012, num_batches=56/60, num_samples=56]
      Epoch 15 train:  75%|███████▌  | 15/20 [01:32<00:28,  5.66s/it, avg_loss=0.0013, num_batches=57/60, num_samples=57]
      Epoch 15 train:  75%|███████▌  | 15/20 [01:32<00:28,  5.66s/it, avg_loss=0.0012, num_batches=58/60, num_samples=58]
      Epoch 15 train:  75%|███████▌  | 15/20 [01:32<00:28,  5.66s/it, avg_loss=0.0012, num_batches=59/60, num_samples=59]
      Epoch 15 train:  75%|███████▌  | 15/20 [01:32<00:28,  5.66s/it, avg_loss=0.0012, num_batches=60/60, num_samples=60]
      Epoch 15 val:  75%|███████▌  | 15/20 [01:32<00:28,  5.66s/it, avg_loss=0.0012, num_batches=60/60, num_samples=60]  
      Epoch 15 val:  75%|███████▌  | 15/20 [01:32<00:28,  5.66s/it, avg_loss=3.5691, num_batches=1/15, num_samples=1]  
      Epoch 15 val:  75%|███████▌  | 15/20 [01:32<00:28,  5.66s/it, avg_loss=3.6991, num_batches=2/15, num_samples=2]
      Epoch 15 val:  75%|███████▌  | 15/20 [01:32<00:28,  5.66s/it, avg_loss=3.0868, num_batches=3/15, num_samples=3]
      Epoch 15 val:  75%|███████▌  | 15/20 [01:32<00:28,  5.66s/it, avg_loss=2.4413, num_batches=4/15, num_samples=4]
      Epoch 15 val:  75%|███████▌  | 15/20 [01:32<00:28,  5.66s/it, avg_loss=2.1307, num_batches=5/15, num_samples=5]
      Epoch 15 val:  75%|███████▌  | 15/20 [01:32<00:28,  5.66s/it, avg_loss=2.9016, num_batches=6/15, num_samples=6]
      Epoch 15 val:  75%|███████▌  | 15/20 [01:33<00:28,  5.66s/it, avg_loss=3.1927, num_batches=7/15, num_samples=7]
      Epoch 15 val:  75%|███████▌  | 15/20 [01:33<00:28,  5.66s/it, avg_loss=2.8147, num_batches=8/15, num_samples=8]
      Epoch 15 val:  75%|███████▌  | 15/20 [01:33<00:28,  5.66s/it, avg_loss=2.7004, num_batches=9/15, num_samples=9]
      Epoch 15 val:  75%|███████▌  | 15/20 [01:33<00:28,  5.66s/it, avg_loss=2.4305, num_batches=10/15, num_samples=10]
      Epoch 15 val:  75%|███████▌  | 15/20 [01:33<00:28,  5.66s/it, avg_loss=2.2097, num_batches=11/15, num_samples=11]
      Epoch 15 val:  75%|███████▌  | 15/20 [01:33<00:28,  5.66s/it, avg_loss=2.0261, num_batches=12/15, num_samples=12]
      Epoch 15 val:  75%|███████▌  | 15/20 [01:33<00:28,  5.66s/it, avg_loss=2.6656, num_batches=13/15, num_samples=13]
      Epoch 15 val:  75%|███████▌  | 15/20 [01:33<00:28,  5.66s/it, avg_loss=2.9091, num_batches=14/15, num_samples=14]
      Epoch 15 val:  75%|███████▌  | 15/20 [01:33<00:28,  5.66s/it, avg_loss=3.4093, num_batches=15/15, num_samples=15]
      Epoch 15 val:  80%|████████  | 16/20 [01:33<00:23,  5.91s/it, avg_loss=3.4093, num_batches=15/15, num_samples=15]
      Epoch 16 train:  80%|████████  | 16/20 [01:33<00:23,  5.91s/it, avg_loss=3.4093, num_batches=15/15, num_samples=15]
      Epoch 16 train:  80%|████████  | 16/20 [01:33<00:23,  5.91s/it, avg_loss=0.0000, num_batches=1/60, num_samples=1]  
      Epoch 16 train:  80%|████████  | 16/20 [01:33<00:23,  5.91s/it, avg_loss=0.0003, num_batches=2/60, num_samples=2]
      Epoch 16 train:  80%|████████  | 16/20 [01:33<00:23,  5.91s/it, avg_loss=0.0011, num_batches=3/60, num_samples=3]
      Epoch 16 train:  80%|████████  | 16/20 [01:33<00:23,  5.91s/it, avg_loss=0.0008, num_batches=4/60, num_samples=4]
      Epoch 16 train:  80%|████████  | 16/20 [01:33<00:23,  5.91s/it, avg_loss=0.0008, num_batches=5/60, num_samples=5]
      Epoch 16 train:  80%|████████  | 16/20 [01:34<00:23,  5.91s/it, avg_loss=0.0009, num_batches=6/60, num_samples=6]
      Epoch 16 train:  80%|████████  | 16/20 [01:34<00:23,  5.91s/it, avg_loss=0.0008, num_batches=7/60, num_samples=7]
      Epoch 16 train:  80%|████████  | 16/20 [01:34<00:23,  5.91s/it, avg_loss=0.0009, num_batches=8/60, num_samples=8]
      Epoch 16 train:  80%|████████  | 16/20 [01:34<00:23,  5.91s/it, avg_loss=0.0008, num_batches=9/60, num_samples=9]
      Epoch 16 train:  80%|████████  | 16/20 [01:34<00:23,  5.91s/it, avg_loss=0.0009, num_batches=10/60, num_samples=10]
      Epoch 16 train:  80%|████████  | 16/20 [01:34<00:23,  5.91s/it, avg_loss=0.0010, num_batches=11/60, num_samples=11]
      Epoch 16 train:  80%|████████  | 16/20 [01:34<00:23,  5.91s/it, avg_loss=0.0010, num_batches=12/60, num_samples=12]
      Epoch 16 train:  80%|████████  | 16/20 [01:34<00:23,  5.91s/it, avg_loss=0.0012, num_batches=13/60, num_samples=13]
      Epoch 16 train:  80%|████████  | 16/20 [01:34<00:23,  5.91s/it, avg_loss=0.0011, num_batches=14/60, num_samples=14]
      Epoch 16 train:  80%|████████  | 16/20 [01:34<00:23,  5.91s/it, avg_loss=0.0010, num_batches=15/60, num_samples=15]
      Epoch 16 train:  80%|████████  | 16/20 [01:34<00:23,  5.91s/it, avg_loss=0.0012, num_batches=16/60, num_samples=16]
      Epoch 16 train:  80%|████████  | 16/20 [01:34<00:23,  5.91s/it, avg_loss=0.0012, num_batches=17/60, num_samples=17]
      Epoch 16 train:  80%|████████  | 16/20 [01:34<00:23,  5.91s/it, avg_loss=0.0012, num_batches=18/60, num_samples=18]
      Epoch 16 train:  80%|████████  | 16/20 [01:34<00:23,  5.91s/it, avg_loss=0.0011, num_batches=19/60, num_samples=19]
      Epoch 16 train:  80%|████████  | 16/20 [01:34<00:23,  5.91s/it, avg_loss=0.0011, num_batches=20/60, num_samples=20]
      Epoch 16 train:  80%|████████  | 16/20 [01:34<00:23,  5.91s/it, avg_loss=0.0011, num_batches=21/60, num_samples=21]
      Epoch 16 train:  80%|████████  | 16/20 [01:34<00:23,  5.91s/it, avg_loss=0.0011, num_batches=22/60, num_samples=22]
      Epoch 16 train:  80%|████████  | 16/20 [01:35<00:23,  5.91s/it, avg_loss=0.0011, num_batches=23/60, num_samples=23]
      Epoch 16 train:  80%|████████  | 16/20 [01:35<00:23,  5.91s/it, avg_loss=0.0011, num_batches=24/60, num_samples=24]
      Epoch 16 train:  80%|████████  | 16/20 [01:35<00:23,  5.91s/it, avg_loss=0.0011, num_batches=25/60, num_samples=25]
      Epoch 16 train:  80%|████████  | 16/20 [01:35<00:23,  5.91s/it, avg_loss=0.0011, num_batches=26/60, num_samples=26]
      Epoch 16 train:  80%|████████  | 16/20 [01:35<00:23,  5.91s/it, avg_loss=0.0011, num_batches=27/60, num_samples=27]
      Epoch 16 train:  80%|████████  | 16/20 [01:35<00:23,  5.91s/it, avg_loss=0.0011, num_batches=28/60, num_samples=28]
      Epoch 16 train:  80%|████████  | 16/20 [01:35<00:23,  5.91s/it, avg_loss=0.0011, num_batches=29/60, num_samples=29]
      Epoch 16 train:  80%|████████  | 16/20 [01:35<00:23,  5.91s/it, avg_loss=0.0011, num_batches=30/60, num_samples=30]
      Epoch 16 train:  80%|████████  | 16/20 [01:35<00:23,  5.91s/it, avg_loss=0.0011, num_batches=31/60, num_samples=31]
      Epoch 16 train:  80%|████████  | 16/20 [01:35<00:23,  5.91s/it, avg_loss=0.0011, num_batches=32/60, num_samples=32]
      Epoch 16 train:  80%|████████  | 16/20 [01:35<00:23,  5.91s/it, avg_loss=0.0010, num_batches=33/60, num_samples=33]
      Epoch 16 train:  80%|████████  | 16/20 [01:35<00:23,  5.91s/it, avg_loss=0.0010, num_batches=34/60, num_samples=34]
      Epoch 16 train:  80%|████████  | 16/20 [01:35<00:23,  5.91s/it, avg_loss=0.0010, num_batches=35/60, num_samples=35]
      Epoch 16 train:  80%|████████  | 16/20 [01:35<00:23,  5.91s/it, avg_loss=0.0010, num_batches=36/60, num_samples=36]
      Epoch 16 train:  80%|████████  | 16/20 [01:35<00:23,  5.91s/it, avg_loss=0.0010, num_batches=37/60, num_samples=37]
      Epoch 16 train:  80%|████████  | 16/20 [01:35<00:23,  5.91s/it, avg_loss=0.0010, num_batches=38/60, num_samples=38]
      Epoch 16 train:  80%|████████  | 16/20 [01:35<00:23,  5.91s/it, avg_loss=0.0011, num_batches=39/60, num_samples=39]
      Epoch 16 train:  80%|████████  | 16/20 [01:35<00:23,  5.91s/it, avg_loss=0.0010, num_batches=40/60, num_samples=40]
      Epoch 16 train:  80%|████████  | 16/20 [01:36<00:23,  5.91s/it, avg_loss=0.0010, num_batches=41/60, num_samples=41]
      Epoch 16 train:  80%|████████  | 16/20 [01:36<00:23,  5.91s/it, avg_loss=0.0010, num_batches=42/60, num_samples=42]
      Epoch 16 train:  80%|████████  | 16/20 [01:36<00:23,  5.91s/it, avg_loss=0.0010, num_batches=43/60, num_samples=43]
      Epoch 16 train:  80%|████████  | 16/20 [01:36<00:23,  5.91s/it, avg_loss=0.0011, num_batches=44/60, num_samples=44]
      Epoch 16 train:  80%|████████  | 16/20 [01:36<00:23,  5.91s/it, avg_loss=0.0011, num_batches=45/60, num_samples=45]
      Epoch 16 train:  80%|████████  | 16/20 [01:36<00:23,  5.91s/it, avg_loss=0.0011, num_batches=46/60, num_samples=46]
      Epoch 16 train:  80%|████████  | 16/20 [01:36<00:23,  5.91s/it, avg_loss=0.0011, num_batches=47/60, num_samples=47]
      Epoch 16 train:  80%|████████  | 16/20 [01:36<00:23,  5.91s/it, avg_loss=0.0011, num_batches=48/60, num_samples=48]
      Epoch 16 train:  80%|████████  | 16/20 [01:36<00:23,  5.91s/it, avg_loss=0.0011, num_batches=49/60, num_samples=49]
      Epoch 16 train:  80%|████████  | 16/20 [01:36<00:23,  5.91s/it, avg_loss=0.0012, num_batches=50/60, num_samples=50]
      Epoch 16 train:  80%|████████  | 16/20 [01:36<00:23,  5.91s/it, avg_loss=0.0011, num_batches=51/60, num_samples=51]
      Epoch 16 train:  80%|████████  | 16/20 [01:36<00:23,  5.91s/it, avg_loss=0.0011, num_batches=52/60, num_samples=52]
      Epoch 16 train:  80%|████████  | 16/20 [01:36<00:23,  5.91s/it, avg_loss=0.0011, num_batches=53/60, num_samples=53]
      Epoch 16 train:  80%|████████  | 16/20 [01:36<00:23,  5.91s/it, avg_loss=0.0012, num_batches=54/60, num_samples=54]
      Epoch 16 train:  80%|████████  | 16/20 [01:36<00:23,  5.91s/it, avg_loss=0.0012, num_batches=55/60, num_samples=55]
      Epoch 16 train:  80%|████████  | 16/20 [01:36<00:23,  5.91s/it, avg_loss=0.0012, num_batches=56/60, num_samples=56]
      Epoch 16 train:  80%|████████  | 16/20 [01:36<00:23,  5.91s/it, avg_loss=0.0012, num_batches=57/60, num_samples=57]
      Epoch 16 train:  80%|████████  | 16/20 [01:36<00:23,  5.91s/it, avg_loss=0.0011, num_batches=58/60, num_samples=58]
      Epoch 16 train:  80%|████████  | 16/20 [01:36<00:23,  5.91s/it, avg_loss=0.0011, num_batches=59/60, num_samples=59]
      Epoch 16 train:  80%|████████  | 16/20 [01:36<00:23,  5.91s/it, avg_loss=0.0011, num_batches=60/60, num_samples=60]
      Epoch 16 val:  80%|████████  | 16/20 [01:37<00:23,  5.91s/it, avg_loss=0.0011, num_batches=60/60, num_samples=60]  
      Epoch 16 val:  80%|████████  | 16/20 [01:37<00:23,  5.91s/it, avg_loss=6.1395, num_batches=1/15, num_samples=1]  
      Epoch 16 val:  80%|████████  | 16/20 [01:37<00:23,  5.91s/it, avg_loss=6.4756, num_batches=2/15, num_samples=2]
      Epoch 16 val:  80%|████████  | 16/20 [01:37<00:23,  5.91s/it, avg_loss=4.3176, num_batches=3/15, num_samples=3]
      Epoch 16 val:  80%|████████  | 16/20 [01:37<00:23,  5.91s/it, avg_loss=3.2395, num_batches=4/15, num_samples=4]
      Epoch 16 val:  80%|████████  | 16/20 [01:37<00:23,  5.91s/it, avg_loss=2.9641, num_batches=5/15, num_samples=5]
      Epoch 16 val:  80%|████████  | 16/20 [01:37<00:23,  5.91s/it, avg_loss=3.2978, num_batches=6/15, num_samples=6]
      Epoch 16 val:  80%|████████  | 16/20 [01:37<00:23,  5.91s/it, avg_loss=3.0817, num_batches=7/15, num_samples=7]
      Epoch 16 val:  80%|████████  | 16/20 [01:37<00:23,  5.91s/it, avg_loss=2.7173, num_batches=8/15, num_samples=8]
      Epoch 16 val:  80%|████████  | 16/20 [01:37<00:23,  5.91s/it, avg_loss=2.4155, num_batches=9/15, num_samples=9]
      Epoch 16 val:  80%|████████  | 16/20 [01:37<00:23,  5.91s/it, avg_loss=3.2139, num_batches=10/15, num_samples=10]
      Epoch 16 val:  80%|████████  | 16/20 [01:37<00:23,  5.91s/it, avg_loss=3.2479, num_batches=11/15, num_samples=11]
      Epoch 16 val:  80%|████████  | 16/20 [01:37<00:23,  5.91s/it, avg_loss=3.2994, num_batches=12/15, num_samples=12]
      Epoch 16 val:  80%|████████  | 16/20 [01:37<00:23,  5.91s/it, avg_loss=3.8509, num_batches=13/15, num_samples=13]
      Epoch 16 val:  80%|████████  | 16/20 [01:37<00:23,  5.91s/it, avg_loss=3.6114, num_batches=14/15, num_samples=14]
      Epoch 16 val:  80%|████████  | 16/20 [01:37<00:23,  5.91s/it, avg_loss=3.4296, num_batches=15/15, num_samples=15]
      Epoch 16 val:  85%|████████▌ | 17/20 [01:37<00:16,  5.41s/it, avg_loss=3.4296, num_batches=15/15, num_samples=15]
      Epoch 17 train:  85%|████████▌ | 17/20 [01:37<00:16,  5.41s/it, avg_loss=3.4296, num_batches=15/15, num_samples=15]
      Epoch 17 train:  85%|████████▌ | 17/20 [01:38<00:16,  5.41s/it, avg_loss=0.0026, num_batches=1/60, num_samples=1]  
      Epoch 17 train:  85%|████████▌ | 17/20 [01:38<00:16,  5.41s/it, avg_loss=0.0028, num_batches=2/60, num_samples=2]
      Epoch 17 train:  85%|████████▌ | 17/20 [01:38<00:16,  5.41s/it, avg_loss=0.0019, num_batches=3/60, num_samples=3]
      Epoch 17 train:  85%|████████▌ | 17/20 [01:38<00:16,  5.41s/it, avg_loss=0.0015, num_batches=4/60, num_samples=4]
      Epoch 17 train:  85%|████████▌ | 17/20 [01:38<00:16,  5.41s/it, avg_loss=0.0012, num_batches=5/60, num_samples=5]
      Epoch 17 train:  85%|████████▌ | 17/20 [01:38<00:16,  5.41s/it, avg_loss=0.0018, num_batches=6/60, num_samples=6]
      Epoch 17 train:  85%|████████▌ | 17/20 [01:38<00:16,  5.41s/it, avg_loss=0.0015, num_batches=7/60, num_samples=7]
      Epoch 17 train:  85%|████████▌ | 17/20 [01:38<00:16,  5.41s/it, avg_loss=0.0017, num_batches=8/60, num_samples=8]
      Epoch 17 train:  85%|████████▌ | 17/20 [01:38<00:16,  5.41s/it, avg_loss=0.0016, num_batches=9/60, num_samples=9]
      Epoch 17 train:  85%|████████▌ | 17/20 [01:38<00:16,  5.41s/it, avg_loss=0.0016, num_batches=10/60, num_samples=10]
      Epoch 17 train:  85%|████████▌ | 17/20 [01:38<00:16,  5.41s/it, avg_loss=0.0016, num_batches=11/60, num_samples=11]
      Epoch 17 train:  85%|████████▌ | 17/20 [01:38<00:16,  5.41s/it, avg_loss=0.0016, num_batches=12/60, num_samples=12]
      Epoch 17 train:  85%|████████▌ | 17/20 [01:38<00:16,  5.41s/it, avg_loss=0.0015, num_batches=13/60, num_samples=13]
      Epoch 17 train:  85%|████████▌ | 17/20 [01:38<00:16,  5.41s/it, avg_loss=0.0016, num_batches=14/60, num_samples=14]
      Epoch 17 train:  85%|████████▌ | 17/20 [01:38<00:16,  5.41s/it, avg_loss=0.0015, num_batches=15/60, num_samples=15]
      Epoch 17 train:  85%|████████▌ | 17/20 [01:38<00:16,  5.41s/it, avg_loss=0.0015, num_batches=16/60, num_samples=16]
      Epoch 17 train:  85%|████████▌ | 17/20 [01:38<00:16,  5.41s/it, avg_loss=0.0014, num_batches=17/60, num_samples=17]
      Epoch 17 train:  85%|████████▌ | 17/20 [01:38<00:16,  5.41s/it, avg_loss=0.0013, num_batches=18/60, num_samples=18]
      Epoch 17 train:  85%|████████▌ | 17/20 [01:38<00:16,  5.41s/it, avg_loss=0.0013, num_batches=19/60, num_samples=19]
      Epoch 17 train:  85%|████████▌ | 17/20 [01:39<00:16,  5.41s/it, avg_loss=0.0013, num_batches=20/60, num_samples=20]
      Epoch 17 train:  85%|████████▌ | 17/20 [01:39<00:16,  5.41s/it, avg_loss=0.0012, num_batches=21/60, num_samples=21]
      Epoch 17 train:  85%|████████▌ | 17/20 [01:39<00:16,  5.41s/it, avg_loss=0.0012, num_batches=22/60, num_samples=22]
      Epoch 17 train:  85%|████████▌ | 17/20 [01:39<00:16,  5.41s/it, avg_loss=0.0012, num_batches=23/60, num_samples=23]
      Epoch 17 train:  85%|████████▌ | 17/20 [01:39<00:16,  5.41s/it, avg_loss=0.0011, num_batches=24/60, num_samples=24]
      Epoch 17 train:  85%|████████▌ | 17/20 [01:39<00:16,  5.41s/it, avg_loss=0.0011, num_batches=25/60, num_samples=25]
      Epoch 17 train:  85%|████████▌ | 17/20 [01:39<00:16,  5.41s/it, avg_loss=0.0010, num_batches=26/60, num_samples=26]
      Epoch 17 train:  85%|████████▌ | 17/20 [01:39<00:16,  5.41s/it, avg_loss=0.0010, num_batches=27/60, num_samples=27]
      Epoch 17 train:  85%|████████▌ | 17/20 [01:39<00:16,  5.41s/it, avg_loss=0.0010, num_batches=28/60, num_samples=28]
      Epoch 17 train:  85%|████████▌ | 17/20 [01:39<00:16,  5.41s/it, avg_loss=0.0010, num_batches=29/60, num_samples=29]
      Epoch 17 train:  85%|████████▌ | 17/20 [01:39<00:16,  5.41s/it, avg_loss=0.0011, num_batches=30/60, num_samples=30]
      Epoch 17 train:  85%|████████▌ | 17/20 [01:39<00:16,  5.41s/it, avg_loss=0.0011, num_batches=31/60, num_samples=31]
      Epoch 17 train:  85%|████████▌ | 17/20 [01:39<00:16,  5.41s/it, avg_loss=0.0011, num_batches=32/60, num_samples=32]
      Epoch 17 train:  85%|████████▌ | 17/20 [01:39<00:16,  5.41s/it, avg_loss=0.0010, num_batches=33/60, num_samples=33]
      Epoch 17 train:  85%|████████▌ | 17/20 [01:39<00:16,  5.41s/it, avg_loss=0.0010, num_batches=34/60, num_samples=34]
      Epoch 17 train:  85%|████████▌ | 17/20 [01:39<00:16,  5.41s/it, avg_loss=0.0010, num_batches=35/60, num_samples=35]
      Epoch 17 train:  85%|████████▌ | 17/20 [01:39<00:16,  5.41s/it, avg_loss=0.0010, num_batches=36/60, num_samples=36]
      Epoch 17 train:  85%|████████▌ | 17/20 [01:39<00:16,  5.41s/it, avg_loss=0.0011, num_batches=37/60, num_samples=37]
      Epoch 17 train:  85%|████████▌ | 17/20 [01:39<00:16,  5.41s/it, avg_loss=0.0011, num_batches=38/60, num_samples=38]
      Epoch 17 train:  85%|████████▌ | 17/20 [01:40<00:16,  5.41s/it, avg_loss=0.0011, num_batches=39/60, num_samples=39]
      Epoch 17 train:  85%|████████▌ | 17/20 [01:40<00:16,  5.41s/it, avg_loss=0.0011, num_batches=40/60, num_samples=40]
      Epoch 17 train:  85%|████████▌ | 17/20 [01:40<00:16,  5.41s/it, avg_loss=0.0011, num_batches=41/60, num_samples=41]
      Epoch 17 train:  85%|████████▌ | 17/20 [01:40<00:16,  5.41s/it, avg_loss=0.0011, num_batches=42/60, num_samples=42]
      Epoch 17 train:  85%|████████▌ | 17/20 [01:40<00:16,  5.41s/it, avg_loss=0.0011, num_batches=43/60, num_samples=43]
      Epoch 17 train:  85%|████████▌ | 17/20 [01:40<00:16,  5.41s/it, avg_loss=0.0011, num_batches=44/60, num_samples=44]
      Epoch 17 train:  85%|████████▌ | 17/20 [01:40<00:16,  5.41s/it, avg_loss=0.0011, num_batches=45/60, num_samples=45]
      Epoch 17 train:  85%|████████▌ | 17/20 [01:40<00:16,  5.41s/it, avg_loss=0.0011, num_batches=46/60, num_samples=46]
      Epoch 17 train:  85%|████████▌ | 17/20 [01:40<00:16,  5.41s/it, avg_loss=0.0011, num_batches=47/60, num_samples=47]
      Epoch 17 train:  85%|████████▌ | 17/20 [01:40<00:16,  5.41s/it, avg_loss=0.0011, num_batches=48/60, num_samples=48]
      Epoch 17 train:  85%|████████▌ | 17/20 [01:40<00:16,  5.41s/it, avg_loss=0.0011, num_batches=49/60, num_samples=49]
      Epoch 17 train:  85%|████████▌ | 17/20 [01:40<00:16,  5.41s/it, avg_loss=0.0011, num_batches=50/60, num_samples=50]
      Epoch 17 train:  85%|████████▌ | 17/20 [01:40<00:16,  5.41s/it, avg_loss=0.0012, num_batches=51/60, num_samples=51]
      Epoch 17 train:  85%|████████▌ | 17/20 [01:40<00:16,  5.41s/it, avg_loss=0.0011, num_batches=52/60, num_samples=52]
      Epoch 17 train:  85%|████████▌ | 17/20 [01:40<00:16,  5.41s/it, avg_loss=0.0011, num_batches=53/60, num_samples=53]
      Epoch 17 train:  85%|████████▌ | 17/20 [01:40<00:16,  5.41s/it, avg_loss=0.0011, num_batches=54/60, num_samples=54]
      Epoch 17 train:  85%|████████▌ | 17/20 [01:40<00:16,  5.41s/it, avg_loss=0.0011, num_batches=55/60, num_samples=55]
      Epoch 17 train:  85%|████████▌ | 17/20 [01:40<00:16,  5.41s/it, avg_loss=0.0011, num_batches=56/60, num_samples=56]
      Epoch 17 train:  85%|████████▌ | 17/20 [01:40<00:16,  5.41s/it, avg_loss=0.0011, num_batches=57/60, num_samples=57]
      Epoch 17 train:  85%|████████▌ | 17/20 [01:41<00:16,  5.41s/it, avg_loss=0.0011, num_batches=58/60, num_samples=58]
      Epoch 17 train:  85%|████████▌ | 17/20 [01:41<00:16,  5.41s/it, avg_loss=0.0011, num_batches=59/60, num_samples=59]
      Epoch 17 train:  85%|████████▌ | 17/20 [01:41<00:16,  5.41s/it, avg_loss=0.0011, num_batches=60/60, num_samples=60]
      Epoch 17 val:  85%|████████▌ | 17/20 [01:41<00:16,  5.41s/it, avg_loss=0.0011, num_batches=60/60, num_samples=60]  
      Epoch 17 val:  85%|████████▌ | 17/20 [01:41<00:16,  5.41s/it, avg_loss=0.0012, num_batches=1/15, num_samples=1]  
      Epoch 17 val:  85%|████████▌ | 17/20 [01:41<00:16,  5.41s/it, avg_loss=0.4382, num_batches=2/15, num_samples=2]
      Epoch 17 val:  85%|████████▌ | 17/20 [01:41<00:16,  5.41s/it, avg_loss=0.2927, num_batches=3/15, num_samples=3]
      Epoch 17 val:  85%|████████▌ | 17/20 [01:41<00:16,  5.41s/it, avg_loss=2.8283, num_batches=4/15, num_samples=4]
      Epoch 17 val:  85%|████████▌ | 17/20 [01:41<00:16,  5.41s/it, avg_loss=2.6232, num_batches=5/15, num_samples=5]
      Epoch 17 val:  85%|████████▌ | 17/20 [01:41<00:16,  5.41s/it, avg_loss=2.8346, num_batches=6/15, num_samples=6]
      Epoch 17 val:  85%|████████▌ | 17/20 [01:41<00:16,  5.41s/it, avg_loss=2.6940, num_batches=7/15, num_samples=7]
      Epoch 17 val:  85%|████████▌ | 17/20 [01:41<00:16,  5.41s/it, avg_loss=3.2137, num_batches=8/15, num_samples=8]
      Epoch 17 val:  85%|████████▌ | 17/20 [01:41<00:16,  5.41s/it, avg_loss=2.8572, num_batches=9/15, num_samples=9]
      Epoch 17 val:  85%|████████▌ | 17/20 [01:41<00:16,  5.41s/it, avg_loss=3.0701, num_batches=10/15, num_samples=10]
      Epoch 17 val:  85%|████████▌ | 17/20 [01:41<00:16,  5.41s/it, avg_loss=2.8358, num_batches=11/15, num_samples=11]
      Epoch 17 val:  85%|████████▌ | 17/20 [01:41<00:16,  5.41s/it, avg_loss=3.1126, num_batches=12/15, num_samples=12]
      Epoch 17 val:  85%|████████▌ | 17/20 [01:41<00:16,  5.41s/it, avg_loss=3.6814, num_batches=13/15, num_samples=13]
      Epoch 17 val:  85%|████████▌ | 17/20 [01:41<00:16,  5.41s/it, avg_loss=3.6752, num_batches=14/15, num_samples=14]
      Epoch 17 val:  85%|████████▌ | 17/20 [01:41<00:16,  5.41s/it, avg_loss=3.4412, num_batches=15/15, num_samples=15]
      Epoch 17 val:  90%|█████████ | 18/20 [01:41<00:10,  5.04s/it, avg_loss=3.4412, num_batches=15/15, num_samples=15]
      Epoch 18 train:  90%|█████████ | 18/20 [01:41<00:10,  5.04s/it, avg_loss=3.4412, num_batches=15/15, num_samples=15]
      Epoch 18 train:  90%|█████████ | 18/20 [01:42<00:10,  5.04s/it, avg_loss=0.0043, num_batches=1/60, num_samples=1]  
      Epoch 18 train:  90%|█████████ | 18/20 [01:42<00:10,  5.04s/it, avg_loss=0.0039, num_batches=2/60, num_samples=2]
      Epoch 18 train:  90%|█████████ | 18/20 [01:42<00:10,  5.04s/it, avg_loss=0.0035, num_batches=3/60, num_samples=3]
      Epoch 18 train:  90%|█████████ | 18/20 [01:42<00:10,  5.04s/it, avg_loss=0.0030, num_batches=4/60, num_samples=4]
      Epoch 18 train:  90%|█████████ | 18/20 [01:42<00:10,  5.04s/it, avg_loss=0.0034, num_batches=5/60, num_samples=5]
      Epoch 18 train:  90%|█████████ | 18/20 [01:42<00:10,  5.04s/it, avg_loss=0.0030, num_batches=6/60, num_samples=6]
      Epoch 18 train:  90%|█████████ | 18/20 [01:42<00:10,  5.04s/it, avg_loss=0.0027, num_batches=7/60, num_samples=7]
      Epoch 18 train:  90%|█████████ | 18/20 [01:42<00:10,  5.04s/it, avg_loss=0.0026, num_batches=8/60, num_samples=8]
      Epoch 18 train:  90%|█████████ | 18/20 [01:42<00:10,  5.04s/it, avg_loss=0.0023, num_batches=9/60, num_samples=9]
      Epoch 18 train:  90%|█████████ | 18/20 [01:42<00:10,  5.04s/it, avg_loss=0.0021, num_batches=10/60, num_samples=10]
      Epoch 18 train:  90%|█████████ | 18/20 [01:42<00:10,  5.04s/it, avg_loss=0.0020, num_batches=11/60, num_samples=11]
      Epoch 18 train:  90%|█████████ | 18/20 [01:42<00:10,  5.04s/it, avg_loss=0.0021, num_batches=12/60, num_samples=12]
      Epoch 18 train:  90%|█████████ | 18/20 [01:42<00:10,  5.04s/it, avg_loss=0.0021, num_batches=13/60, num_samples=13]
      Epoch 18 train:  90%|█████████ | 18/20 [01:42<00:10,  5.04s/it, avg_loss=0.0020, num_batches=14/60, num_samples=14]
      Epoch 18 train:  90%|█████████ | 18/20 [01:42<00:10,  5.04s/it, avg_loss=0.0018, num_batches=15/60, num_samples=15]
      Epoch 18 train:  90%|█████████ | 18/20 [01:42<00:10,  5.04s/it, avg_loss=0.0018, num_batches=16/60, num_samples=16]
      Epoch 18 train:  90%|█████████ | 18/20 [01:42<00:10,  5.04s/it, avg_loss=0.0018, num_batches=17/60, num_samples=17]
      Epoch 18 train:  90%|█████████ | 18/20 [01:43<00:10,  5.04s/it, avg_loss=0.0017, num_batches=18/60, num_samples=18]
      Epoch 18 train:  90%|█████████ | 18/20 [01:43<00:10,  5.04s/it, avg_loss=0.0016, num_batches=19/60, num_samples=19]
      Epoch 18 train:  90%|█████████ | 18/20 [01:43<00:10,  5.04s/it, avg_loss=0.0015, num_batches=20/60, num_samples=20]
      Epoch 18 train:  90%|█████████ | 18/20 [01:43<00:10,  5.04s/it, avg_loss=0.0015, num_batches=21/60, num_samples=21]
      Epoch 18 train:  90%|█████████ | 18/20 [01:43<00:10,  5.04s/it, avg_loss=0.0014, num_batches=22/60, num_samples=22]
      Epoch 18 train:  90%|█████████ | 18/20 [01:43<00:10,  5.04s/it, avg_loss=0.0014, num_batches=23/60, num_samples=23]
      Epoch 18 train:  90%|█████████ | 18/20 [01:43<00:10,  5.04s/it, avg_loss=0.0014, num_batches=24/60, num_samples=24]
      Epoch 18 train:  90%|█████████ | 18/20 [01:43<00:10,  5.04s/it, avg_loss=0.0014, num_batches=25/60, num_samples=25]
      Epoch 18 train:  90%|█████████ | 18/20 [01:43<00:10,  5.04s/it, avg_loss=0.0014, num_batches=26/60, num_samples=26]
      Epoch 18 train:  90%|█████████ | 18/20 [01:43<00:10,  5.04s/it, avg_loss=0.0013, num_batches=27/60, num_samples=27]
      Epoch 18 train:  90%|█████████ | 18/20 [01:43<00:10,  5.04s/it, avg_loss=0.0013, num_batches=28/60, num_samples=28]
      Epoch 18 train:  90%|█████████ | 18/20 [01:43<00:10,  5.04s/it, avg_loss=0.0013, num_batches=29/60, num_samples=29]
      Epoch 18 train:  90%|█████████ | 18/20 [01:43<00:10,  5.04s/it, avg_loss=0.0012, num_batches=30/60, num_samples=30]
      Epoch 18 train:  90%|█████████ | 18/20 [01:43<00:10,  5.04s/it, avg_loss=0.0012, num_batches=31/60, num_samples=31]
      Epoch 18 train:  90%|█████████ | 18/20 [01:43<00:10,  5.04s/it, avg_loss=0.0011, num_batches=32/60, num_samples=32]
      Epoch 18 train:  90%|█████████ | 18/20 [01:43<00:10,  5.04s/it, avg_loss=0.0011, num_batches=33/60, num_samples=33]
      Epoch 18 train:  90%|█████████ | 18/20 [01:44<00:10,  5.04s/it, avg_loss=0.0011, num_batches=34/60, num_samples=34]
      Epoch 18 train:  90%|█████████ | 18/20 [01:44<00:10,  5.04s/it, avg_loss=0.0011, num_batches=35/60, num_samples=35]
      Epoch 18 train:  90%|█████████ | 18/20 [01:44<00:10,  5.04s/it, avg_loss=0.0010, num_batches=36/60, num_samples=36]
      Epoch 18 train:  90%|█████████ | 18/20 [01:44<00:10,  5.04s/it, avg_loss=0.0010, num_batches=37/60, num_samples=37]
      Epoch 18 train:  90%|█████████ | 18/20 [01:44<00:10,  5.04s/it, avg_loss=0.0011, num_batches=38/60, num_samples=38]
      Epoch 18 train:  90%|█████████ | 18/20 [01:44<00:10,  5.04s/it, avg_loss=0.0011, num_batches=39/60, num_samples=39]
      Epoch 18 train:  90%|█████████ | 18/20 [01:44<00:10,  5.04s/it, avg_loss=0.0011, num_batches=40/60, num_samples=40]
      Epoch 18 train:  90%|█████████ | 18/20 [01:44<00:10,  5.04s/it, avg_loss=0.0011, num_batches=41/60, num_samples=41]
      Epoch 18 train:  90%|█████████ | 18/20 [01:44<00:10,  5.04s/it, avg_loss=0.0011, num_batches=42/60, num_samples=42]
      Epoch 18 train:  90%|█████████ | 18/20 [01:44<00:10,  5.04s/it, avg_loss=0.0011, num_batches=43/60, num_samples=43]
      Epoch 18 train:  90%|█████████ | 18/20 [01:44<00:10,  5.04s/it, avg_loss=0.0011, num_batches=44/60, num_samples=44]
      Epoch 18 train:  90%|█████████ | 18/20 [01:44<00:10,  5.04s/it, avg_loss=0.0010, num_batches=45/60, num_samples=45]
      Epoch 18 train:  90%|█████████ | 18/20 [01:44<00:10,  5.04s/it, avg_loss=0.0011, num_batches=46/60, num_samples=46]
      Epoch 18 train:  90%|█████████ | 18/20 [01:44<00:10,  5.04s/it, avg_loss=0.0011, num_batches=47/60, num_samples=47]
      Epoch 18 train:  90%|█████████ | 18/20 [01:44<00:10,  5.04s/it, avg_loss=0.0010, num_batches=48/60, num_samples=48]
      Epoch 18 train:  90%|█████████ | 18/20 [01:44<00:10,  5.04s/it, avg_loss=0.0011, num_batches=49/60, num_samples=49]
      Epoch 18 train:  90%|█████████ | 18/20 [01:44<00:10,  5.04s/it, avg_loss=0.0010, num_batches=50/60, num_samples=50]
      Epoch 18 train:  90%|█████████ | 18/20 [01:44<00:10,  5.04s/it, avg_loss=0.0010, num_batches=51/60, num_samples=51]
      Epoch 18 train:  90%|█████████ | 18/20 [01:45<00:10,  5.04s/it, avg_loss=0.0011, num_batches=52/60, num_samples=52]
      Epoch 18 train:  90%|█████████ | 18/20 [01:45<00:10,  5.04s/it, avg_loss=0.0011, num_batches=53/60, num_samples=53]
      Epoch 18 train:  90%|█████████ | 18/20 [01:45<00:10,  5.04s/it, avg_loss=0.0011, num_batches=54/60, num_samples=54]
      Epoch 18 train:  90%|█████████ | 18/20 [01:45<00:10,  5.04s/it, avg_loss=0.0011, num_batches=55/60, num_samples=55]
      Epoch 18 train:  90%|█████████ | 18/20 [01:45<00:10,  5.04s/it, avg_loss=0.0011, num_batches=56/60, num_samples=56]
      Epoch 18 train:  90%|█████████ | 18/20 [01:45<00:10,  5.04s/it, avg_loss=0.0010, num_batches=57/60, num_samples=57]
      Epoch 18 train:  90%|█████████ | 18/20 [01:45<00:10,  5.04s/it, avg_loss=0.0010, num_batches=58/60, num_samples=58]
      Epoch 18 train:  90%|█████████ | 18/20 [01:45<00:10,  5.04s/it, avg_loss=0.0011, num_batches=59/60, num_samples=59]
      Epoch 18 train:  90%|█████████ | 18/20 [01:45<00:10,  5.04s/it, avg_loss=0.0011, num_batches=60/60, num_samples=60]
      Epoch 18 val:  90%|█████████ | 18/20 [01:45<00:10,  5.04s/it, avg_loss=0.0011, num_batches=60/60, num_samples=60]  
      Epoch 18 val:  90%|█████████ | 18/20 [01:45<00:10,  5.04s/it, avg_loss=6.1685, num_batches=1/15, num_samples=1]  
      Epoch 18 val:  90%|█████████ | 18/20 [01:45<00:10,  5.04s/it, avg_loss=4.8831, num_batches=2/15, num_samples=2]
      Epoch 18 val:  90%|█████████ | 18/20 [01:45<00:10,  5.04s/it, avg_loss=3.2558, num_batches=3/15, num_samples=3]
      Epoch 18 val:  90%|█████████ | 18/20 [01:46<00:10,  5.04s/it, avg_loss=2.4431, num_batches=4/15, num_samples=4]
      Epoch 18 val:  90%|█████████ | 18/20 [01:46<00:10,  5.04s/it, avg_loss=2.3154, num_batches=5/15, num_samples=5]
      Epoch 18 val:  90%|█████████ | 18/20 [01:46<00:10,  5.04s/it, avg_loss=2.0750, num_batches=6/15, num_samples=6]
      Epoch 18 val:  90%|█████████ | 18/20 [01:46<00:10,  5.04s/it, avg_loss=1.8488, num_batches=7/15, num_samples=7]
      Epoch 18 val:  90%|█████████ | 18/20 [01:46<00:10,  5.04s/it, avg_loss=2.9237, num_batches=8/15, num_samples=8]
      Epoch 18 val:  90%|█████████ | 18/20 [01:46<00:10,  5.04s/it, avg_loss=3.0323, num_batches=9/15, num_samples=9]
      Epoch 18 val:  90%|█████████ | 18/20 [01:46<00:10,  5.04s/it, avg_loss=3.4155, num_batches=10/15, num_samples=10]
      Epoch 18 val:  90%|█████████ | 18/20 [01:46<00:10,  5.04s/it, avg_loss=3.5587, num_batches=11/15, num_samples=11]
      Epoch 18 val:  90%|█████████ | 18/20 [01:46<00:10,  5.04s/it, avg_loss=3.2623, num_batches=12/15, num_samples=12]
      Epoch 18 val:  90%|█████████ | 18/20 [01:46<00:10,  5.04s/it, avg_loss=3.0241, num_batches=13/15, num_samples=13]
      Epoch 18 val:  90%|█████████ | 18/20 [01:46<00:10,  5.04s/it, avg_loss=3.5596, num_batches=14/15, num_samples=14]
      Epoch 18 val:  90%|█████████ | 18/20 [01:46<00:10,  5.04s/it, avg_loss=3.4457, num_batches=15/15, num_samples=15]
      Epoch 18 val:  95%|█████████▌| 19/20 [01:46<00:04,  4.93s/it, avg_loss=3.4457, num_batches=15/15, num_samples=15]
      Epoch 19 train:  95%|█████████▌| 19/20 [01:46<00:04,  4.93s/it, avg_loss=3.4457, num_batches=15/15, num_samples=15]
      Epoch 19 train:  95%|█████████▌| 19/20 [01:46<00:04,  4.93s/it, avg_loss=0.0018, num_batches=1/60, num_samples=1]  
      Epoch 19 train:  95%|█████████▌| 19/20 [01:46<00:04,  4.93s/it, avg_loss=0.0021, num_batches=2/60, num_samples=2]
      Epoch 19 train:  95%|█████████▌| 19/20 [01:46<00:04,  4.93s/it, avg_loss=0.0022, num_batches=3/60, num_samples=3]
      Epoch 19 train:  95%|█████████▌| 19/20 [01:47<00:04,  4.93s/it, avg_loss=0.0018, num_batches=4/60, num_samples=4]
      Epoch 19 train:  95%|█████████▌| 19/20 [01:47<00:04,  4.93s/it, avg_loss=0.0015, num_batches=5/60, num_samples=5]
      Epoch 19 train:  95%|█████████▌| 19/20 [01:47<00:04,  4.93s/it, avg_loss=0.0012, num_batches=6/60, num_samples=6]
      Epoch 19 train:  95%|█████████▌| 19/20 [01:47<00:04,  4.93s/it, avg_loss=0.0011, num_batches=7/60, num_samples=7]
      Epoch 19 train:  95%|█████████▌| 19/20 [01:47<00:04,  4.93s/it, avg_loss=0.0010, num_batches=8/60, num_samples=8]
      Epoch 19 train:  95%|█████████▌| 19/20 [01:47<00:04,  4.93s/it, avg_loss=0.0014, num_batches=9/60, num_samples=9]
      Epoch 19 train:  95%|█████████▌| 19/20 [01:47<00:04,  4.93s/it, avg_loss=0.0014, num_batches=10/60, num_samples=10]
      Epoch 19 train:  95%|█████████▌| 19/20 [01:47<00:04,  4.93s/it, avg_loss=0.0013, num_batches=11/60, num_samples=11]
      Epoch 19 train:  95%|█████████▌| 19/20 [01:47<00:04,  4.93s/it, avg_loss=0.0014, num_batches=12/60, num_samples=12]
      Epoch 19 train:  95%|█████████▌| 19/20 [01:47<00:04,  4.93s/it, avg_loss=0.0014, num_batches=13/60, num_samples=13]
      Epoch 19 train:  95%|█████████▌| 19/20 [01:47<00:04,  4.93s/it, avg_loss=0.0013, num_batches=14/60, num_samples=14]
      Epoch 19 train:  95%|█████████▌| 19/20 [01:48<00:04,  4.93s/it, avg_loss=0.0013, num_batches=15/60, num_samples=15]
      Epoch 19 train:  95%|█████████▌| 19/20 [01:48<00:04,  4.93s/it, avg_loss=0.0012, num_batches=16/60, num_samples=16]
      Epoch 19 train:  95%|█████████▌| 19/20 [01:48<00:04,  4.93s/it, avg_loss=0.0012, num_batches=17/60, num_samples=17]
      Epoch 19 train:  95%|█████████▌| 19/20 [01:48<00:04,  4.93s/it, avg_loss=0.0012, num_batches=18/60, num_samples=18]
      Epoch 19 train:  95%|█████████▌| 19/20 [01:48<00:04,  4.93s/it, avg_loss=0.0011, num_batches=19/60, num_samples=19]
      Epoch 19 train:  95%|█████████▌| 19/20 [01:48<00:04,  4.93s/it, avg_loss=0.0011, num_batches=20/60, num_samples=20]
      Epoch 19 train:  95%|█████████▌| 19/20 [01:48<00:04,  4.93s/it, avg_loss=0.0010, num_batches=21/60, num_samples=21]
      Epoch 19 train:  95%|█████████▌| 19/20 [01:48<00:04,  4.93s/it, avg_loss=0.0010, num_batches=22/60, num_samples=22]
      Epoch 19 train:  95%|█████████▌| 19/20 [01:48<00:04,  4.93s/it, avg_loss=0.0010, num_batches=23/60, num_samples=23]
      Epoch 19 train:  95%|█████████▌| 19/20 [01:48<00:04,  4.93s/it, avg_loss=0.0011, num_batches=24/60, num_samples=24]
      Epoch 19 train:  95%|█████████▌| 19/20 [01:48<00:04,  4.93s/it, avg_loss=0.0010, num_batches=25/60, num_samples=25]
      Epoch 19 train:  95%|█████████▌| 19/20 [01:49<00:04,  4.93s/it, avg_loss=0.0011, num_batches=26/60, num_samples=26]
      Epoch 19 train:  95%|█████████▌| 19/20 [01:49<00:04,  4.93s/it, avg_loss=0.0010, num_batches=27/60, num_samples=27]
      Epoch 19 train:  95%|█████████▌| 19/20 [01:49<00:04,  4.93s/it, avg_loss=0.0010, num_batches=28/60, num_samples=28]
      Epoch 19 train:  95%|█████████▌| 19/20 [01:49<00:04,  4.93s/it, avg_loss=0.0010, num_batches=29/60, num_samples=29]
      Epoch 19 train:  95%|█████████▌| 19/20 [01:49<00:04,  4.93s/it, avg_loss=0.0011, num_batches=30/60, num_samples=30]
      Epoch 19 train:  95%|█████████▌| 19/20 [01:49<00:04,  4.93s/it, avg_loss=0.0011, num_batches=31/60, num_samples=31]
      Epoch 19 train:  95%|█████████▌| 19/20 [01:49<00:04,  4.93s/it, avg_loss=0.0010, num_batches=32/60, num_samples=32]
      Epoch 19 train:  95%|█████████▌| 19/20 [01:49<00:04,  4.93s/it, avg_loss=0.0010, num_batches=33/60, num_samples=33]
      Epoch 19 train:  95%|█████████▌| 19/20 [01:49<00:04,  4.93s/it, avg_loss=0.0010, num_batches=34/60, num_samples=34]
      Epoch 19 train:  95%|█████████▌| 19/20 [01:49<00:04,  4.93s/it, avg_loss=0.0010, num_batches=35/60, num_samples=35]
      Epoch 19 train:  95%|█████████▌| 19/20 [01:49<00:04,  4.93s/it, avg_loss=0.0010, num_batches=36/60, num_samples=36]
      Epoch 19 train:  95%|█████████▌| 19/20 [01:50<00:04,  4.93s/it, avg_loss=0.0010, num_batches=37/60, num_samples=37]
      Epoch 19 train:  95%|█████████▌| 19/20 [01:50<00:04,  4.93s/it, avg_loss=0.0010, num_batches=38/60, num_samples=38]
      Epoch 19 train:  95%|█████████▌| 19/20 [01:50<00:04,  4.93s/it, avg_loss=0.0010, num_batches=39/60, num_samples=39]
      Epoch 19 train:  95%|█████████▌| 19/20 [01:50<00:04,  4.93s/it, avg_loss=0.0010, num_batches=40/60, num_samples=40]
      Epoch 19 train:  95%|█████████▌| 19/20 [01:50<00:04,  4.93s/it, avg_loss=0.0010, num_batches=41/60, num_samples=41]
      Epoch 19 train:  95%|█████████▌| 19/20 [01:50<00:04,  4.93s/it, avg_loss=0.0010, num_batches=42/60, num_samples=42]
      Epoch 19 train:  95%|█████████▌| 19/20 [01:50<00:04,  4.93s/it, avg_loss=0.0010, num_batches=43/60, num_samples=43]
      Epoch 19 train:  95%|█████████▌| 19/20 [01:50<00:04,  4.93s/it, avg_loss=0.0010, num_batches=44/60, num_samples=44]
      Epoch 19 train:  95%|█████████▌| 19/20 [01:50<00:04,  4.93s/it, avg_loss=0.0010, num_batches=45/60, num_samples=45]
      Epoch 19 train:  95%|█████████▌| 19/20 [01:50<00:04,  4.93s/it, avg_loss=0.0010, num_batches=46/60, num_samples=46]
      Epoch 19 train:  95%|█████████▌| 19/20 [01:50<00:04,  4.93s/it, avg_loss=0.0010, num_batches=47/60, num_samples=47]
      Epoch 19 train:  95%|█████████▌| 19/20 [01:50<00:04,  4.93s/it, avg_loss=0.0010, num_batches=48/60, num_samples=48]
      Epoch 19 train:  95%|█████████▌| 19/20 [01:51<00:04,  4.93s/it, avg_loss=0.0010, num_batches=49/60, num_samples=49]
      Epoch 19 train:  95%|█████████▌| 19/20 [01:51<00:04,  4.93s/it, avg_loss=0.0010, num_batches=50/60, num_samples=50]
      Epoch 19 train:  95%|█████████▌| 19/20 [01:51<00:04,  4.93s/it, avg_loss=0.0010, num_batches=51/60, num_samples=51]
      Epoch 19 train:  95%|█████████▌| 19/20 [01:51<00:04,  4.93s/it, avg_loss=0.0010, num_batches=52/60, num_samples=52]
      Epoch 19 train:  95%|█████████▌| 19/20 [01:51<00:04,  4.93s/it, avg_loss=0.0010, num_batches=53/60, num_samples=53]
      Epoch 19 train:  95%|█████████▌| 19/20 [01:51<00:04,  4.93s/it, avg_loss=0.0011, num_batches=54/60, num_samples=54]
      Epoch 19 train:  95%|█████████▌| 19/20 [01:51<00:04,  4.93s/it, avg_loss=0.0010, num_batches=55/60, num_samples=55]
      Epoch 19 train:  95%|█████████▌| 19/20 [01:51<00:04,  4.93s/it, avg_loss=0.0010, num_batches=56/60, num_samples=56]
      Epoch 19 train:  95%|█████████▌| 19/20 [01:51<00:04,  4.93s/it, avg_loss=0.0010, num_batches=57/60, num_samples=57]
      Epoch 19 train:  95%|█████████▌| 19/20 [01:51<00:04,  4.93s/it, avg_loss=0.0010, num_batches=58/60, num_samples=58]
      Epoch 19 train:  95%|█████████▌| 19/20 [01:52<00:04,  4.93s/it, avg_loss=0.0011, num_batches=59/60, num_samples=59]
      Epoch 19 train:  95%|█████████▌| 19/20 [01:52<00:04,  4.93s/it, avg_loss=0.0010, num_batches=60/60, num_samples=60]
      Epoch 19 val:  95%|█████████▌| 19/20 [01:52<00:04,  4.93s/it, avg_loss=0.0010, num_batches=60/60, num_samples=60]  
      Epoch 19 val:  95%|█████████▌| 19/20 [01:52<00:04,  4.93s/it, avg_loss=0.0012, num_batches=1/15, num_samples=1]  
      Epoch 19 val:  95%|█████████▌| 19/20 [01:52<00:04,  4.93s/it, avg_loss=2.4958, num_batches=2/15, num_samples=2]
      Epoch 19 val:  95%|█████████▌| 19/20 [01:52<00:04,  4.93s/it, avg_loss=2.2644, num_batches=3/15, num_samples=3]
      Epoch 19 val:  95%|█████████▌| 19/20 [01:52<00:04,  4.93s/it, avg_loss=2.5978, num_batches=4/15, num_samples=4]
      Epoch 19 val:  95%|█████████▌| 19/20 [01:52<00:04,  4.93s/it, avg_loss=2.4488, num_batches=5/15, num_samples=5]
      Epoch 19 val:  95%|█████████▌| 19/20 [01:52<00:04,  4.93s/it, avg_loss=2.6910, num_batches=6/15, num_samples=6]
      Epoch 19 val:  95%|█████████▌| 19/20 [01:52<00:04,  4.93s/it, avg_loss=3.8099, num_batches=7/15, num_samples=7]
      Epoch 19 val:  95%|█████████▌| 19/20 [01:52<00:04,  4.93s/it, avg_loss=4.1918, num_batches=8/15, num_samples=8]
      Epoch 19 val:  95%|█████████▌| 19/20 [01:52<00:04,  4.93s/it, avg_loss=3.7806, num_batches=9/15, num_samples=9]
      Epoch 19 val:  95%|█████████▌| 19/20 [01:52<00:04,  4.93s/it, avg_loss=3.4031, num_batches=10/15, num_samples=10]
      Epoch 19 val:  95%|█████████▌| 19/20 [01:52<00:04,  4.93s/it, avg_loss=3.1087, num_batches=11/15, num_samples=11]
      Epoch 19 val:  95%|█████████▌| 19/20 [01:52<00:04,  4.93s/it, avg_loss=2.8498, num_batches=12/15, num_samples=12]
      Epoch 19 val:  95%|█████████▌| 19/20 [01:52<00:04,  4.93s/it, avg_loss=3.1055, num_batches=13/15, num_samples=13]
      Epoch 19 val:  95%|█████████▌| 19/20 [01:52<00:04,  4.93s/it, avg_loss=2.9460, num_batches=14/15, num_samples=14]
      Epoch 19 val:  95%|█████████▌| 19/20 [01:53<00:04,  4.93s/it, avg_loss=3.4462, num_batches=15/15, num_samples=15]
      Epoch 19 val: 100%|██████████| 20/20 [01:53<00:00,  5.40s/it, avg_loss=3.4462, num_batches=15/15, num_samples=15]
      Epoch 19 val: 100%|██████████| 20/20 [01:53<00:00,  5.66s/it, avg_loss=3.4462, num_batches=15/15, num_samples=15]

  0%|          | 0/20 [00:00<?, ?it/s]
      Epoch 0 train:   0%|          | 0/20 [00:00<?, ?it/s]
      Epoch 0 train:   0%|          | 0/20 [00:00<?, ?it/s, avg_loss=0.9755, num_batches=1/60, num_samples=1]
      Epoch 0 train:   0%|          | 0/20 [00:00<?, ?it/s, avg_loss=3.6331, num_batches=2/60, num_samples=2]
      Epoch 0 train:   0%|          | 0/20 [00:00<?, ?it/s, avg_loss=2.4416, num_batches=3/60, num_samples=3]
      Epoch 0 train:   0%|          | 0/20 [00:00<?, ?it/s, avg_loss=3.6007, num_batches=4/60, num_samples=4]
      Epoch 0 train:   0%|          | 0/20 [00:00<?, ?it/s, avg_loss=3.9166, num_batches=5/60, num_samples=5]
      Epoch 0 train:   0%|          | 0/20 [00:00<?, ?it/s, avg_loss=3.5731, num_batches=6/60, num_samples=6]
      Epoch 0 train:   0%|          | 0/20 [00:00<?, ?it/s, avg_loss=3.2948, num_batches=7/60, num_samples=7]
      Epoch 0 train:   0%|          | 0/20 [00:00<?, ?it/s, avg_loss=2.9879, num_batches=8/60, num_samples=8]
      Epoch 0 train:   0%|          | 0/20 [00:01<?, ?it/s, avg_loss=2.6991, num_batches=9/60, num_samples=9]
      Epoch 0 train:   0%|          | 0/20 [00:01<?, ?it/s, avg_loss=2.6540, num_batches=10/60, num_samples=10]
      Epoch 0 train:   0%|          | 0/20 [00:01<?, ?it/s, avg_loss=2.6266, num_batches=11/60, num_samples=11]
      Epoch 0 train:   0%|          | 0/20 [00:01<?, ?it/s, avg_loss=2.4736, num_batches=12/60, num_samples=12]
      Epoch 0 train:   0%|          | 0/20 [00:01<?, ?it/s, avg_loss=2.5202, num_batches=13/60, num_samples=13]
      Epoch 0 train:   0%|          | 0/20 [00:01<?, ?it/s, avg_loss=2.4546, num_batches=14/60, num_samples=14]
      Epoch 0 train:   0%|          | 0/20 [00:01<?, ?it/s, avg_loss=2.3079, num_batches=15/60, num_samples=15]
      Epoch 0 train:   0%|          | 0/20 [00:01<?, ?it/s, avg_loss=2.1762, num_batches=16/60, num_samples=16]
      Epoch 0 train:   0%|          | 0/20 [00:01<?, ?it/s, avg_loss=2.0639, num_batches=17/60, num_samples=17]
      Epoch 0 train:   0%|          | 0/20 [00:01<?, ?it/s, avg_loss=1.9605, num_batches=18/60, num_samples=18]
      Epoch 0 train:   0%|          | 0/20 [00:01<?, ?it/s, avg_loss=1.9989, num_batches=19/60, num_samples=19]
      Epoch 0 train:   0%|          | 0/20 [00:01<?, ?it/s, avg_loss=1.9072, num_batches=20/60, num_samples=20]
      Epoch 0 train:   0%|          | 0/20 [00:02<?, ?it/s, avg_loss=1.9191, num_batches=21/60, num_samples=21]
      Epoch 0 train:   0%|          | 0/20 [00:02<?, ?it/s, avg_loss=1.8912, num_batches=22/60, num_samples=22]
      Epoch 0 train:   0%|          | 0/20 [00:02<?, ?it/s, avg_loss=1.8607, num_batches=23/60, num_samples=23]
      Epoch 0 train:   0%|          | 0/20 [00:02<?, ?it/s, avg_loss=1.9551, num_batches=24/60, num_samples=24]
      Epoch 0 train:   0%|          | 0/20 [00:02<?, ?it/s, avg_loss=1.8824, num_batches=25/60, num_samples=25]
      Epoch 0 train:   0%|          | 0/20 [00:02<?, ?it/s, avg_loss=1.9400, num_batches=26/60, num_samples=26]
      Epoch 0 train:   0%|          | 0/20 [00:02<?, ?it/s, avg_loss=1.9951, num_batches=27/60, num_samples=27]
      Epoch 0 train:   0%|          | 0/20 [00:02<?, ?it/s, avg_loss=2.0182, num_batches=28/60, num_samples=28]
      Epoch 0 train:   0%|          | 0/20 [00:02<?, ?it/s, avg_loss=2.0532, num_batches=29/60, num_samples=29]
      Epoch 0 train:   0%|          | 0/20 [00:02<?, ?it/s, avg_loss=1.9990, num_batches=30/60, num_samples=30]
      Epoch 0 train:   0%|          | 0/20 [00:02<?, ?it/s, avg_loss=2.0200, num_batches=31/60, num_samples=31]
      Epoch 0 train:   0%|          | 0/20 [00:02<?, ?it/s, avg_loss=1.9824, num_batches=32/60, num_samples=32]
      Epoch 0 train:   0%|          | 0/20 [00:02<?, ?it/s, avg_loss=1.9611, num_batches=33/60, num_samples=33]
      Epoch 0 train:   0%|          | 0/20 [00:02<?, ?it/s, avg_loss=1.9850, num_batches=34/60, num_samples=34]
      Epoch 0 train:   0%|          | 0/20 [00:03<?, ?it/s, avg_loss=1.9418, num_batches=35/60, num_samples=35]
      Epoch 0 train:   0%|          | 0/20 [00:03<?, ?it/s, avg_loss=1.9377, num_batches=36/60, num_samples=36]
      Epoch 0 train:   0%|          | 0/20 [00:03<?, ?it/s, avg_loss=1.8952, num_batches=37/60, num_samples=37]
      Epoch 0 train:   0%|          | 0/20 [00:03<?, ?it/s, avg_loss=1.8889, num_batches=38/60, num_samples=38]
      Epoch 0 train:   0%|          | 0/20 [00:03<?, ?it/s, avg_loss=1.8540, num_batches=39/60, num_samples=39]
      Epoch 0 train:   0%|          | 0/20 [00:03<?, ?it/s, avg_loss=1.8240, num_batches=40/60, num_samples=40]
      Epoch 0 train:   0%|          | 0/20 [00:03<?, ?it/s, avg_loss=1.8241, num_batches=41/60, num_samples=41]
      Epoch 0 train:   0%|          | 0/20 [00:03<?, ?it/s, avg_loss=1.8235, num_batches=42/60, num_samples=42]
      Epoch 0 train:   0%|          | 0/20 [00:03<?, ?it/s, avg_loss=1.8186, num_batches=43/60, num_samples=43]
      Epoch 0 train:   0%|          | 0/20 [00:04<?, ?it/s, avg_loss=1.7988, num_batches=44/60, num_samples=44]
      Epoch 0 train:   0%|          | 0/20 [00:04<?, ?it/s, avg_loss=1.7812, num_batches=45/60, num_samples=45]
      Epoch 0 train:   0%|          | 0/20 [00:04<?, ?it/s, avg_loss=1.7774, num_batches=46/60, num_samples=46]
      Epoch 0 train:   0%|          | 0/20 [00:04<?, ?it/s, avg_loss=1.7615, num_batches=47/60, num_samples=47]
      Epoch 0 train:   0%|          | 0/20 [00:04<?, ?it/s, avg_loss=1.7458, num_batches=48/60, num_samples=48]
      Epoch 0 train:   0%|          | 0/20 [00:04<?, ?it/s, avg_loss=1.7503, num_batches=49/60, num_samples=49]
      Epoch 0 train:   0%|          | 0/20 [00:04<?, ?it/s, avg_loss=1.7329, num_batches=50/60, num_samples=50]
      Epoch 0 train:   0%|          | 0/20 [00:04<?, ?it/s, avg_loss=1.7304, num_batches=51/60, num_samples=51]
      Epoch 0 train:   0%|          | 0/20 [00:04<?, ?it/s, avg_loss=1.7279, num_batches=52/60, num_samples=52]
      Epoch 0 train:   0%|          | 0/20 [00:04<?, ?it/s, avg_loss=1.7187, num_batches=53/60, num_samples=53]
      Epoch 0 train:   0%|          | 0/20 [00:04<?, ?it/s, avg_loss=1.7130, num_batches=54/60, num_samples=54]
      Epoch 0 train:   0%|          | 0/20 [00:05<?, ?it/s, avg_loss=1.6952, num_batches=55/60, num_samples=55]
      Epoch 0 train:   0%|          | 0/20 [00:05<?, ?it/s, avg_loss=1.6953, num_batches=56/60, num_samples=56]
      Epoch 0 train:   0%|          | 0/20 [00:05<?, ?it/s, avg_loss=1.6943, num_batches=57/60, num_samples=57]
      Epoch 0 train:   0%|          | 0/20 [00:05<?, ?it/s, avg_loss=1.6941, num_batches=58/60, num_samples=58]
      Epoch 0 train:   0%|          | 0/20 [00:05<?, ?it/s, avg_loss=1.6730, num_batches=59/60, num_samples=59]
      Epoch 0 train:   0%|          | 0/20 [00:05<?, ?it/s, avg_loss=1.6739, num_batches=60/60, num_samples=60]
      Epoch 0 val:   0%|          | 0/20 [00:05<?, ?it/s, avg_loss=1.6739, num_batches=60/60, num_samples=60]  
      Epoch 0 val:   0%|          | 0/20 [00:05<?, ?it/s, avg_loss=0.5340, num_batches=1/15, num_samples=1]  
      Epoch 0 val:   0%|          | 0/20 [00:05<?, ?it/s, avg_loss=0.4994, num_batches=2/15, num_samples=2]
      Epoch 0 val:   0%|          | 0/20 [00:05<?, ?it/s, avg_loss=0.9583, num_batches=3/15, num_samples=3]
      Epoch 0 val:   0%|          | 0/20 [00:05<?, ?it/s, avg_loss=0.8520, num_batches=4/15, num_samples=4]
      Epoch 0 val:   0%|          | 0/20 [00:06<?, ?it/s, avg_loss=0.9663, num_batches=5/15, num_samples=5]
      Epoch 0 val:   0%|          | 0/20 [00:06<?, ?it/s, avg_loss=1.0962, num_batches=6/15, num_samples=6]
      Epoch 0 val:   0%|          | 0/20 [00:06<?, ?it/s, avg_loss=1.1412, num_batches=7/15, num_samples=7]
      Epoch 0 val:   0%|          | 0/20 [00:06<?, ?it/s, avg_loss=1.1886, num_batches=8/15, num_samples=8]
      Epoch 0 val:   0%|          | 0/20 [00:06<?, ?it/s, avg_loss=1.2043, num_batches=9/15, num_samples=9]
      Epoch 0 val:   0%|          | 0/20 [00:06<?, ?it/s, avg_loss=1.2724, num_batches=10/15, num_samples=10]
      Epoch 0 val:   0%|          | 0/20 [00:06<?, ?it/s, avg_loss=1.3186, num_batches=11/15, num_samples=11]
      Epoch 0 val:   0%|          | 0/20 [00:06<?, ?it/s, avg_loss=1.2589, num_batches=12/15, num_samples=12]
      Epoch 0 val:   0%|          | 0/20 [00:06<?, ?it/s, avg_loss=1.3114, num_batches=13/15, num_samples=13]
      Epoch 0 val:   0%|          | 0/20 [00:06<?, ?it/s, avg_loss=1.3080, num_batches=14/15, num_samples=14]
      Epoch 0 val:   0%|          | 0/20 [00:06<?, ?it/s, avg_loss=1.2616, num_batches=15/15, num_samples=15]
      Epoch 0 val:   5%|▌         | 1/20 [00:06<02:05,  6.58s/it, avg_loss=1.2616, num_batches=15/15, num_samples=15]
      Epoch 1 train:   5%|▌         | 1/20 [00:06<02:05,  6.58s/it, avg_loss=1.2616, num_batches=15/15, num_samples=15]
      Epoch 1 train:   5%|▌         | 1/20 [00:06<02:05,  6.58s/it, avg_loss=1.6664, num_batches=1/60, num_samples=1]  
      Epoch 1 train:   5%|▌         | 1/20 [00:06<02:05,  6.58s/it, avg_loss=1.1011, num_batches=2/60, num_samples=2]
      Epoch 1 train:   5%|▌         | 1/20 [00:06<02:05,  6.58s/it, avg_loss=0.9409, num_batches=3/60, num_samples=3]
      Epoch 1 train:   5%|▌         | 1/20 [00:07<02:05,  6.58s/it, avg_loss=1.0473, num_batches=4/60, num_samples=4]
      Epoch 1 train:   5%|▌         | 1/20 [00:07<02:05,  6.58s/it, avg_loss=1.0830, num_batches=5/60, num_samples=5]
      Epoch 1 train:   5%|▌         | 1/20 [00:07<02:05,  6.58s/it, avg_loss=1.0280, num_batches=6/60, num_samples=6]
      Epoch 1 train:   5%|▌         | 1/20 [00:07<02:05,  6.58s/it, avg_loss=1.0488, num_batches=7/60, num_samples=7]
      Epoch 1 train:   5%|▌         | 1/20 [00:07<02:05,  6.58s/it, avg_loss=1.0692, num_batches=8/60, num_samples=8]
      Epoch 1 train:   5%|▌         | 1/20 [00:07<02:05,  6.58s/it, avg_loss=1.0696, num_batches=9/60, num_samples=9]
      Epoch 1 train:   5%|▌         | 1/20 [00:07<02:05,  6.58s/it, avg_loss=1.0762, num_batches=10/60, num_samples=10]
      Epoch 1 train:   5%|▌         | 1/20 [00:07<02:05,  6.58s/it, avg_loss=1.0833, num_batches=11/60, num_samples=11]
      Epoch 1 train:   5%|▌         | 1/20 [00:07<02:05,  6.58s/it, avg_loss=1.0882, num_batches=12/60, num_samples=12]
      Epoch 1 train:   5%|▌         | 1/20 [00:07<02:05,  6.58s/it, avg_loss=1.1135, num_batches=13/60, num_samples=13]
      Epoch 1 train:   5%|▌         | 1/20 [00:08<02:05,  6.58s/it, avg_loss=1.0908, num_batches=14/60, num_samples=14]
      Epoch 1 train:   5%|▌         | 1/20 [00:08<02:05,  6.58s/it, avg_loss=1.0863, num_batches=15/60, num_samples=15]
      Epoch 1 train:   5%|▌         | 1/20 [00:08<02:05,  6.58s/it, avg_loss=1.0515, num_batches=16/60, num_samples=16]
      Epoch 1 train:   5%|▌         | 1/20 [00:08<02:05,  6.58s/it, avg_loss=1.1235, num_batches=17/60, num_samples=17]
      Epoch 1 train:   5%|▌         | 1/20 [00:08<02:05,  6.58s/it, avg_loss=1.1339, num_batches=18/60, num_samples=18]
      Epoch 1 train:   5%|▌         | 1/20 [00:08<02:05,  6.58s/it, avg_loss=1.0954, num_batches=19/60, num_samples=19]
      Epoch 1 train:   5%|▌         | 1/20 [00:08<02:05,  6.58s/it, avg_loss=1.1062, num_batches=20/60, num_samples=20]
      Epoch 1 train:   5%|▌         | 1/20 [00:08<02:05,  6.58s/it, avg_loss=1.0733, num_batches=21/60, num_samples=21]
      Epoch 1 train:   5%|▌         | 1/20 [00:08<02:05,  6.58s/it, avg_loss=1.1169, num_batches=22/60, num_samples=22]
      Epoch 1 train:   5%|▌         | 1/20 [00:08<02:05,  6.58s/it, avg_loss=1.1178, num_batches=23/60, num_samples=23]
      Epoch 1 train:   5%|▌         | 1/20 [00:08<02:05,  6.58s/it, avg_loss=1.1191, num_batches=24/60, num_samples=24]
      Epoch 1 train:   5%|▌         | 1/20 [00:08<02:05,  6.58s/it, avg_loss=1.1623, num_batches=25/60, num_samples=25]
      Epoch 1 train:   5%|▌         | 1/20 [00:08<02:05,  6.58s/it, avg_loss=1.1791, num_batches=26/60, num_samples=26]
      Epoch 1 train:   5%|▌         | 1/20 [00:09<02:05,  6.58s/it, avg_loss=1.1985, num_batches=27/60, num_samples=27]
      Epoch 1 train:   5%|▌         | 1/20 [00:09<02:05,  6.58s/it, avg_loss=1.1763, num_batches=28/60, num_samples=28]
      Epoch 1 train:   5%|▌         | 1/20 [00:09<02:05,  6.58s/it, avg_loss=1.1718, num_batches=29/60, num_samples=29]
      Epoch 1 train:   5%|▌         | 1/20 [00:09<02:05,  6.58s/it, avg_loss=1.1617, num_batches=30/60, num_samples=30]
      Epoch 1 train:   5%|▌         | 1/20 [00:09<02:05,  6.58s/it, avg_loss=1.1859, num_batches=31/60, num_samples=31]
      Epoch 1 train:   5%|▌         | 1/20 [00:09<02:05,  6.58s/it, avg_loss=1.1647, num_batches=32/60, num_samples=32]
      Epoch 1 train:   5%|▌         | 1/20 [00:09<02:05,  6.58s/it, avg_loss=1.2122, num_batches=33/60, num_samples=33]
      Epoch 1 train:   5%|▌         | 1/20 [00:09<02:05,  6.58s/it, avg_loss=1.1830, num_batches=34/60, num_samples=34]
      Epoch 1 train:   5%|▌         | 1/20 [00:09<02:05,  6.58s/it, avg_loss=1.1547, num_batches=35/60, num_samples=35]
      Epoch 1 train:   5%|▌         | 1/20 [00:09<02:05,  6.58s/it, avg_loss=1.1968, num_batches=36/60, num_samples=36]
      Epoch 1 train:   5%|▌         | 1/20 [00:09<02:05,  6.58s/it, avg_loss=1.2352, num_batches=37/60, num_samples=37]
      Epoch 1 train:   5%|▌         | 1/20 [00:09<02:05,  6.58s/it, avg_loss=1.2078, num_batches=38/60, num_samples=38]
      Epoch 1 train:   5%|▌         | 1/20 [00:09<02:05,  6.58s/it, avg_loss=1.2310, num_batches=39/60, num_samples=39]
      Epoch 1 train:   5%|▌         | 1/20 [00:09<02:05,  6.58s/it, avg_loss=1.2048, num_batches=40/60, num_samples=40]
      Epoch 1 train:   5%|▌         | 1/20 [00:09<02:05,  6.58s/it, avg_loss=1.2238, num_batches=41/60, num_samples=41]
      Epoch 1 train:   5%|▌         | 1/20 [00:09<02:05,  6.58s/it, avg_loss=1.2029, num_batches=42/60, num_samples=42]
      Epoch 1 train:   5%|▌         | 1/20 [00:09<02:05,  6.58s/it, avg_loss=1.2365, num_batches=43/60, num_samples=43]
      Epoch 1 train:   5%|▌         | 1/20 [00:10<02:05,  6.58s/it, avg_loss=1.2308, num_batches=44/60, num_samples=44]
      Epoch 1 train:   5%|▌         | 1/20 [00:10<02:05,  6.58s/it, avg_loss=1.2588, num_batches=45/60, num_samples=45]
      Epoch 1 train:   5%|▌         | 1/20 [00:10<02:05,  6.58s/it, avg_loss=1.2823, num_batches=46/60, num_samples=46]
      Epoch 1 train:   5%|▌         | 1/20 [00:10<02:05,  6.58s/it, avg_loss=1.3007, num_batches=47/60, num_samples=47]
      Epoch 1 train:   5%|▌         | 1/20 [00:10<02:05,  6.58s/it, avg_loss=1.2828, num_batches=48/60, num_samples=48]
      Epoch 1 train:   5%|▌         | 1/20 [00:10<02:05,  6.58s/it, avg_loss=1.2913, num_batches=49/60, num_samples=49]
      Epoch 1 train:   5%|▌         | 1/20 [00:10<02:05,  6.58s/it, avg_loss=1.2752, num_batches=50/60, num_samples=50]
      Epoch 1 train:   5%|▌         | 1/20 [00:10<02:05,  6.58s/it, avg_loss=1.2595, num_batches=51/60, num_samples=51]
      Epoch 1 train:   5%|▌         | 1/20 [00:10<02:05,  6.58s/it, avg_loss=1.2560, num_batches=52/60, num_samples=52]
      Epoch 1 train:   5%|▌         | 1/20 [00:10<02:05,  6.58s/it, avg_loss=1.2443, num_batches=53/60, num_samples=53]
      Epoch 1 train:   5%|▌         | 1/20 [00:10<02:05,  6.58s/it, avg_loss=1.2715, num_batches=54/60, num_samples=54]
      Epoch 1 train:   5%|▌         | 1/20 [00:10<02:05,  6.58s/it, avg_loss=1.2622, num_batches=55/60, num_samples=55]
      Epoch 1 train:   5%|▌         | 1/20 [00:10<02:05,  6.58s/it, avg_loss=1.2518, num_batches=56/60, num_samples=56]
      Epoch 1 train:   5%|▌         | 1/20 [00:10<02:05,  6.58s/it, avg_loss=1.2425, num_batches=57/60, num_samples=57]
      Epoch 1 train:   5%|▌         | 1/20 [00:10<02:05,  6.58s/it, avg_loss=1.2601, num_batches=58/60, num_samples=58]
      Epoch 1 train:   5%|▌         | 1/20 [00:10<02:05,  6.58s/it, avg_loss=1.2886, num_batches=59/60, num_samples=59]
      Epoch 1 train:   5%|▌         | 1/20 [00:10<02:05,  6.58s/it, avg_loss=1.3121, num_batches=60/60, num_samples=60]
      Epoch 1 val:   5%|▌         | 1/20 [00:11<02:05,  6.58s/it, avg_loss=1.3121, num_batches=60/60, num_samples=60]  
      Epoch 1 val:   5%|▌         | 1/20 [00:11<02:05,  6.58s/it, avg_loss=2.9002, num_batches=1/15, num_samples=1]  
      Epoch 1 val:   5%|▌         | 1/20 [00:11<02:05,  6.58s/it, avg_loss=2.9467, num_batches=2/15, num_samples=2]
      Epoch 1 val:   5%|▌         | 1/20 [00:11<02:05,  6.58s/it, avg_loss=2.9175, num_batches=3/15, num_samples=3]
      Epoch 1 val:   5%|▌         | 1/20 [00:11<02:05,  6.58s/it, avg_loss=2.5622, num_batches=4/15, num_samples=4]
      Epoch 1 val:   5%|▌         | 1/20 [00:11<02:05,  6.58s/it, avg_loss=2.1093, num_batches=5/15, num_samples=5]
      Epoch 1 val:   5%|▌         | 1/20 [00:11<02:05,  6.58s/it, avg_loss=2.0097, num_batches=6/15, num_samples=6]
      Epoch 1 val:   5%|▌         | 1/20 [00:11<02:05,  6.58s/it, avg_loss=1.7765, num_batches=7/15, num_samples=7]
      Epoch 1 val:   5%|▌         | 1/20 [00:11<02:05,  6.58s/it, avg_loss=1.7261, num_batches=8/15, num_samples=8]
      Epoch 1 val:   5%|▌         | 1/20 [00:11<02:05,  6.58s/it, avg_loss=1.6999, num_batches=9/15, num_samples=9]
      Epoch 1 val:   5%|▌         | 1/20 [00:11<02:05,  6.58s/it, avg_loss=1.7833, num_batches=10/15, num_samples=10]
      Epoch 1 val:   5%|▌         | 1/20 [00:11<02:05,  6.58s/it, avg_loss=1.8756, num_batches=11/15, num_samples=11]
      Epoch 1 val:   5%|▌         | 1/20 [00:11<02:05,  6.58s/it, avg_loss=1.7476, num_batches=12/15, num_samples=12]
      Epoch 1 val:   5%|▌         | 1/20 [00:11<02:05,  6.58s/it, avg_loss=1.7150, num_batches=13/15, num_samples=13]
      Epoch 1 val:   5%|▌         | 1/20 [00:11<02:05,  6.58s/it, avg_loss=1.6278, num_batches=14/15, num_samples=14]
      Epoch 1 val:   5%|▌         | 1/20 [00:11<02:05,  6.58s/it, avg_loss=1.5447, num_batches=15/15, num_samples=15]
      Epoch 1 val:  10%|█         | 2/20 [00:11<01:42,  5.68s/it, avg_loss=1.5447, num_batches=15/15, num_samples=15]
      Epoch 2 train:  10%|█         | 2/20 [00:11<01:42,  5.68s/it, avg_loss=1.5447, num_batches=15/15, num_samples=15]
      Epoch 2 train:  10%|█         | 2/20 [00:11<01:42,  5.68s/it, avg_loss=2.7701, num_batches=1/60, num_samples=1]  
      Epoch 2 train:  10%|█         | 2/20 [00:11<01:42,  5.68s/it, avg_loss=1.5250, num_batches=2/60, num_samples=2]
      Epoch 2 train:  10%|█         | 2/20 [00:11<01:42,  5.68s/it, avg_loss=1.6860, num_batches=3/60, num_samples=3]
      Epoch 2 train:  10%|█         | 2/20 [00:12<01:42,  5.68s/it, avg_loss=1.3507, num_batches=4/60, num_samples=4]
      Epoch 2 train:  10%|█         | 2/20 [00:12<01:42,  5.68s/it, avg_loss=1.3881, num_batches=5/60, num_samples=5]
      Epoch 2 train:  10%|█         | 2/20 [00:12<01:42,  5.68s/it, avg_loss=1.3775, num_batches=6/60, num_samples=6]
      Epoch 2 train:  10%|█         | 2/20 [00:12<01:42,  5.68s/it, avg_loss=1.2518, num_batches=7/60, num_samples=7]
      Epoch 2 train:  10%|█         | 2/20 [00:12<01:42,  5.68s/it, avg_loss=1.1842, num_batches=8/60, num_samples=8]
      Epoch 2 train:  10%|█         | 2/20 [00:12<01:42,  5.68s/it, avg_loss=1.1292, num_batches=9/60, num_samples=9]
      Epoch 2 train:  10%|█         | 2/20 [00:12<01:42,  5.68s/it, avg_loss=1.0964, num_batches=10/60, num_samples=10]
      Epoch 2 train:  10%|█         | 2/20 [00:12<01:42,  5.68s/it, avg_loss=1.2533, num_batches=11/60, num_samples=11]
      Epoch 2 train:  10%|█         | 2/20 [00:12<01:42,  5.68s/it, avg_loss=1.3702, num_batches=12/60, num_samples=12]
      Epoch 2 train:  10%|█         | 2/20 [00:12<01:42,  5.68s/it, avg_loss=1.3192, num_batches=13/60, num_samples=13]
      Epoch 2 train:  10%|█         | 2/20 [00:12<01:42,  5.68s/it, avg_loss=1.3944, num_batches=14/60, num_samples=14]
      Epoch 2 train:  10%|█         | 2/20 [00:12<01:42,  5.68s/it, avg_loss=1.3332, num_batches=15/60, num_samples=15]
      Epoch 2 train:  10%|█         | 2/20 [00:12<01:42,  5.68s/it, avg_loss=1.2834, num_batches=16/60, num_samples=16]
      Epoch 2 train:  10%|█         | 2/20 [00:12<01:42,  5.68s/it, avg_loss=1.3453, num_batches=17/60, num_samples=17]
      Epoch 2 train:  10%|█         | 2/20 [00:12<01:42,  5.68s/it, avg_loss=1.3393, num_batches=18/60, num_samples=18]
      Epoch 2 train:  10%|█         | 2/20 [00:12<01:42,  5.68s/it, avg_loss=1.2902, num_batches=19/60, num_samples=19]
      Epoch 2 train:  10%|█         | 2/20 [00:12<01:42,  5.68s/it, avg_loss=1.2814, num_batches=20/60, num_samples=20]
      Epoch 2 train:  10%|█         | 2/20 [00:12<01:42,  5.68s/it, avg_loss=1.2765, num_batches=21/60, num_samples=21]
      Epoch 2 train:  10%|█         | 2/20 [00:12<01:42,  5.68s/it, avg_loss=1.2929, num_batches=22/60, num_samples=22]
      Epoch 2 train:  10%|█         | 2/20 [00:12<01:42,  5.68s/it, avg_loss=1.2810, num_batches=23/60, num_samples=23]
      Epoch 2 train:  10%|█         | 2/20 [00:12<01:42,  5.68s/it, avg_loss=1.2662, num_batches=24/60, num_samples=24]
      Epoch 2 train:  10%|█         | 2/20 [00:12<01:42,  5.68s/it, avg_loss=1.2604, num_batches=25/60, num_samples=25]
      Epoch 2 train:  10%|█         | 2/20 [00:13<01:42,  5.68s/it, avg_loss=1.2552, num_batches=26/60, num_samples=26]
      Epoch 2 train:  10%|█         | 2/20 [00:13<01:42,  5.68s/it, avg_loss=1.2471, num_batches=27/60, num_samples=27]
      Epoch 2 train:  10%|█         | 2/20 [00:13<01:42,  5.68s/it, avg_loss=1.2273, num_batches=28/60, num_samples=28]
      Epoch 2 train:  10%|█         | 2/20 [00:13<01:42,  5.68s/it, avg_loss=1.2382, num_batches=29/60, num_samples=29]
      Epoch 2 train:  10%|█         | 2/20 [00:13<01:42,  5.68s/it, avg_loss=1.2184, num_batches=30/60, num_samples=30]
      Epoch 2 train:  10%|█         | 2/20 [00:13<01:42,  5.68s/it, avg_loss=1.2096, num_batches=31/60, num_samples=31]
      Epoch 2 train:  10%|█         | 2/20 [00:13<01:42,  5.68s/it, avg_loss=1.1976, num_batches=32/60, num_samples=32]
      Epoch 2 train:  10%|█         | 2/20 [00:13<01:42,  5.68s/it, avg_loss=1.1690, num_batches=33/60, num_samples=33]
      Epoch 2 train:  10%|█         | 2/20 [00:13<01:42,  5.68s/it, avg_loss=1.1591, num_batches=34/60, num_samples=34]
      Epoch 2 train:  10%|█         | 2/20 [00:13<01:42,  5.68s/it, avg_loss=1.1418, num_batches=35/60, num_samples=35]
      Epoch 2 train:  10%|█         | 2/20 [00:13<01:42,  5.68s/it, avg_loss=1.1220, num_batches=36/60, num_samples=36]
      Epoch 2 train:  10%|█         | 2/20 [00:13<01:42,  5.68s/it, avg_loss=1.1025, num_batches=37/60, num_samples=37]
      Epoch 2 train:  10%|█         | 2/20 [00:13<01:42,  5.68s/it, avg_loss=1.0847, num_batches=38/60, num_samples=38]
      Epoch 2 train:  10%|█         | 2/20 [00:13<01:42,  5.68s/it, avg_loss=1.0642, num_batches=39/60, num_samples=39]
      Epoch 2 train:  10%|█         | 2/20 [00:13<01:42,  5.68s/it, avg_loss=1.0423, num_batches=40/60, num_samples=40]
      Epoch 2 train:  10%|█         | 2/20 [00:13<01:42,  5.68s/it, avg_loss=1.0772, num_batches=41/60, num_samples=41]
      Epoch 2 train:  10%|█         | 2/20 [00:13<01:42,  5.68s/it, avg_loss=1.0542, num_batches=42/60, num_samples=42]
      Epoch 2 train:  10%|█         | 2/20 [00:14<01:42,  5.68s/it, avg_loss=1.0326, num_batches=43/60, num_samples=43]
      Epoch 2 train:  10%|█         | 2/20 [00:14<01:42,  5.68s/it, avg_loss=1.0678, num_batches=44/60, num_samples=44]
      Epoch 2 train:  10%|█         | 2/20 [00:14<01:42,  5.68s/it, avg_loss=1.0876, num_batches=45/60, num_samples=45]
      Epoch 2 train:  10%|█         | 2/20 [00:14<01:42,  5.68s/it, avg_loss=1.1166, num_batches=46/60, num_samples=46]
      Epoch 2 train:  10%|█         | 2/20 [00:14<01:42,  5.68s/it, avg_loss=1.1439, num_batches=47/60, num_samples=47]
      Epoch 2 train:  10%|█         | 2/20 [00:14<01:42,  5.68s/it, avg_loss=1.1724, num_batches=48/60, num_samples=48]
      Epoch 2 train:  10%|█         | 2/20 [00:14<01:42,  5.68s/it, avg_loss=1.1554, num_batches=49/60, num_samples=49]
      Epoch 2 train:  10%|█         | 2/20 [00:14<01:42,  5.68s/it, avg_loss=1.1541, num_batches=50/60, num_samples=50]
      Epoch 2 train:  10%|█         | 2/20 [00:14<01:42,  5.68s/it, avg_loss=1.1509, num_batches=51/60, num_samples=51]
      Epoch 2 train:  10%|█         | 2/20 [00:14<01:42,  5.68s/it, avg_loss=1.1724, num_batches=52/60, num_samples=52]
      Epoch 2 train:  10%|█         | 2/20 [00:14<01:42,  5.68s/it, avg_loss=1.1636, num_batches=53/60, num_samples=53]
      Epoch 2 train:  10%|█         | 2/20 [00:14<01:42,  5.68s/it, avg_loss=1.1530, num_batches=54/60, num_samples=54]
      Epoch 2 train:  10%|█         | 2/20 [00:14<01:42,  5.68s/it, avg_loss=1.1734, num_batches=55/60, num_samples=55]
      Epoch 2 train:  10%|█         | 2/20 [00:14<01:42,  5.68s/it, avg_loss=1.1999, num_batches=56/60, num_samples=56]
      Epoch 2 train:  10%|█         | 2/20 [00:14<01:42,  5.68s/it, avg_loss=1.2227, num_batches=57/60, num_samples=57]
      Epoch 2 train:  10%|█         | 2/20 [00:14<01:42,  5.68s/it, avg_loss=1.2468, num_batches=58/60, num_samples=58]
      Epoch 2 train:  10%|█         | 2/20 [00:14<01:42,  5.68s/it, avg_loss=1.2283, num_batches=59/60, num_samples=59]
      Epoch 2 train:  10%|█         | 2/20 [00:14<01:42,  5.68s/it, avg_loss=1.2300, num_batches=60/60, num_samples=60]
      Epoch 2 val:  10%|█         | 2/20 [00:15<01:42,  5.68s/it, avg_loss=1.2300, num_batches=60/60, num_samples=60]  
      Epoch 2 val:  10%|█         | 2/20 [00:15<01:42,  5.68s/it, avg_loss=1.2074, num_batches=1/15, num_samples=1]  
      Epoch 2 val:  10%|█         | 2/20 [00:15<01:42,  5.68s/it, avg_loss=1.2956, num_batches=2/15, num_samples=2]
      Epoch 2 val:  10%|█         | 2/20 [00:15<01:42,  5.68s/it, avg_loss=0.9916, num_batches=3/15, num_samples=3]
      Epoch 2 val:  10%|█         | 2/20 [00:15<01:42,  5.68s/it, avg_loss=1.4549, num_batches=4/15, num_samples=4]
      Epoch 2 val:  10%|█         | 2/20 [00:15<01:42,  5.68s/it, avg_loss=1.2442, num_batches=5/15, num_samples=5]
      Epoch 2 val:  10%|█         | 2/20 [00:15<01:42,  5.68s/it, avg_loss=1.3853, num_batches=6/15, num_samples=6]
      Epoch 2 val:  10%|█         | 2/20 [00:15<01:42,  5.68s/it, avg_loss=1.2161, num_batches=7/15, num_samples=7]
      Epoch 2 val:  10%|█         | 2/20 [00:15<01:42,  5.68s/it, avg_loss=1.2597, num_batches=8/15, num_samples=8]
      Epoch 2 val:  10%|█         | 2/20 [00:15<01:42,  5.68s/it, avg_loss=1.4011, num_batches=9/15, num_samples=9]
      Epoch 2 val:  10%|█         | 2/20 [00:15<01:42,  5.68s/it, avg_loss=1.4738, num_batches=10/15, num_samples=10]
      Epoch 2 val:  10%|█         | 2/20 [00:15<01:42,  5.68s/it, avg_loss=1.4970, num_batches=11/15, num_samples=11]
      Epoch 2 val:  10%|█         | 2/20 [00:15<01:42,  5.68s/it, avg_loss=1.5878, num_batches=12/15, num_samples=12]
      Epoch 2 val:  10%|█         | 2/20 [00:15<01:42,  5.68s/it, avg_loss=1.4950, num_batches=13/15, num_samples=13]
      Epoch 2 val:  10%|█         | 2/20 [00:15<01:42,  5.68s/it, avg_loss=1.5890, num_batches=14/15, num_samples=14]
      Epoch 2 val:  10%|█         | 2/20 [00:15<01:42,  5.68s/it, avg_loss=1.5097, num_batches=15/15, num_samples=15]
      Epoch 2 val:  15%|█▌        | 3/20 [00:15<01:23,  4.93s/it, avg_loss=1.5097, num_batches=15/15, num_samples=15]
      Epoch 3 train:  15%|█▌        | 3/20 [00:15<01:23,  4.93s/it, avg_loss=1.5097, num_batches=15/15, num_samples=15]
      Epoch 3 train:  15%|█▌        | 3/20 [00:15<01:23,  4.93s/it, avg_loss=0.2598, num_batches=1/60, num_samples=1]  
      Epoch 3 train:  15%|█▌        | 3/20 [00:16<01:23,  4.93s/it, avg_loss=1.2916, num_batches=2/60, num_samples=2]
      Epoch 3 train:  15%|█▌        | 3/20 [00:16<01:23,  4.93s/it, avg_loss=1.0081, num_batches=3/60, num_samples=3]
      Epoch 3 train:  15%|█▌        | 3/20 [00:16<01:23,  4.93s/it, avg_loss=0.9460, num_batches=4/60, num_samples=4]
      Epoch 3 train:  15%|█▌        | 3/20 [00:16<01:23,  4.93s/it, avg_loss=0.8931, num_batches=5/60, num_samples=5]
      Epoch 3 train:  15%|█▌        | 3/20 [00:16<01:23,  4.93s/it, avg_loss=1.0991, num_batches=6/60, num_samples=6]
      Epoch 3 train:  15%|█▌        | 3/20 [00:16<01:23,  4.93s/it, avg_loss=0.9876, num_batches=7/60, num_samples=7]
      Epoch 3 train:  15%|█▌        | 3/20 [00:16<01:23,  4.93s/it, avg_loss=1.1190, num_batches=8/60, num_samples=8]
      Epoch 3 train:  15%|█▌        | 3/20 [00:16<01:23,  4.93s/it, avg_loss=1.2374, num_batches=9/60, num_samples=9]
      Epoch 3 train:  15%|█▌        | 3/20 [00:16<01:23,  4.93s/it, avg_loss=1.2610, num_batches=10/60, num_samples=10]
      Epoch 3 train:  15%|█▌        | 3/20 [00:16<01:23,  4.93s/it, avg_loss=1.3234, num_batches=11/60, num_samples=11]
      Epoch 3 train:  15%|█▌        | 3/20 [00:16<01:23,  4.93s/it, avg_loss=1.2335, num_batches=12/60, num_samples=12]
      Epoch 3 train:  15%|█▌        | 3/20 [00:16<01:23,  4.93s/it, avg_loss=1.2169, num_batches=13/60, num_samples=13]
      Epoch 3 train:  15%|█▌        | 3/20 [00:16<01:23,  4.93s/it, avg_loss=1.2168, num_batches=14/60, num_samples=14]
      Epoch 3 train:  15%|█▌        | 3/20 [00:16<01:23,  4.93s/it, avg_loss=1.2327, num_batches=15/60, num_samples=15]
      Epoch 3 train:  15%|█▌        | 3/20 [00:16<01:23,  4.93s/it, avg_loss=1.1964, num_batches=16/60, num_samples=16]
      Epoch 3 train:  15%|█▌        | 3/20 [00:16<01:23,  4.93s/it, avg_loss=1.1988, num_batches=17/60, num_samples=17]
      Epoch 3 train:  15%|█▌        | 3/20 [00:16<01:23,  4.93s/it, avg_loss=1.2209, num_batches=18/60, num_samples=18]
      Epoch 3 train:  15%|█▌        | 3/20 [00:17<01:23,  4.93s/it, avg_loss=1.2200, num_batches=19/60, num_samples=19]
      Epoch 3 train:  15%|█▌        | 3/20 [00:17<01:23,  4.93s/it, avg_loss=1.1793, num_batches=20/60, num_samples=20]
      Epoch 3 train:  15%|█▌        | 3/20 [00:17<01:23,  4.93s/it, avg_loss=1.1706, num_batches=21/60, num_samples=21]
      Epoch 3 train:  15%|█▌        | 3/20 [00:17<01:23,  4.93s/it, avg_loss=1.1639, num_batches=22/60, num_samples=22]
      Epoch 3 train:  15%|█▌        | 3/20 [00:17<01:23,  4.93s/it, avg_loss=1.2008, num_batches=23/60, num_samples=23]
      Epoch 3 train:  15%|█▌        | 3/20 [00:17<01:23,  4.93s/it, avg_loss=1.1783, num_batches=24/60, num_samples=24]
      Epoch 3 train:  15%|█▌        | 3/20 [00:17<01:23,  4.93s/it, avg_loss=1.1910, num_batches=25/60, num_samples=25]
      Epoch 3 train:  15%|█▌        | 3/20 [00:17<01:23,  4.93s/it, avg_loss=1.1697, num_batches=26/60, num_samples=26]
      Epoch 3 train:  15%|█▌        | 3/20 [00:17<01:23,  4.93s/it, avg_loss=1.1349, num_batches=27/60, num_samples=27]
      Epoch 3 train:  15%|█▌        | 3/20 [00:17<01:23,  4.93s/it, avg_loss=1.1157, num_batches=28/60, num_samples=28]
      Epoch 3 train:  15%|█▌        | 3/20 [00:17<01:23,  4.93s/it, avg_loss=1.1083, num_batches=29/60, num_samples=29]
      Epoch 3 train:  15%|█▌        | 3/20 [00:17<01:23,  4.93s/it, avg_loss=1.0885, num_batches=30/60, num_samples=30]
      Epoch 3 train:  15%|█▌        | 3/20 [00:17<01:23,  4.93s/it, avg_loss=1.1021, num_batches=31/60, num_samples=31]
      Epoch 3 train:  15%|█▌        | 3/20 [00:17<01:23,  4.93s/it, avg_loss=1.0769, num_batches=32/60, num_samples=32]
      Epoch 3 train:  15%|█▌        | 3/20 [00:17<01:23,  4.93s/it, avg_loss=1.0825, num_batches=33/60, num_samples=33]
      Epoch 3 train:  15%|█▌        | 3/20 [00:17<01:23,  4.93s/it, avg_loss=1.0884, num_batches=34/60, num_samples=34]
      Epoch 3 train:  15%|█▌        | 3/20 [00:17<01:23,  4.93s/it, avg_loss=1.1012, num_batches=35/60, num_samples=35]
      Epoch 3 train:  15%|█▌        | 3/20 [00:17<01:23,  4.93s/it, avg_loss=1.1032, num_batches=36/60, num_samples=36]
      Epoch 3 train:  15%|█▌        | 3/20 [00:17<01:23,  4.93s/it, avg_loss=1.0959, num_batches=37/60, num_samples=37]
      Epoch 3 train:  15%|█▌        | 3/20 [00:17<01:23,  4.93s/it, avg_loss=1.0822, num_batches=38/60, num_samples=38]
      Epoch 3 train:  15%|█▌        | 3/20 [00:18<01:23,  4.93s/it, avg_loss=1.0830, num_batches=39/60, num_samples=39]
      Epoch 3 train:  15%|█▌        | 3/20 [00:18<01:23,  4.93s/it, avg_loss=1.0874, num_batches=40/60, num_samples=40]
      Epoch 3 train:  15%|█▌        | 3/20 [00:18<01:23,  4.93s/it, avg_loss=1.0975, num_batches=41/60, num_samples=41]
      Epoch 3 train:  15%|█▌        | 3/20 [00:18<01:23,  4.93s/it, avg_loss=1.0945, num_batches=42/60, num_samples=42]
      Epoch 3 train:  15%|█▌        | 3/20 [00:18<01:23,  4.93s/it, avg_loss=1.0962, num_batches=43/60, num_samples=43]
      Epoch 3 train:  15%|█▌        | 3/20 [00:18<01:23,  4.93s/it, avg_loss=1.0989, num_batches=44/60, num_samples=44]
      Epoch 3 train:  15%|█▌        | 3/20 [00:18<01:23,  4.93s/it, avg_loss=1.1019, num_batches=45/60, num_samples=45]
      Epoch 3 train:  15%|█▌        | 3/20 [00:18<01:23,  4.93s/it, avg_loss=1.1142, num_batches=46/60, num_samples=46]
      Epoch 3 train:  15%|█▌        | 3/20 [00:18<01:23,  4.93s/it, avg_loss=1.1047, num_batches=47/60, num_samples=47]
      Epoch 3 train:  15%|█▌        | 3/20 [00:18<01:23,  4.93s/it, avg_loss=1.0913, num_batches=48/60, num_samples=48]
      Epoch 3 train:  15%|█▌        | 3/20 [00:18<01:23,  4.93s/it, avg_loss=1.0762, num_batches=49/60, num_samples=49]
      Epoch 3 train:  15%|█▌        | 3/20 [00:18<01:23,  4.93s/it, avg_loss=1.0750, num_batches=50/60, num_samples=50]
      Epoch 3 train:  15%|█▌        | 3/20 [00:18<01:23,  4.93s/it, avg_loss=1.0659, num_batches=51/60, num_samples=51]
      Epoch 3 train:  15%|█▌        | 3/20 [00:18<01:23,  4.93s/it, avg_loss=1.0538, num_batches=52/60, num_samples=52]
      Epoch 3 train:  15%|█▌        | 3/20 [00:18<01:23,  4.93s/it, avg_loss=1.0628, num_batches=53/60, num_samples=53]
      Epoch 3 train:  15%|█▌        | 3/20 [00:18<01:23,  4.93s/it, avg_loss=1.0547, num_batches=54/60, num_samples=54]
      Epoch 3 train:  15%|█▌        | 3/20 [00:18<01:23,  4.93s/it, avg_loss=1.0808, num_batches=55/60, num_samples=55]
      Epoch 3 train:  15%|█▌        | 3/20 [00:18<01:23,  4.93s/it, avg_loss=1.0684, num_batches=56/60, num_samples=56]
      Epoch 3 train:  15%|█▌        | 3/20 [00:18<01:23,  4.93s/it, avg_loss=1.0616, num_batches=57/60, num_samples=57]
      Epoch 3 train:  15%|█▌        | 3/20 [00:18<01:23,  4.93s/it, avg_loss=1.0561, num_batches=58/60, num_samples=58]
      Epoch 3 train:  15%|█▌        | 3/20 [00:18<01:23,  4.93s/it, avg_loss=1.0517, num_batches=59/60, num_samples=59]
      Epoch 3 train:  15%|█▌        | 3/20 [00:19<01:23,  4.93s/it, avg_loss=1.0508, num_batches=60/60, num_samples=60]
      Epoch 3 val:  15%|█▌        | 3/20 [00:19<01:23,  4.93s/it, avg_loss=1.0508, num_batches=60/60, num_samples=60]  
      Epoch 3 val:  15%|█▌        | 3/20 [00:19<01:23,  4.93s/it, avg_loss=1.6125, num_batches=1/15, num_samples=1]  
      Epoch 3 val:  15%|█▌        | 3/20 [00:19<01:23,  4.93s/it, avg_loss=1.5873, num_batches=2/15, num_samples=2]
      Epoch 3 val:  15%|█▌        | 3/20 [00:19<01:23,  4.93s/it, avg_loss=1.8466, num_batches=3/15, num_samples=3]
      Epoch 3 val:  15%|█▌        | 3/20 [00:19<01:23,  4.93s/it, avg_loss=1.5280, num_batches=4/15, num_samples=4]
      Epoch 3 val:  15%|█▌        | 3/20 [00:19<01:23,  4.93s/it, avg_loss=1.2728, num_batches=5/15, num_samples=5]
      Epoch 3 val:  15%|█▌        | 3/20 [00:19<01:23,  4.93s/it, avg_loss=1.2098, num_batches=6/15, num_samples=6]
      Epoch 3 val:  15%|█▌        | 3/20 [00:19<01:23,  4.93s/it, avg_loss=1.2215, num_batches=7/15, num_samples=7]
      Epoch 3 val:  15%|█▌        | 3/20 [00:19<01:23,  4.93s/it, avg_loss=1.2575, num_batches=8/15, num_samples=8]
      Epoch 3 val:  15%|█▌        | 3/20 [00:19<01:23,  4.93s/it, avg_loss=1.2413, num_batches=9/15, num_samples=9]
      Epoch 3 val:  15%|█▌        | 3/20 [00:19<01:23,  4.93s/it, avg_loss=1.2568, num_batches=10/15, num_samples=10]
      Epoch 3 val:  15%|█▌        | 3/20 [00:19<01:23,  4.93s/it, avg_loss=1.2715, num_batches=11/15, num_samples=11]
      Epoch 3 val:  15%|█▌        | 3/20 [00:19<01:23,  4.93s/it, avg_loss=1.2534, num_batches=12/15, num_samples=12]
      Epoch 3 val:  15%|█▌        | 3/20 [00:19<01:23,  4.93s/it, avg_loss=1.2214, num_batches=13/15, num_samples=13]
      Epoch 3 val:  15%|█▌        | 3/20 [00:19<01:23,  4.93s/it, avg_loss=1.2069, num_batches=14/15, num_samples=14]
      Epoch 3 val:  15%|█▌        | 3/20 [00:19<01:23,  4.93s/it, avg_loss=1.2305, num_batches=15/15, num_samples=15]
      Epoch 3 val:  20%|██        | 4/20 [00:19<01:14,  4.65s/it, avg_loss=1.2305, num_batches=15/15, num_samples=15]
      Epoch 4 train:  20%|██        | 4/20 [00:19<01:14,  4.65s/it, avg_loss=1.2305, num_batches=15/15, num_samples=15]
      Epoch 4 train:  20%|██        | 4/20 [00:20<01:14,  4.65s/it, avg_loss=0.8296, num_batches=1/60, num_samples=1]  
      Epoch 4 train:  20%|██        | 4/20 [00:20<01:14,  4.65s/it, avg_loss=0.9845, num_batches=2/60, num_samples=2]
      Epoch 4 train:  20%|██        | 4/20 [00:20<01:14,  4.65s/it, avg_loss=1.1231, num_batches=3/60, num_samples=3]
      Epoch 4 train:  20%|██        | 4/20 [00:20<01:14,  4.65s/it, avg_loss=1.0038, num_batches=4/60, num_samples=4]
      Epoch 4 train:  20%|██        | 4/20 [00:20<01:14,  4.65s/it, avg_loss=1.0669, num_batches=5/60, num_samples=5]
      Epoch 4 train:  20%|██        | 4/20 [00:20<01:14,  4.65s/it, avg_loss=0.9826, num_batches=6/60, num_samples=6]
      Epoch 4 train:  20%|██        | 4/20 [00:20<01:14,  4.65s/it, avg_loss=0.8751, num_batches=7/60, num_samples=7]
      Epoch 4 train:  20%|██        | 4/20 [00:20<01:14,  4.65s/it, avg_loss=0.8328, num_batches=8/60, num_samples=8]
      Epoch 4 train:  20%|██        | 4/20 [00:20<01:14,  4.65s/it, avg_loss=0.8675, num_batches=9/60, num_samples=9]
      Epoch 4 train:  20%|██        | 4/20 [00:20<01:14,  4.65s/it, avg_loss=0.8688, num_batches=10/60, num_samples=10]
      Epoch 4 train:  20%|██        | 4/20 [00:20<01:14,  4.65s/it, avg_loss=0.8409, num_batches=11/60, num_samples=11]
      Epoch 4 train:  20%|██        | 4/20 [00:20<01:14,  4.65s/it, avg_loss=0.7773, num_batches=12/60, num_samples=12]
      Epoch 4 train:  20%|██        | 4/20 [00:20<01:14,  4.65s/it, avg_loss=0.7578, num_batches=13/60, num_samples=13]
      Epoch 4 train:  20%|██        | 4/20 [00:20<01:14,  4.65s/it, avg_loss=0.7886, num_batches=14/60, num_samples=14]
      Epoch 4 train:  20%|██        | 4/20 [00:20<01:14,  4.65s/it, avg_loss=0.7692, num_batches=15/60, num_samples=15]
      Epoch 4 train:  20%|██        | 4/20 [00:20<01:14,  4.65s/it, avg_loss=0.7869, num_batches=16/60, num_samples=16]
      Epoch 4 train:  20%|██        | 4/20 [00:20<01:14,  4.65s/it, avg_loss=0.8500, num_batches=17/60, num_samples=17]
      Epoch 4 train:  20%|██        | 4/20 [00:20<01:14,  4.65s/it, avg_loss=0.8052, num_batches=18/60, num_samples=18]
      Epoch 4 train:  20%|██        | 4/20 [00:20<01:14,  4.65s/it, avg_loss=0.7691, num_batches=19/60, num_samples=19]
      Epoch 4 train:  20%|██        | 4/20 [00:21<01:14,  4.65s/it, avg_loss=0.7769, num_batches=20/60, num_samples=20]
      Epoch 4 train:  20%|██        | 4/20 [00:21<01:14,  4.65s/it, avg_loss=0.7885, num_batches=21/60, num_samples=21]
      Epoch 4 train:  20%|██        | 4/20 [00:21<01:14,  4.65s/it, avg_loss=0.7612, num_batches=22/60, num_samples=22]
      Epoch 4 train:  20%|██        | 4/20 [00:21<01:14,  4.65s/it, avg_loss=0.8125, num_batches=23/60, num_samples=23]
      Epoch 4 train:  20%|██        | 4/20 [00:21<01:14,  4.65s/it, avg_loss=0.7963, num_batches=24/60, num_samples=24]
      Epoch 4 train:  20%|██        | 4/20 [00:21<01:14,  4.65s/it, avg_loss=0.8120, num_batches=25/60, num_samples=25]
      Epoch 4 train:  20%|██        | 4/20 [00:21<01:14,  4.65s/it, avg_loss=0.7896, num_batches=26/60, num_samples=26]
      Epoch 4 train:  20%|██        | 4/20 [00:21<01:14,  4.65s/it, avg_loss=0.7655, num_batches=27/60, num_samples=27]
      Epoch 4 train:  20%|██        | 4/20 [00:21<01:14,  4.65s/it, avg_loss=0.7472, num_batches=28/60, num_samples=28]
      Epoch 4 train:  20%|██        | 4/20 [00:21<01:14,  4.65s/it, avg_loss=0.7712, num_batches=29/60, num_samples=29]
      Epoch 4 train:  20%|██        | 4/20 [00:21<01:14,  4.65s/it, avg_loss=0.7697, num_batches=30/60, num_samples=30]
      Epoch 4 train:  20%|██        | 4/20 [00:21<01:14,  4.65s/it, avg_loss=0.7503, num_batches=31/60, num_samples=31]
      Epoch 4 train:  20%|██        | 4/20 [00:21<01:14,  4.65s/it, avg_loss=0.7557, num_batches=32/60, num_samples=32]
      Epoch 4 train:  20%|██        | 4/20 [00:21<01:14,  4.65s/it, avg_loss=0.7415, num_batches=33/60, num_samples=33]
      Epoch 4 train:  20%|██        | 4/20 [00:21<01:14,  4.65s/it, avg_loss=0.7198, num_batches=34/60, num_samples=34]
      Epoch 4 train:  20%|██        | 4/20 [00:21<01:14,  4.65s/it, avg_loss=0.7091, num_batches=35/60, num_samples=35]
      Epoch 4 train:  20%|██        | 4/20 [00:22<01:14,  4.65s/it, avg_loss=0.7000, num_batches=36/60, num_samples=36]
      Epoch 4 train:  20%|██        | 4/20 [00:22<01:14,  4.65s/it, avg_loss=0.7037, num_batches=37/60, num_samples=37]
      Epoch 4 train:  20%|██        | 4/20 [00:22<01:14,  4.65s/it, avg_loss=0.7531, num_batches=38/60, num_samples=38]
      Epoch 4 train:  20%|██        | 4/20 [00:22<01:14,  4.65s/it, avg_loss=0.7483, num_batches=39/60, num_samples=39]
      Epoch 4 train:  20%|██        | 4/20 [00:22<01:14,  4.65s/it, avg_loss=0.7401, num_batches=40/60, num_samples=40]
      Epoch 4 train:  20%|██        | 4/20 [00:22<01:14,  4.65s/it, avg_loss=0.7286, num_batches=41/60, num_samples=41]
      Epoch 4 train:  20%|██        | 4/20 [00:22<01:14,  4.65s/it, avg_loss=0.7115, num_batches=42/60, num_samples=42]
      Epoch 4 train:  20%|██        | 4/20 [00:22<01:14,  4.65s/it, avg_loss=0.7022, num_batches=43/60, num_samples=43]
      Epoch 4 train:  20%|██        | 4/20 [00:22<01:14,  4.65s/it, avg_loss=0.7202, num_batches=44/60, num_samples=44]
      Epoch 4 train:  20%|██        | 4/20 [00:22<01:14,  4.65s/it, avg_loss=0.7302, num_batches=45/60, num_samples=45]
      Epoch 4 train:  20%|██        | 4/20 [00:22<01:14,  4.65s/it, avg_loss=0.7145, num_batches=46/60, num_samples=46]
      Epoch 4 train:  20%|██        | 4/20 [00:22<01:14,  4.65s/it, avg_loss=0.7015, num_batches=47/60, num_samples=47]
      Epoch 4 train:  20%|██        | 4/20 [00:22<01:14,  4.65s/it, avg_loss=0.6894, num_batches=48/60, num_samples=48]
      Epoch 4 train:  20%|██        | 4/20 [00:22<01:14,  4.65s/it, avg_loss=0.6865, num_batches=49/60, num_samples=49]
      Epoch 4 train:  20%|██        | 4/20 [00:22<01:14,  4.65s/it, avg_loss=0.6769, num_batches=50/60, num_samples=50]
      Epoch 4 train:  20%|██        | 4/20 [00:22<01:14,  4.65s/it, avg_loss=0.6687, num_batches=51/60, num_samples=51]
      Epoch 4 train:  20%|██        | 4/20 [00:22<01:14,  4.65s/it, avg_loss=0.6586, num_batches=52/60, num_samples=52]
      Epoch 4 train:  20%|██        | 4/20 [00:22<01:14,  4.65s/it, avg_loss=0.6469, num_batches=53/60, num_samples=53]
      Epoch 4 train:  20%|██        | 4/20 [00:22<01:14,  4.65s/it, avg_loss=0.6527, num_batches=54/60, num_samples=54]
      Epoch 4 train:  20%|██        | 4/20 [00:22<01:14,  4.65s/it, avg_loss=0.6791, num_batches=55/60, num_samples=55]
      Epoch 4 train:  20%|██        | 4/20 [00:23<01:14,  4.65s/it, avg_loss=0.6728, num_batches=56/60, num_samples=56]
      Epoch 4 train:  20%|██        | 4/20 [00:23<01:14,  4.65s/it, avg_loss=0.6628, num_batches=57/60, num_samples=57]
      Epoch 4 train:  20%|██        | 4/20 [00:23<01:14,  4.65s/it, avg_loss=0.6762, num_batches=58/60, num_samples=58]
      Epoch 4 train:  20%|██        | 4/20 [00:23<01:14,  4.65s/it, avg_loss=0.6669, num_batches=59/60, num_samples=59]
      Epoch 4 train:  20%|██        | 4/20 [00:23<01:14,  4.65s/it, avg_loss=0.6705, num_batches=60/60, num_samples=60]
      Epoch 4 val:  20%|██        | 4/20 [00:23<01:14,  4.65s/it, avg_loss=0.6705, num_batches=60/60, num_samples=60]  
      Epoch 4 val:  20%|██        | 4/20 [00:23<01:14,  4.65s/it, avg_loss=2.4617, num_batches=1/15, num_samples=1]  
      Epoch 4 val:  20%|██        | 4/20 [00:23<01:14,  4.65s/it, avg_loss=2.9450, num_batches=2/15, num_samples=2]
      Epoch 4 val:  20%|██        | 4/20 [00:23<01:14,  4.65s/it, avg_loss=3.4660, num_batches=3/15, num_samples=3]
      Epoch 4 val:  20%|██        | 4/20 [00:23<01:14,  4.65s/it, avg_loss=2.6067, num_batches=4/15, num_samples=4]
      Epoch 4 val:  20%|██        | 4/20 [00:23<01:14,  4.65s/it, avg_loss=2.2638, num_batches=5/15, num_samples=5]
      Epoch 4 val:  20%|██        | 4/20 [00:23<01:14,  4.65s/it, avg_loss=2.3815, num_batches=6/15, num_samples=6]
      Epoch 4 val:  20%|██        | 4/20 [00:23<01:14,  4.65s/it, avg_loss=2.4010, num_batches=7/15, num_samples=7]
      Epoch 4 val:  20%|██        | 4/20 [00:23<01:14,  4.65s/it, avg_loss=2.1853, num_batches=8/15, num_samples=8]
      Epoch 4 val:  20%|██        | 4/20 [00:23<01:14,  4.65s/it, avg_loss=1.9464, num_batches=9/15, num_samples=9]
      Epoch 4 val:  20%|██        | 4/20 [00:23<01:14,  4.65s/it, avg_loss=1.9375, num_batches=10/15, num_samples=10]
      Epoch 4 val:  20%|██        | 4/20 [00:23<01:14,  4.65s/it, avg_loss=2.1233, num_batches=11/15, num_samples=11]
      Epoch 4 val:  20%|██        | 4/20 [00:23<01:14,  4.65s/it, avg_loss=1.9841, num_batches=12/15, num_samples=12]
      Epoch 4 val:  20%|██        | 4/20 [00:23<01:14,  4.65s/it, avg_loss=1.8963, num_batches=13/15, num_samples=13]
      Epoch 4 val:  20%|██        | 4/20 [00:23<01:14,  4.65s/it, avg_loss=1.8070, num_batches=14/15, num_samples=14]
      Epoch 4 val:  20%|██        | 4/20 [00:23<01:14,  4.65s/it, avg_loss=1.7588, num_batches=15/15, num_samples=15]
      Epoch 4 val:  25%|██▌       | 5/20 [00:23<01:06,  4.45s/it, avg_loss=1.7588, num_batches=15/15, num_samples=15]
      Epoch 5 train:  25%|██▌       | 5/20 [00:23<01:06,  4.45s/it, avg_loss=1.7588, num_batches=15/15, num_samples=15]
      Epoch 5 train:  25%|██▌       | 5/20 [00:24<01:06,  4.45s/it, avg_loss=0.0007, num_batches=1/60, num_samples=1]  
      Epoch 5 train:  25%|██▌       | 5/20 [00:24<01:06,  4.45s/it, avg_loss=0.0136, num_batches=2/60, num_samples=2]
      Epoch 5 train:  25%|██▌       | 5/20 [00:24<01:06,  4.45s/it, avg_loss=0.3904, num_batches=3/60, num_samples=3]
      Epoch 5 train:  25%|██▌       | 5/20 [00:24<01:06,  4.45s/it, avg_loss=0.3420, num_batches=4/60, num_samples=4]
      Epoch 5 train:  25%|██▌       | 5/20 [00:24<01:06,  4.45s/it, avg_loss=0.2917, num_batches=5/60, num_samples=5]
      Epoch 5 train:  25%|██▌       | 5/20 [00:24<01:06,  4.45s/it, avg_loss=0.2460, num_batches=6/60, num_samples=6]
      Epoch 5 train:  25%|██▌       | 5/20 [00:24<01:06,  4.45s/it, avg_loss=0.2229, num_batches=7/60, num_samples=7]
      Epoch 5 train:  25%|██▌       | 5/20 [00:24<01:06,  4.45s/it, avg_loss=0.3269, num_batches=8/60, num_samples=8]
      Epoch 5 train:  25%|██▌       | 5/20 [00:24<01:06,  4.45s/it, avg_loss=0.2923, num_batches=9/60, num_samples=9]
      Epoch 5 train:  25%|██▌       | 5/20 [00:24<01:06,  4.45s/it, avg_loss=0.4482, num_batches=10/60, num_samples=10]
      Epoch 5 train:  25%|██▌       | 5/20 [00:24<01:06,  4.45s/it, avg_loss=0.4405, num_batches=11/60, num_samples=11]
      Epoch 5 train:  25%|██▌       | 5/20 [00:24<01:06,  4.45s/it, avg_loss=0.4070, num_batches=12/60, num_samples=12]
      Epoch 5 train:  25%|██▌       | 5/20 [00:24<01:06,  4.45s/it, avg_loss=0.4446, num_batches=13/60, num_samples=13]
      Epoch 5 train:  25%|██▌       | 5/20 [00:24<01:06,  4.45s/it, avg_loss=0.4205, num_batches=14/60, num_samples=14]
      Epoch 5 train:  25%|██▌       | 5/20 [00:25<01:06,  4.45s/it, avg_loss=0.4060, num_batches=15/60, num_samples=15]
      Epoch 5 train:  25%|██▌       | 5/20 [00:25<01:06,  4.45s/it, avg_loss=0.3903, num_batches=16/60, num_samples=16]
      Epoch 5 train:  25%|██▌       | 5/20 [00:25<01:06,  4.45s/it, avg_loss=0.3736, num_batches=17/60, num_samples=17]
      Epoch 5 train:  25%|██▌       | 5/20 [00:25<01:06,  4.45s/it, avg_loss=0.3549, num_batches=18/60, num_samples=18]
      Epoch 5 train:  25%|██▌       | 5/20 [00:25<01:06,  4.45s/it, avg_loss=0.3422, num_batches=19/60, num_samples=19]
      Epoch 5 train:  25%|██▌       | 5/20 [00:25<01:06,  4.45s/it, avg_loss=0.3972, num_batches=20/60, num_samples=20]
      Epoch 5 train:  25%|██▌       | 5/20 [00:25<01:06,  4.45s/it, avg_loss=0.3854, num_batches=21/60, num_samples=21]
      Epoch 5 train:  25%|██▌       | 5/20 [00:25<01:06,  4.45s/it, avg_loss=0.3697, num_batches=22/60, num_samples=22]
      Epoch 5 train:  25%|██▌       | 5/20 [00:25<01:06,  4.45s/it, avg_loss=0.4335, num_batches=23/60, num_samples=23]
      Epoch 5 train:  25%|██▌       | 5/20 [00:25<01:06,  4.45s/it, avg_loss=0.4221, num_batches=24/60, num_samples=24]
      Epoch 5 train:  25%|██▌       | 5/20 [00:25<01:06,  4.45s/it, avg_loss=0.4409, num_batches=25/60, num_samples=25]
      Epoch 5 train:  25%|██▌       | 5/20 [00:25<01:06,  4.45s/it, avg_loss=0.4250, num_batches=26/60, num_samples=26]
      Epoch 5 train:  25%|██▌       | 5/20 [00:25<01:06,  4.45s/it, avg_loss=0.4096, num_batches=27/60, num_samples=27]
      Epoch 5 train:  25%|██▌       | 5/20 [00:25<01:06,  4.45s/it, avg_loss=0.4105, num_batches=28/60, num_samples=28]
      Epoch 5 train:  25%|██▌       | 5/20 [00:25<01:06,  4.45s/it, avg_loss=0.4319, num_batches=29/60, num_samples=29]
      Epoch 5 train:  25%|██▌       | 5/20 [00:25<01:06,  4.45s/it, avg_loss=0.4798, num_batches=30/60, num_samples=30]
      Epoch 5 train:  25%|██▌       | 5/20 [00:25<01:06,  4.45s/it, avg_loss=0.4646, num_batches=31/60, num_samples=31]
      Epoch 5 train:  25%|██▌       | 5/20 [00:25<01:06,  4.45s/it, avg_loss=0.4639, num_batches=32/60, num_samples=32]
      Epoch 5 train:  25%|██▌       | 5/20 [00:25<01:06,  4.45s/it, avg_loss=0.4509, num_batches=33/60, num_samples=33]
      Epoch 5 train:  25%|██▌       | 5/20 [00:26<01:06,  4.45s/it, avg_loss=0.4399, num_batches=34/60, num_samples=34]
      Epoch 5 train:  25%|██▌       | 5/20 [00:26<01:06,  4.45s/it, avg_loss=0.4390, num_batches=35/60, num_samples=35]
      Epoch 5 train:  25%|██▌       | 5/20 [00:26<01:06,  4.45s/it, avg_loss=0.4651, num_batches=36/60, num_samples=36]
      Epoch 5 train:  25%|██▌       | 5/20 [00:26<01:06,  4.45s/it, avg_loss=0.4586, num_batches=37/60, num_samples=37]
      Epoch 5 train:  25%|██▌       | 5/20 [00:26<01:06,  4.45s/it, avg_loss=0.4501, num_batches=38/60, num_samples=38]
      Epoch 5 train:  25%|██▌       | 5/20 [00:26<01:06,  4.45s/it, avg_loss=0.4433, num_batches=39/60, num_samples=39]
      Epoch 5 train:  25%|██▌       | 5/20 [00:26<01:06,  4.45s/it, avg_loss=0.4332, num_batches=40/60, num_samples=40]
      Epoch 5 train:  25%|██▌       | 5/20 [00:26<01:06,  4.45s/it, avg_loss=0.4299, num_batches=41/60, num_samples=41]
      Epoch 5 train:  25%|██▌       | 5/20 [00:26<01:06,  4.45s/it, avg_loss=0.4201, num_batches=42/60, num_samples=42]
      Epoch 5 train:  25%|██▌       | 5/20 [00:26<01:06,  4.45s/it, avg_loss=0.4118, num_batches=43/60, num_samples=43]
      Epoch 5 train:  25%|██▌       | 5/20 [00:26<01:06,  4.45s/it, avg_loss=0.4032, num_batches=44/60, num_samples=44]
      Epoch 5 train:  25%|██▌       | 5/20 [00:26<01:06,  4.45s/it, avg_loss=0.3946, num_batches=45/60, num_samples=45]
      Epoch 5 train:  25%|██▌       | 5/20 [00:26<01:06,  4.45s/it, avg_loss=0.3977, num_batches=46/60, num_samples=46]
      Epoch 5 train:  25%|██▌       | 5/20 [00:26<01:06,  4.45s/it, avg_loss=0.3940, num_batches=47/60, num_samples=47]
      Epoch 5 train:  25%|██▌       | 5/20 [00:26<01:06,  4.45s/it, avg_loss=0.4111, num_batches=48/60, num_samples=48]
      Epoch 5 train:  25%|██▌       | 5/20 [00:26<01:06,  4.45s/it, avg_loss=0.4031, num_batches=49/60, num_samples=49]
      Epoch 5 train:  25%|██▌       | 5/20 [00:26<01:06,  4.45s/it, avg_loss=0.3974, num_batches=50/60, num_samples=50]
      Epoch 5 train:  25%|██▌       | 5/20 [00:26<01:06,  4.45s/it, avg_loss=0.3929, num_batches=51/60, num_samples=51]
      Epoch 5 train:  25%|██▌       | 5/20 [00:26<01:06,  4.45s/it, avg_loss=0.4211, num_batches=52/60, num_samples=52]
      Epoch 5 train:  25%|██▌       | 5/20 [00:27<01:06,  4.45s/it, avg_loss=0.4408, num_batches=53/60, num_samples=53]
      Epoch 5 train:  25%|██▌       | 5/20 [00:27<01:06,  4.45s/it, avg_loss=0.4457, num_batches=54/60, num_samples=54]
      Epoch 5 train:  25%|██▌       | 5/20 [00:27<01:06,  4.45s/it, avg_loss=0.4378, num_batches=55/60, num_samples=55]
      Epoch 5 train:  25%|██▌       | 5/20 [00:27<01:06,  4.45s/it, avg_loss=0.4328, num_batches=56/60, num_samples=56]
      Epoch 5 train:  25%|██▌       | 5/20 [00:27<01:06,  4.45s/it, avg_loss=0.4322, num_batches=57/60, num_samples=57]
      Epoch 5 train:  25%|██▌       | 5/20 [00:27<01:06,  4.45s/it, avg_loss=0.4541, num_batches=58/60, num_samples=58]
      Epoch 5 train:  25%|██▌       | 5/20 [00:27<01:06,  4.45s/it, avg_loss=0.4465, num_batches=59/60, num_samples=59]
      Epoch 5 train:  25%|██▌       | 5/20 [00:27<01:06,  4.45s/it, avg_loss=0.4393, num_batches=60/60, num_samples=60]
      Epoch 5 val:  25%|██▌       | 5/20 [00:27<01:06,  4.45s/it, avg_loss=0.4393, num_batches=60/60, num_samples=60]  
      Epoch 5 val:  25%|██▌       | 5/20 [00:27<01:06,  4.45s/it, avg_loss=3.7488, num_batches=1/15, num_samples=1]  
      Epoch 5 val:  25%|██▌       | 5/20 [00:27<01:06,  4.45s/it, avg_loss=3.9842, num_batches=2/15, num_samples=2]
      Epoch 5 val:  25%|██▌       | 5/20 [00:27<01:06,  4.45s/it, avg_loss=2.6606, num_batches=3/15, num_samples=3]
      Epoch 5 val:  25%|██▌       | 5/20 [00:27<01:06,  4.45s/it, avg_loss=3.2546, num_batches=4/15, num_samples=4]
      Epoch 5 val:  25%|██▌       | 5/20 [00:27<01:06,  4.45s/it, avg_loss=2.6607, num_batches=5/15, num_samples=5]
      Epoch 5 val:  25%|██▌       | 5/20 [00:27<01:06,  4.45s/it, avg_loss=2.3656, num_batches=6/15, num_samples=6]
      Epoch 5 val:  25%|██▌       | 5/20 [00:27<01:06,  4.45s/it, avg_loss=2.5749, num_batches=7/15, num_samples=7]
      Epoch 5 val:  25%|██▌       | 5/20 [00:27<01:06,  4.45s/it, avg_loss=2.4837, num_batches=8/15, num_samples=8]
      Epoch 5 val:  25%|██▌       | 5/20 [00:27<01:06,  4.45s/it, avg_loss=2.2608, num_batches=9/15, num_samples=9]
      Epoch 5 val:  25%|██▌       | 5/20 [00:27<01:06,  4.45s/it, avg_loss=2.2199, num_batches=10/15, num_samples=10]
      Epoch 5 val:  25%|██▌       | 5/20 [00:27<01:06,  4.45s/it, avg_loss=2.3336, num_batches=11/15, num_samples=11]
      Epoch 5 val:  25%|██▌       | 5/20 [00:27<01:06,  4.45s/it, avg_loss=2.2719, num_batches=12/15, num_samples=12]
      Epoch 5 val:  25%|██▌       | 5/20 [00:27<01:06,  4.45s/it, avg_loss=2.3191, num_batches=13/15, num_samples=13]
      Epoch 5 val:  25%|██▌       | 5/20 [00:27<01:06,  4.45s/it, avg_loss=2.4141, num_batches=14/15, num_samples=14]
      Epoch 5 val:  25%|██▌       | 5/20 [00:27<01:06,  4.45s/it, avg_loss=2.2537, num_batches=15/15, num_samples=15]
      Epoch 5 val:  30%|███       | 6/20 [00:28<01:00,  4.35s/it, avg_loss=2.2537, num_batches=15/15, num_samples=15]
      Epoch 6 train:  30%|███       | 6/20 [00:28<01:00,  4.35s/it, avg_loss=2.2537, num_batches=15/15, num_samples=15]
      Epoch 6 train:  30%|███       | 6/20 [00:28<01:00,  4.35s/it, avg_loss=0.3166, num_batches=1/60, num_samples=1]  
      Epoch 6 train:  30%|███       | 6/20 [00:28<01:00,  4.35s/it, avg_loss=0.1699, num_batches=2/60, num_samples=2]
      Epoch 6 train:  30%|███       | 6/20 [00:28<01:00,  4.35s/it, avg_loss=0.1219, num_batches=3/60, num_samples=3]
      Epoch 6 train:  30%|███       | 6/20 [00:28<01:00,  4.35s/it, avg_loss=0.1014, num_batches=4/60, num_samples=4]
      Epoch 6 train:  30%|███       | 6/20 [00:28<01:00,  4.35s/it, avg_loss=0.0902, num_batches=5/60, num_samples=5]
      Epoch 6 train:  30%|███       | 6/20 [00:28<01:00,  4.35s/it, avg_loss=0.1061, num_batches=6/60, num_samples=6]
      Epoch 6 train:  30%|███       | 6/20 [00:28<01:00,  4.35s/it, avg_loss=0.0919, num_batches=7/60, num_samples=7]
      Epoch 6 train:  30%|███       | 6/20 [00:28<01:00,  4.35s/it, avg_loss=0.0809, num_batches=8/60, num_samples=8]
      Epoch 6 train:  30%|███       | 6/20 [00:28<01:00,  4.35s/it, avg_loss=0.3002, num_batches=9/60, num_samples=9]
      Epoch 6 train:  30%|███       | 6/20 [00:28<01:00,  4.35s/it, avg_loss=0.2791, num_batches=10/60, num_samples=10]
      Epoch 6 train:  30%|███       | 6/20 [00:28<01:00,  4.35s/it, avg_loss=0.3120, num_batches=11/60, num_samples=11]
      Epoch 6 train:  30%|███       | 6/20 [00:28<01:00,  4.35s/it, avg_loss=0.2866, num_batches=12/60, num_samples=12]
      Epoch 6 train:  30%|███       | 6/20 [00:28<01:00,  4.35s/it, avg_loss=0.2659, num_batches=13/60, num_samples=13]
      Epoch 6 train:  30%|███       | 6/20 [00:28<01:00,  4.35s/it, avg_loss=0.2483, num_batches=14/60, num_samples=14]
      Epoch 6 train:  30%|███       | 6/20 [00:29<01:00,  4.35s/it, avg_loss=0.2412, num_batches=15/60, num_samples=15]
      Epoch 6 train:  30%|███       | 6/20 [00:29<01:00,  4.35s/it, avg_loss=0.2284, num_batches=16/60, num_samples=16]
      Epoch 6 train:  30%|███       | 6/20 [00:29<01:00,  4.35s/it, avg_loss=0.2429, num_batches=17/60, num_samples=17]
      Epoch 6 train:  30%|███       | 6/20 [00:29<01:00,  4.35s/it, avg_loss=0.2344, num_batches=18/60, num_samples=18]
      Epoch 6 train:  30%|███       | 6/20 [00:29<01:00,  4.35s/it, avg_loss=0.2254, num_batches=19/60, num_samples=19]
      Epoch 6 train:  30%|███       | 6/20 [00:29<01:00,  4.35s/it, avg_loss=0.2475, num_batches=20/60, num_samples=20]
      Epoch 6 train:  30%|███       | 6/20 [00:29<01:00,  4.35s/it, avg_loss=0.2443, num_batches=21/60, num_samples=21]
      Epoch 6 train:  30%|███       | 6/20 [00:29<01:00,  4.35s/it, avg_loss=0.2342, num_batches=22/60, num_samples=22]
      Epoch 6 train:  30%|███       | 6/20 [00:29<01:00,  4.35s/it, avg_loss=0.2258, num_batches=23/60, num_samples=23]
      Epoch 6 train:  30%|███       | 6/20 [00:29<01:00,  4.35s/it, avg_loss=0.2223, num_batches=24/60, num_samples=24]
      Epoch 6 train:  30%|███       | 6/20 [00:29<01:00,  4.35s/it, avg_loss=0.2184, num_batches=25/60, num_samples=25]
      Epoch 6 train:  30%|███       | 6/20 [00:29<01:00,  4.35s/it, avg_loss=0.2592, num_batches=26/60, num_samples=26]
      Epoch 6 train:  30%|███       | 6/20 [00:29<01:00,  4.35s/it, avg_loss=0.2504, num_batches=27/60, num_samples=27]
      Epoch 6 train:  30%|███       | 6/20 [00:29<01:00,  4.35s/it, avg_loss=0.2425, num_batches=28/60, num_samples=28]
      Epoch 6 train:  30%|███       | 6/20 [00:29<01:00,  4.35s/it, avg_loss=0.2403, num_batches=29/60, num_samples=29]
      Epoch 6 train:  30%|███       | 6/20 [00:29<01:00,  4.35s/it, avg_loss=0.2325, num_batches=30/60, num_samples=30]
      Epoch 6 train:  30%|███       | 6/20 [00:29<01:00,  4.35s/it, avg_loss=0.2252, num_batches=31/60, num_samples=31]
      Epoch 6 train:  30%|███       | 6/20 [00:29<01:00,  4.35s/it, avg_loss=0.2183, num_batches=32/60, num_samples=32]
      Epoch 6 train:  30%|███       | 6/20 [00:29<01:00,  4.35s/it, avg_loss=0.2119, num_batches=33/60, num_samples=33]
      Epoch 6 train:  30%|███       | 6/20 [00:29<01:00,  4.35s/it, avg_loss=0.2066, num_batches=34/60, num_samples=34]
      Epoch 6 train:  30%|███       | 6/20 [00:30<01:00,  4.35s/it, avg_loss=0.2008, num_batches=35/60, num_samples=35]
      Epoch 6 train:  30%|███       | 6/20 [00:30<01:00,  4.35s/it, avg_loss=0.1954, num_batches=36/60, num_samples=36]
      Epoch 6 train:  30%|███       | 6/20 [00:30<01:00,  4.35s/it, avg_loss=0.1907, num_batches=37/60, num_samples=37]
      Epoch 6 train:  30%|███       | 6/20 [00:30<01:00,  4.35s/it, avg_loss=0.1858, num_batches=38/60, num_samples=38]
      Epoch 6 train:  30%|███       | 6/20 [00:30<01:00,  4.35s/it, avg_loss=0.1811, num_batches=39/60, num_samples=39]
      Epoch 6 train:  30%|███       | 6/20 [00:30<01:00,  4.35s/it, avg_loss=0.1767, num_batches=40/60, num_samples=40]
      Epoch 6 train:  30%|███       | 6/20 [00:30<01:00,  4.35s/it, avg_loss=0.1735, num_batches=41/60, num_samples=41]
      Epoch 6 train:  30%|███       | 6/20 [00:30<01:00,  4.35s/it, avg_loss=0.1694, num_batches=42/60, num_samples=42]
      Epoch 6 train:  30%|███       | 6/20 [00:30<01:00,  4.35s/it, avg_loss=0.1655, num_batches=43/60, num_samples=43]
      Epoch 6 train:  30%|███       | 6/20 [00:30<01:00,  4.35s/it, avg_loss=0.1618, num_batches=44/60, num_samples=44]
      Epoch 6 train:  30%|███       | 6/20 [00:30<01:00,  4.35s/it, avg_loss=0.1621, num_batches=45/60, num_samples=45]
      Epoch 6 train:  30%|███       | 6/20 [00:30<01:00,  4.35s/it, avg_loss=0.1730, num_batches=46/60, num_samples=46]
      Epoch 6 train:  30%|███       | 6/20 [00:30<01:00,  4.35s/it, avg_loss=0.1695, num_batches=47/60, num_samples=47]
      Epoch 6 train:  30%|███       | 6/20 [00:30<01:00,  4.35s/it, avg_loss=0.1672, num_batches=48/60, num_samples=48]
      Epoch 6 train:  30%|███       | 6/20 [00:30<01:00,  4.35s/it, avg_loss=0.1670, num_batches=49/60, num_samples=49]
      Epoch 6 train:  30%|███       | 6/20 [00:30<01:00,  4.35s/it, avg_loss=0.1637, num_batches=50/60, num_samples=50]
      Epoch 6 train:  30%|███       | 6/20 [00:30<01:00,  4.35s/it, avg_loss=0.1617, num_batches=51/60, num_samples=51]
      Epoch 6 train:  30%|███       | 6/20 [00:30<01:00,  4.35s/it, avg_loss=0.1598, num_batches=52/60, num_samples=52]
      Epoch 6 train:  30%|███       | 6/20 [00:31<01:00,  4.35s/it, avg_loss=0.1568, num_batches=53/60, num_samples=53]
      Epoch 6 train:  30%|███       | 6/20 [00:31<01:00,  4.35s/it, avg_loss=0.1539, num_batches=54/60, num_samples=54]
      Epoch 6 train:  30%|███       | 6/20 [00:31<01:00,  4.35s/it, avg_loss=0.1538, num_batches=55/60, num_samples=55]
      Epoch 6 train:  30%|███       | 6/20 [00:31<01:00,  4.35s/it, avg_loss=0.1665, num_batches=56/60, num_samples=56]
      Epoch 6 train:  30%|███       | 6/20 [00:31<01:00,  4.35s/it, avg_loss=0.1636, num_batches=57/60, num_samples=57]
      Epoch 6 train:  30%|███       | 6/20 [00:31<01:00,  4.35s/it, avg_loss=0.1608, num_batches=58/60, num_samples=58]
      Epoch 6 train:  30%|███       | 6/20 [00:31<01:00,  4.35s/it, avg_loss=0.1581, num_batches=59/60, num_samples=59]
      Epoch 6 train:  30%|███       | 6/20 [00:31<01:00,  4.35s/it, avg_loss=0.1555, num_batches=60/60, num_samples=60]
      Epoch 6 val:  30%|███       | 6/20 [00:31<01:00,  4.35s/it, avg_loss=0.1555, num_batches=60/60, num_samples=60]  
      Epoch 6 val:  30%|███       | 6/20 [00:31<01:00,  4.35s/it, avg_loss=6.1034, num_batches=1/15, num_samples=1]  
      Epoch 6 val:  30%|███       | 6/20 [00:31<01:00,  4.35s/it, avg_loss=3.4368, num_batches=2/15, num_samples=2]
      Epoch 6 val:  30%|███       | 6/20 [00:31<01:00,  4.35s/it, avg_loss=4.3915, num_batches=3/15, num_samples=3]
      Epoch 6 val:  30%|███       | 6/20 [00:31<01:00,  4.35s/it, avg_loss=3.8429, num_batches=4/15, num_samples=4]
      Epoch 6 val:  30%|███       | 6/20 [00:31<01:00,  4.35s/it, avg_loss=3.0752, num_batches=5/15, num_samples=5]
      Epoch 6 val:  30%|███       | 6/20 [00:31<01:00,  4.35s/it, avg_loss=3.0098, num_batches=6/15, num_samples=6]
      Epoch 6 val:  30%|███       | 6/20 [00:31<01:00,  4.35s/it, avg_loss=3.6194, num_batches=7/15, num_samples=7]
      Epoch 6 val:  30%|███       | 6/20 [00:31<01:00,  4.35s/it, avg_loss=3.7799, num_batches=8/15, num_samples=8]
      Epoch 6 val:  30%|███       | 6/20 [00:32<01:00,  4.35s/it, avg_loss=3.3622, num_batches=9/15, num_samples=9]
      Epoch 6 val:  30%|███       | 6/20 [00:32<01:00,  4.35s/it, avg_loss=3.4635, num_batches=10/15, num_samples=10]
      Epoch 6 val:  30%|███       | 6/20 [00:32<01:00,  4.35s/it, avg_loss=3.4252, num_batches=11/15, num_samples=11]
      Epoch 6 val:  30%|███       | 6/20 [00:32<01:00,  4.35s/it, avg_loss=3.6560, num_batches=12/15, num_samples=12]
      Epoch 6 val:  30%|███       | 6/20 [00:32<01:00,  4.35s/it, avg_loss=3.3829, num_batches=13/15, num_samples=13]
      Epoch 6 val:  30%|███       | 6/20 [00:32<01:00,  4.35s/it, avg_loss=3.1414, num_batches=14/15, num_samples=14]
      Epoch 6 val:  30%|███       | 6/20 [00:32<01:00,  4.35s/it, avg_loss=3.4006, num_batches=15/15, num_samples=15]
      Epoch 6 val:  35%|███▌      | 7/20 [00:32<00:55,  4.27s/it, avg_loss=3.4006, num_batches=15/15, num_samples=15]
      Epoch 7 train:  35%|███▌      | 7/20 [00:32<00:55,  4.27s/it, avg_loss=3.4006, num_batches=15/15, num_samples=15]
      Epoch 7 train:  35%|███▌      | 7/20 [00:32<00:55,  4.27s/it, avg_loss=0.1139, num_batches=1/60, num_samples=1]  
      Epoch 7 train:  35%|███▌      | 7/20 [00:32<00:55,  4.27s/it, avg_loss=0.0571, num_batches=2/60, num_samples=2]
      Epoch 7 train:  35%|███▌      | 7/20 [00:32<00:55,  4.27s/it, avg_loss=0.0413, num_batches=3/60, num_samples=3]
      Epoch 7 train:  35%|███▌      | 7/20 [00:32<00:55,  4.27s/it, avg_loss=0.0322, num_batches=4/60, num_samples=4]
      Epoch 7 train:  35%|███▌      | 7/20 [00:32<00:55,  4.27s/it, avg_loss=0.0271, num_batches=5/60, num_samples=5]
      Epoch 7 train:  35%|███▌      | 7/20 [00:32<00:55,  4.27s/it, avg_loss=0.0232, num_batches=6/60, num_samples=6]
      Epoch 7 train:  35%|███▌      | 7/20 [00:32<00:55,  4.27s/it, avg_loss=0.0202, num_batches=7/60, num_samples=7]
      Epoch 7 train:  35%|███▌      | 7/20 [00:32<00:55,  4.27s/it, avg_loss=0.0200, num_batches=8/60, num_samples=8]
      Epoch 7 train:  35%|███▌      | 7/20 [00:32<00:55,  4.27s/it, avg_loss=0.0240, num_batches=9/60, num_samples=9]
      Epoch 7 train:  35%|███▌      | 7/20 [00:33<00:55,  4.27s/it, avg_loss=0.0431, num_batches=10/60, num_samples=10]
      Epoch 7 train:  35%|███▌      | 7/20 [00:33<00:55,  4.27s/it, avg_loss=0.0392, num_batches=11/60, num_samples=11]
      Epoch 7 train:  35%|███▌      | 7/20 [00:33<00:55,  4.27s/it, avg_loss=0.0400, num_batches=12/60, num_samples=12]
      Epoch 7 train:  35%|███▌      | 7/20 [00:33<00:55,  4.27s/it, avg_loss=0.0373, num_batches=13/60, num_samples=13]
      Epoch 7 train:  35%|███▌      | 7/20 [00:33<00:55,  4.27s/it, avg_loss=0.0347, num_batches=14/60, num_samples=14]
      Epoch 7 train:  35%|███▌      | 7/20 [00:33<00:55,  4.27s/it, avg_loss=0.0379, num_batches=15/60, num_samples=15]
      Epoch 7 train:  35%|███▌      | 7/20 [00:33<00:55,  4.27s/it, avg_loss=0.0356, num_batches=16/60, num_samples=16]
      Epoch 7 train:  35%|███▌      | 7/20 [00:33<00:55,  4.27s/it, avg_loss=0.0341, num_batches=17/60, num_samples=17]
      Epoch 7 train:  35%|███▌      | 7/20 [00:33<00:55,  4.27s/it, avg_loss=0.0407, num_batches=18/60, num_samples=18]
      Epoch 7 train:  35%|███▌      | 7/20 [00:33<00:55,  4.27s/it, avg_loss=0.0386, num_batches=19/60, num_samples=19]
      Epoch 7 train:  35%|███▌      | 7/20 [00:33<00:55,  4.27s/it, avg_loss=0.0367, num_batches=20/60, num_samples=20]
      Epoch 7 train:  35%|███▌      | 7/20 [00:33<00:55,  4.27s/it, avg_loss=0.0351, num_batches=21/60, num_samples=21]
      Epoch 7 train:  35%|███▌      | 7/20 [00:33<00:55,  4.27s/it, avg_loss=0.0389, num_batches=22/60, num_samples=22]
      Epoch 7 train:  35%|███▌      | 7/20 [00:33<00:55,  4.27s/it, avg_loss=0.0373, num_batches=23/60, num_samples=23]
      Epoch 7 train:  35%|███▌      | 7/20 [00:33<00:55,  4.27s/it, avg_loss=0.0358, num_batches=24/60, num_samples=24]
      Epoch 7 train:  35%|███▌      | 7/20 [00:33<00:55,  4.27s/it, avg_loss=0.0353, num_batches=25/60, num_samples=25]
      Epoch 7 train:  35%|███▌      | 7/20 [00:33<00:55,  4.27s/it, avg_loss=0.0340, num_batches=26/60, num_samples=26]
      Epoch 7 train:  35%|███▌      | 7/20 [00:33<00:55,  4.27s/it, avg_loss=0.0327, num_batches=27/60, num_samples=27]
      Epoch 7 train:  35%|███▌      | 7/20 [00:33<00:55,  4.27s/it, avg_loss=0.0316, num_batches=28/60, num_samples=28]
      Epoch 7 train:  35%|███▌      | 7/20 [00:33<00:55,  4.27s/it, avg_loss=0.0348, num_batches=29/60, num_samples=29]
      Epoch 7 train:  35%|███▌      | 7/20 [00:33<00:55,  4.27s/it, avg_loss=0.0337, num_batches=30/60, num_samples=30]
      Epoch 7 train:  35%|███▌      | 7/20 [00:33<00:55,  4.27s/it, avg_loss=0.0332, num_batches=31/60, num_samples=31]
      Epoch 7 train:  35%|███▌      | 7/20 [00:34<00:55,  4.27s/it, avg_loss=0.0325, num_batches=32/60, num_samples=32]
      Epoch 7 train:  35%|███▌      | 7/20 [00:34<00:55,  4.27s/it, avg_loss=0.0316, num_batches=33/60, num_samples=33]
      Epoch 7 train:  35%|███▌      | 7/20 [00:34<00:55,  4.27s/it, avg_loss=0.0307, num_batches=34/60, num_samples=34]
      Epoch 7 train:  35%|███▌      | 7/20 [00:34<00:55,  4.27s/it, avg_loss=0.0299, num_batches=35/60, num_samples=35]
      Epoch 7 train:  35%|███▌      | 7/20 [00:34<00:55,  4.27s/it, avg_loss=0.0291, num_batches=36/60, num_samples=36]
      Epoch 7 train:  35%|███▌      | 7/20 [00:34<00:55,  4.27s/it, avg_loss=0.0283, num_batches=37/60, num_samples=37]
      Epoch 7 train:  35%|███▌      | 7/20 [00:34<00:55,  4.27s/it, avg_loss=0.0277, num_batches=38/60, num_samples=38]
      Epoch 7 train:  35%|███▌      | 7/20 [00:34<00:55,  4.27s/it, avg_loss=0.0318, num_batches=39/60, num_samples=39]
      Epoch 7 train:  35%|███▌      | 7/20 [00:34<00:55,  4.27s/it, avg_loss=0.0310, num_batches=40/60, num_samples=40]
      Epoch 7 train:  35%|███▌      | 7/20 [00:34<00:55,  4.27s/it, avg_loss=0.0303, num_batches=41/60, num_samples=41]
      Epoch 7 train:  35%|███▌      | 7/20 [00:34<00:55,  4.27s/it, avg_loss=0.0296, num_batches=42/60, num_samples=42]
      Epoch 7 train:  35%|███▌      | 7/20 [00:34<00:55,  4.27s/it, avg_loss=0.0313, num_batches=43/60, num_samples=43]
      Epoch 7 train:  35%|███▌      | 7/20 [00:34<00:55,  4.27s/it, avg_loss=0.0417, num_batches=44/60, num_samples=44]
      Epoch 7 train:  35%|███▌      | 7/20 [00:34<00:55,  4.27s/it, avg_loss=0.0804, num_batches=45/60, num_samples=45]
      Epoch 7 train:  35%|███▌      | 7/20 [00:34<00:55,  4.27s/it, avg_loss=0.0789, num_batches=46/60, num_samples=46]
      Epoch 7 train:  35%|███▌      | 7/20 [00:34<00:55,  4.27s/it, avg_loss=0.0780, num_batches=47/60, num_samples=47]
      Epoch 7 train:  35%|███▌      | 7/20 [00:34<00:55,  4.27s/it, avg_loss=0.0767, num_batches=48/60, num_samples=48]
      Epoch 7 train:  35%|███▌      | 7/20 [00:35<00:55,  4.27s/it, avg_loss=0.0860, num_batches=49/60, num_samples=49]
      Epoch 7 train:  35%|███▌      | 7/20 [00:35<00:55,  4.27s/it, avg_loss=0.0843, num_batches=50/60, num_samples=50]
      Epoch 7 train:  35%|███▌      | 7/20 [00:35<00:55,  4.27s/it, avg_loss=0.0835, num_batches=51/60, num_samples=51]
      Epoch 7 train:  35%|███▌      | 7/20 [00:35<00:55,  4.27s/it, avg_loss=0.0819, num_batches=52/60, num_samples=52]
      Epoch 7 train:  35%|███▌      | 7/20 [00:35<00:55,  4.27s/it, avg_loss=0.0803, num_batches=53/60, num_samples=53]
      Epoch 7 train:  35%|███▌      | 7/20 [00:35<00:55,  4.27s/it, avg_loss=0.0788, num_batches=54/60, num_samples=54]
      Epoch 7 train:  35%|███▌      | 7/20 [00:35<00:55,  4.27s/it, avg_loss=0.0775, num_batches=55/60, num_samples=55]
      Epoch 7 train:  35%|███▌      | 7/20 [00:35<00:55,  4.27s/it, avg_loss=0.0761, num_batches=56/60, num_samples=56]
      Epoch 7 train:  35%|███▌      | 7/20 [00:35<00:55,  4.27s/it, avg_loss=0.0751, num_batches=57/60, num_samples=57]
      Epoch 7 train:  35%|███▌      | 7/20 [00:35<00:55,  4.27s/it, avg_loss=0.0738, num_batches=58/60, num_samples=58]
      Epoch 7 train:  35%|███▌      | 7/20 [00:35<00:55,  4.27s/it, avg_loss=0.2091, num_batches=59/60, num_samples=59]
      Epoch 7 train:  35%|███▌      | 7/20 [00:35<00:55,  4.27s/it, avg_loss=0.2057, num_batches=60/60, num_samples=60]
      Epoch 7 val:  35%|███▌      | 7/20 [00:35<00:55,  4.27s/it, avg_loss=0.2057, num_batches=60/60, num_samples=60]  
      Epoch 7 val:  35%|███▌      | 7/20 [00:35<00:55,  4.27s/it, avg_loss=1.1726, num_batches=1/15, num_samples=1]  
      Epoch 7 val:  35%|███▌      | 7/20 [00:35<00:55,  4.27s/it, avg_loss=0.5873, num_batches=2/15, num_samples=2]
      Epoch 7 val:  35%|███▌      | 7/20 [00:35<00:55,  4.27s/it, avg_loss=0.3933, num_batches=3/15, num_samples=3]
      Epoch 7 val:  35%|███▌      | 7/20 [00:35<00:55,  4.27s/it, avg_loss=1.6904, num_batches=4/15, num_samples=4]
      Epoch 7 val:  35%|███▌      | 7/20 [00:35<00:55,  4.27s/it, avg_loss=3.0927, num_batches=5/15, num_samples=5]
      Epoch 7 val:  35%|███▌      | 7/20 [00:35<00:55,  4.27s/it, avg_loss=3.7997, num_batches=6/15, num_samples=6]
      Epoch 7 val:  35%|███▌      | 7/20 [00:35<00:55,  4.27s/it, avg_loss=4.3695, num_batches=7/15, num_samples=7]
      Epoch 7 val:  35%|███▌      | 7/20 [00:35<00:55,  4.27s/it, avg_loss=4.4834, num_batches=8/15, num_samples=8]
      Epoch 7 val:  35%|███▌      | 7/20 [00:35<00:55,  4.27s/it, avg_loss=4.8048, num_batches=9/15, num_samples=9]
      Epoch 7 val:  35%|███▌      | 7/20 [00:36<00:55,  4.27s/it, avg_loss=5.0560, num_batches=10/15, num_samples=10]
      Epoch 7 val:  35%|███▌      | 7/20 [00:36<00:55,  4.27s/it, avg_loss=5.2538, num_batches=11/15, num_samples=11]
      Epoch 7 val:  35%|███▌      | 7/20 [00:36<00:55,  4.27s/it, avg_loss=5.3995, num_batches=12/15, num_samples=12]
      Epoch 7 val:  35%|███▌      | 7/20 [00:36<00:55,  4.27s/it, avg_loss=5.1262, num_batches=13/15, num_samples=13]
      Epoch 7 val:  35%|███▌      | 7/20 [00:36<00:55,  4.27s/it, avg_loss=4.7600, num_batches=14/15, num_samples=14]
      Epoch 7 val:  35%|███▌      | 7/20 [00:36<00:55,  4.27s/it, avg_loss=4.4438, num_batches=15/15, num_samples=15]
      Epoch 7 val:  40%|████      | 8/20 [00:36<00:50,  4.20s/it, avg_loss=4.4438, num_batches=15/15, num_samples=15]
      Epoch 8 train:  40%|████      | 8/20 [00:36<00:50,  4.20s/it, avg_loss=4.4438, num_batches=15/15, num_samples=15]
      Epoch 8 train:  40%|████      | 8/20 [00:36<00:50,  4.20s/it, avg_loss=0.7655, num_batches=1/60, num_samples=1]  
      Epoch 8 train:  40%|████      | 8/20 [00:36<00:50,  4.20s/it, avg_loss=0.3829, num_batches=2/60, num_samples=2]
      Epoch 8 train:  40%|████      | 8/20 [00:36<00:50,  4.20s/it, avg_loss=0.2561, num_batches=3/60, num_samples=3]
      Epoch 8 train:  40%|████      | 8/20 [00:36<00:50,  4.20s/it, avg_loss=0.1922, num_batches=4/60, num_samples=4]
      Epoch 8 train:  40%|████      | 8/20 [00:36<00:50,  4.20s/it, avg_loss=0.2425, num_batches=5/60, num_samples=5]
      Epoch 8 train:  40%|████      | 8/20 [00:36<00:50,  4.20s/it, avg_loss=0.2025, num_batches=6/60, num_samples=6]
      Epoch 8 train:  40%|████      | 8/20 [00:36<00:50,  4.20s/it, avg_loss=0.7589, num_batches=7/60, num_samples=7]
      Epoch 8 train:  40%|████      | 8/20 [00:36<00:50,  4.20s/it, avg_loss=0.6696, num_batches=8/60, num_samples=8]
      Epoch 8 train:  40%|████      | 8/20 [00:36<00:50,  4.20s/it, avg_loss=0.6017, num_batches=9/60, num_samples=9]
      Epoch 8 train:  40%|████      | 8/20 [00:37<00:50,  4.20s/it, avg_loss=0.5422, num_batches=10/60, num_samples=10]
      Epoch 8 train:  40%|████      | 8/20 [00:37<00:50,  4.20s/it, avg_loss=0.4968, num_batches=11/60, num_samples=11]
      Epoch 8 train:  40%|████      | 8/20 [00:37<00:50,  4.20s/it, avg_loss=0.4564, num_batches=12/60, num_samples=12]
      Epoch 8 train:  40%|████      | 8/20 [00:37<00:50,  4.20s/it, avg_loss=0.4219, num_batches=13/60, num_samples=13]
      Epoch 8 train:  40%|████      | 8/20 [00:37<00:50,  4.20s/it, avg_loss=0.4959, num_batches=14/60, num_samples=14]
      Epoch 8 train:  40%|████      | 8/20 [00:37<00:50,  4.20s/it, avg_loss=0.5705, num_batches=15/60, num_samples=15]
      Epoch 8 train:  40%|████      | 8/20 [00:37<00:50,  4.20s/it, avg_loss=0.5404, num_batches=16/60, num_samples=16]
      Epoch 8 train:  40%|████      | 8/20 [00:37<00:50,  4.20s/it, avg_loss=0.5098, num_batches=17/60, num_samples=17]
      Epoch 8 train:  40%|████      | 8/20 [00:37<00:50,  4.20s/it, avg_loss=0.4817, num_batches=18/60, num_samples=18]
      Epoch 8 train:  40%|████      | 8/20 [00:37<00:50,  4.20s/it, avg_loss=0.4597, num_batches=19/60, num_samples=19]
      Epoch 8 train:  40%|████      | 8/20 [00:37<00:50,  4.20s/it, avg_loss=0.4405, num_batches=20/60, num_samples=20]
      Epoch 8 train:  40%|████      | 8/20 [00:37<00:50,  4.20s/it, avg_loss=0.4196, num_batches=21/60, num_samples=21]
      Epoch 8 train:  40%|████      | 8/20 [00:37<00:50,  4.20s/it, avg_loss=0.4006, num_batches=22/60, num_samples=22]
      Epoch 8 train:  40%|████      | 8/20 [00:37<00:50,  4.20s/it, avg_loss=0.3874, num_batches=23/60, num_samples=23]
      Epoch 8 train:  40%|████      | 8/20 [00:37<00:50,  4.20s/it, avg_loss=0.3724, num_batches=24/60, num_samples=24]
      Epoch 8 train:  40%|████      | 8/20 [00:37<00:50,  4.20s/it, avg_loss=0.3575, num_batches=25/60, num_samples=25]
      Epoch 8 train:  40%|████      | 8/20 [00:37<00:50,  4.20s/it, avg_loss=0.3502, num_batches=26/60, num_samples=26]
      Epoch 8 train:  40%|████      | 8/20 [00:37<00:50,  4.20s/it, avg_loss=0.4025, num_batches=27/60, num_samples=27]
      Epoch 8 train:  40%|████      | 8/20 [00:37<00:50,  4.20s/it, avg_loss=0.3911, num_batches=28/60, num_samples=28]
      Epoch 8 train:  40%|████      | 8/20 [00:37<00:50,  4.20s/it, avg_loss=0.3776, num_batches=29/60, num_samples=29]
      Epoch 8 train:  40%|████      | 8/20 [00:38<00:50,  4.20s/it, avg_loss=0.3659, num_batches=30/60, num_samples=30]
      Epoch 8 train:  40%|████      | 8/20 [00:38<00:50,  4.20s/it, avg_loss=0.3632, num_batches=31/60, num_samples=31]
      Epoch 8 train:  40%|████      | 8/20 [00:38<00:50,  4.20s/it, avg_loss=0.3518, num_batches=32/60, num_samples=32]
      Epoch 8 train:  40%|████      | 8/20 [00:38<00:50,  4.20s/it, avg_loss=0.3413, num_batches=33/60, num_samples=33]
      Epoch 8 train:  40%|████      | 8/20 [00:38<00:50,  4.20s/it, avg_loss=0.3313, num_batches=34/60, num_samples=34]
      Epoch 8 train:  40%|████      | 8/20 [00:38<00:50,  4.20s/it, avg_loss=0.3219, num_batches=35/60, num_samples=35]
      Epoch 8 train:  40%|████      | 8/20 [00:38<00:50,  4.20s/it, avg_loss=0.3133, num_batches=36/60, num_samples=36]
      Epoch 8 train:  40%|████      | 8/20 [00:38<00:50,  4.20s/it, avg_loss=0.3286, num_batches=37/60, num_samples=37]
      Epoch 8 train:  40%|████      | 8/20 [00:38<00:50,  4.20s/it, avg_loss=0.3207, num_batches=38/60, num_samples=38]
      Epoch 8 train:  40%|████      | 8/20 [00:38<00:50,  4.20s/it, avg_loss=0.3127, num_batches=39/60, num_samples=39]
      Epoch 8 train:  40%|████      | 8/20 [00:38<00:50,  4.20s/it, avg_loss=0.3049, num_batches=40/60, num_samples=40]
      Epoch 8 train:  40%|████      | 8/20 [00:38<00:50,  4.20s/it, avg_loss=0.2976, num_batches=41/60, num_samples=41]
      Epoch 8 train:  40%|████      | 8/20 [00:38<00:50,  4.20s/it, avg_loss=0.2911, num_batches=42/60, num_samples=42]
      Epoch 8 train:  40%|████      | 8/20 [00:38<00:50,  4.20s/it, avg_loss=0.2846, num_batches=43/60, num_samples=43]
      Epoch 8 train:  40%|████      | 8/20 [00:38<00:50,  4.20s/it, avg_loss=0.2783, num_batches=44/60, num_samples=44]
      Epoch 8 train:  40%|████      | 8/20 [00:38<00:50,  4.20s/it, avg_loss=0.2732, num_batches=45/60, num_samples=45]
      Epoch 8 train:  40%|████      | 8/20 [00:38<00:50,  4.20s/it, avg_loss=0.2676, num_batches=46/60, num_samples=46]
      Epoch 8 train:  40%|████      | 8/20 [00:38<00:50,  4.20s/it, avg_loss=0.2645, num_batches=47/60, num_samples=47]
      Epoch 8 train:  40%|████      | 8/20 [00:39<00:50,  4.20s/it, avg_loss=0.2590, num_batches=48/60, num_samples=48]
      Epoch 8 train:  40%|████      | 8/20 [00:39<00:50,  4.20s/it, avg_loss=0.2573, num_batches=49/60, num_samples=49]
      Epoch 8 train:  40%|████      | 8/20 [00:39<00:50,  4.20s/it, avg_loss=0.2522, num_batches=50/60, num_samples=50]
      Epoch 8 train:  40%|████      | 8/20 [00:39<00:50,  4.20s/it, avg_loss=0.2472, num_batches=51/60, num_samples=51]
      Epoch 8 train:  40%|████      | 8/20 [00:39<00:50,  4.20s/it, avg_loss=0.2425, num_batches=52/60, num_samples=52]
      Epoch 8 train:  40%|████      | 8/20 [00:39<00:50,  4.20s/it, avg_loss=0.2386, num_batches=53/60, num_samples=53]
      Epoch 8 train:  40%|████      | 8/20 [00:39<00:50,  4.20s/it, avg_loss=0.2345, num_batches=54/60, num_samples=54]
      Epoch 8 train:  40%|████      | 8/20 [00:39<00:50,  4.20s/it, avg_loss=0.2328, num_batches=55/60, num_samples=55]
      Epoch 8 train:  40%|████      | 8/20 [00:39<00:50,  4.20s/it, avg_loss=0.2288, num_batches=56/60, num_samples=56]
      Epoch 8 train:  40%|████      | 8/20 [00:39<00:50,  4.20s/it, avg_loss=0.2251, num_batches=57/60, num_samples=57]
      Epoch 8 train:  40%|████      | 8/20 [00:39<00:50,  4.20s/it, avg_loss=0.2226, num_batches=58/60, num_samples=58]
      Epoch 8 train:  40%|████      | 8/20 [00:39<00:50,  4.20s/it, avg_loss=0.2195, num_batches=59/60, num_samples=59]
      Epoch 8 train:  40%|████      | 8/20 [00:39<00:50,  4.20s/it, avg_loss=0.2159, num_batches=60/60, num_samples=60]
      Epoch 8 val:  40%|████      | 8/20 [00:39<00:50,  4.20s/it, avg_loss=0.2159, num_batches=60/60, num_samples=60]  
      Epoch 8 val:  40%|████      | 8/20 [00:39<00:50,  4.20s/it, avg_loss=3.1400, num_batches=1/15, num_samples=1]  
      Epoch 8 val:  40%|████      | 8/20 [00:39<00:50,  4.20s/it, avg_loss=5.3566, num_batches=2/15, num_samples=2]
      Epoch 8 val:  40%|████      | 8/20 [00:39<00:50,  4.20s/it, avg_loss=4.0193, num_batches=3/15, num_samples=3]
      Epoch 8 val:  40%|████      | 8/20 [00:40<00:50,  4.20s/it, avg_loss=3.0177, num_batches=4/15, num_samples=4]
      Epoch 8 val:  40%|████      | 8/20 [00:40<00:50,  4.20s/it, avg_loss=2.7802, num_batches=5/15, num_samples=5]
      Epoch 8 val:  40%|████      | 8/20 [00:40<00:50,  4.20s/it, avg_loss=3.5131, num_batches=6/15, num_samples=6]
      Epoch 8 val:  40%|████      | 8/20 [00:40<00:50,  4.20s/it, avg_loss=3.6413, num_batches=7/15, num_samples=7]
      Epoch 8 val:  40%|████      | 8/20 [00:40<00:50,  4.20s/it, avg_loss=4.2548, num_batches=8/15, num_samples=8]
      Epoch 8 val:  40%|████      | 8/20 [00:40<00:50,  4.20s/it, avg_loss=3.7827, num_batches=9/15, num_samples=9]
      Epoch 8 val:  40%|████      | 8/20 [00:40<00:50,  4.20s/it, avg_loss=4.3323, num_batches=10/15, num_samples=10]
      Epoch 8 val:  40%|████      | 8/20 [00:40<00:50,  4.20s/it, avg_loss=3.9422, num_batches=11/15, num_samples=11]
      Epoch 8 val:  40%|████      | 8/20 [00:40<00:50,  4.20s/it, avg_loss=4.1988, num_batches=12/15, num_samples=12]
      Epoch 8 val:  40%|████      | 8/20 [00:40<00:50,  4.20s/it, avg_loss=4.1257, num_batches=13/15, num_samples=13]
      Epoch 8 val:  40%|████      | 8/20 [00:40<00:50,  4.20s/it, avg_loss=4.1579, num_batches=14/15, num_samples=14]
      Epoch 8 val:  40%|████      | 8/20 [00:40<00:50,  4.20s/it, avg_loss=3.8860, num_batches=15/15, num_samples=15]
      Epoch 8 val:  45%|████▌     | 9/20 [00:40<00:47,  4.30s/it, avg_loss=3.8860, num_batches=15/15, num_samples=15]
      Epoch 9 train:  45%|████▌     | 9/20 [00:40<00:47,  4.30s/it, avg_loss=3.8860, num_batches=15/15, num_samples=15]
      Epoch 9 train:  45%|████▌     | 9/20 [00:41<00:47,  4.30s/it, avg_loss=0.0723, num_batches=1/60, num_samples=1]  
      Epoch 9 train:  45%|████▌     | 9/20 [00:41<00:47,  4.30s/it, avg_loss=0.0367, num_batches=2/60, num_samples=2]
      Epoch 9 train:  45%|████▌     | 9/20 [00:41<00:47,  4.30s/it, avg_loss=0.0246, num_batches=3/60, num_samples=3]
      Epoch 9 train:  45%|████▌     | 9/20 [00:41<00:47,  4.30s/it, avg_loss=0.0188, num_batches=4/60, num_samples=4]
      Epoch 9 train:  45%|████▌     | 9/20 [00:41<00:47,  4.30s/it, avg_loss=0.0157, num_batches=5/60, num_samples=5]
      Epoch 9 train:  45%|████▌     | 9/20 [00:41<00:47,  4.30s/it, avg_loss=0.0137, num_batches=6/60, num_samples=6]
      Epoch 9 train:  45%|████▌     | 9/20 [00:41<00:47,  4.30s/it, avg_loss=0.0140, num_batches=7/60, num_samples=7]
      Epoch 9 train:  45%|████▌     | 9/20 [00:41<00:47,  4.30s/it, avg_loss=0.0197, num_batches=8/60, num_samples=8]
      Epoch 9 train:  45%|████▌     | 9/20 [00:41<00:47,  4.30s/it, avg_loss=0.0204, num_batches=9/60, num_samples=9]
      Epoch 9 train:  45%|████▌     | 9/20 [00:41<00:47,  4.30s/it, avg_loss=0.0198, num_batches=10/60, num_samples=10]
      Epoch 9 train:  45%|████▌     | 9/20 [00:41<00:47,  4.30s/it, avg_loss=0.0181, num_batches=11/60, num_samples=11]
      Epoch 9 train:  45%|████▌     | 9/20 [00:41<00:47,  4.30s/it, avg_loss=0.0245, num_batches=12/60, num_samples=12]
      Epoch 9 train:  45%|████▌     | 9/20 [00:41<00:47,  4.30s/it, avg_loss=0.0227, num_batches=13/60, num_samples=13]
      Epoch 9 train:  45%|████▌     | 9/20 [00:41<00:47,  4.30s/it, avg_loss=0.0217, num_batches=14/60, num_samples=14]
      Epoch 9 train:  45%|████▌     | 9/20 [00:41<00:47,  4.30s/it, avg_loss=0.0210, num_batches=15/60, num_samples=15]
      Epoch 9 train:  45%|████▌     | 9/20 [00:41<00:47,  4.30s/it, avg_loss=0.0198, num_batches=16/60, num_samples=16]
      Epoch 9 train:  45%|████▌     | 9/20 [00:41<00:47,  4.30s/it, avg_loss=0.0187, num_batches=17/60, num_samples=17]
      Epoch 9 train:  45%|████▌     | 9/20 [00:41<00:47,  4.30s/it, avg_loss=0.0179, num_batches=18/60, num_samples=18]
      Epoch 9 train:  45%|████▌     | 9/20 [00:41<00:47,  4.30s/it, avg_loss=0.0172, num_batches=19/60, num_samples=19]
      Epoch 9 train:  45%|████▌     | 9/20 [00:41<00:47,  4.30s/it, avg_loss=0.0164, num_batches=20/60, num_samples=20]
      Epoch 9 train:  45%|████▌     | 9/20 [00:42<00:47,  4.30s/it, avg_loss=0.0168, num_batches=21/60, num_samples=21]
      Epoch 9 train:  45%|████▌     | 9/20 [00:42<00:47,  4.30s/it, avg_loss=0.0162, num_batches=22/60, num_samples=22]
      Epoch 9 train:  45%|████▌     | 9/20 [00:42<00:47,  4.30s/it, avg_loss=0.0561, num_batches=23/60, num_samples=23]
      Epoch 9 train:  45%|████▌     | 9/20 [00:42<00:47,  4.30s/it, avg_loss=0.0561, num_batches=24/60, num_samples=24]
      Epoch 9 train:  45%|████▌     | 9/20 [00:42<00:47,  4.30s/it, avg_loss=0.0539, num_batches=25/60, num_samples=25]
      Epoch 9 train:  45%|████▌     | 9/20 [00:42<00:47,  4.30s/it, avg_loss=0.0524, num_batches=26/60, num_samples=26]
      Epoch 9 train:  45%|████▌     | 9/20 [00:42<00:47,  4.30s/it, avg_loss=0.0507, num_batches=27/60, num_samples=27]
      Epoch 9 train:  45%|████▌     | 9/20 [00:42<00:47,  4.30s/it, avg_loss=0.0489, num_batches=28/60, num_samples=28]
      Epoch 9 train:  45%|████▌     | 9/20 [00:42<00:47,  4.30s/it, avg_loss=0.0472, num_batches=29/60, num_samples=29]
      Epoch 9 train:  45%|████▌     | 9/20 [00:42<00:47,  4.30s/it, avg_loss=0.0457, num_batches=30/60, num_samples=30]
      Epoch 9 train:  45%|████▌     | 9/20 [00:42<00:47,  4.30s/it, avg_loss=0.0442, num_batches=31/60, num_samples=31]
      Epoch 9 train:  45%|████▌     | 9/20 [00:42<00:47,  4.30s/it, avg_loss=0.0429, num_batches=32/60, num_samples=32]
      Epoch 9 train:  45%|████▌     | 9/20 [00:42<00:47,  4.30s/it, avg_loss=0.0416, num_batches=33/60, num_samples=33]
      Epoch 9 train:  45%|████▌     | 9/20 [00:42<00:47,  4.30s/it, avg_loss=0.0405, num_batches=34/60, num_samples=34]
      Epoch 9 train:  45%|████▌     | 9/20 [00:42<00:47,  4.30s/it, avg_loss=0.0397, num_batches=35/60, num_samples=35]
      Epoch 9 train:  45%|████▌     | 9/20 [00:42<00:47,  4.30s/it, avg_loss=0.0387, num_batches=36/60, num_samples=36]
      Epoch 9 train:  45%|████▌     | 9/20 [00:42<00:47,  4.30s/it, avg_loss=0.0377, num_batches=37/60, num_samples=37]
      Epoch 9 train:  45%|████▌     | 9/20 [00:42<00:47,  4.30s/it, avg_loss=0.0367, num_batches=38/60, num_samples=38]
      Epoch 9 train:  45%|████▌     | 9/20 [00:42<00:47,  4.30s/it, avg_loss=0.0358, num_batches=39/60, num_samples=39]
      Epoch 9 train:  45%|████▌     | 9/20 [00:43<00:47,  4.30s/it, avg_loss=0.0349, num_batches=40/60, num_samples=40]
      Epoch 9 train:  45%|████▌     | 9/20 [00:43<00:47,  4.30s/it, avg_loss=0.0353, num_batches=41/60, num_samples=41]
      Epoch 9 train:  45%|████▌     | 9/20 [00:43<00:47,  4.30s/it, avg_loss=0.0344, num_batches=42/60, num_samples=42]
      Epoch 9 train:  45%|████▌     | 9/20 [00:43<00:47,  4.30s/it, avg_loss=0.0336, num_batches=43/60, num_samples=43]
      Epoch 9 train:  45%|████▌     | 9/20 [00:43<00:47,  4.30s/it, avg_loss=0.0351, num_batches=44/60, num_samples=44]
      Epoch 9 train:  45%|████▌     | 9/20 [00:43<00:47,  4.30s/it, avg_loss=0.0348, num_batches=45/60, num_samples=45]
      Epoch 9 train:  45%|████▌     | 9/20 [00:43<00:47,  4.30s/it, avg_loss=0.0342, num_batches=46/60, num_samples=46]
      Epoch 9 train:  45%|████▌     | 9/20 [00:43<00:47,  4.30s/it, avg_loss=0.0350, num_batches=47/60, num_samples=47]
      Epoch 9 train:  45%|████▌     | 9/20 [00:43<00:47,  4.30s/it, avg_loss=0.0351, num_batches=48/60, num_samples=48]
      Epoch 9 train:  45%|████▌     | 9/20 [00:43<00:47,  4.30s/it, avg_loss=0.0345, num_batches=49/60, num_samples=49]
      Epoch 9 train:  45%|████▌     | 9/20 [00:43<00:47,  4.30s/it, avg_loss=0.0348, num_batches=50/60, num_samples=50]
      Epoch 9 train:  45%|████▌     | 9/20 [00:43<00:47,  4.30s/it, avg_loss=0.0341, num_batches=51/60, num_samples=51]
      Epoch 9 train:  45%|████▌     | 9/20 [00:43<00:47,  4.30s/it, avg_loss=0.0335, num_batches=52/60, num_samples=52]
      Epoch 9 train:  45%|████▌     | 9/20 [00:43<00:47,  4.30s/it, avg_loss=0.0330, num_batches=53/60, num_samples=53]
      Epoch 9 train:  45%|████▌     | 9/20 [00:43<00:47,  4.30s/it, avg_loss=0.0324, num_batches=54/60, num_samples=54]
      Epoch 9 train:  45%|████▌     | 9/20 [00:43<00:47,  4.30s/it, avg_loss=0.0318, num_batches=55/60, num_samples=55]
      Epoch 9 train:  45%|████▌     | 9/20 [00:43<00:47,  4.30s/it, avg_loss=0.0313, num_batches=56/60, num_samples=56]
      Epoch 9 train:  45%|████▌     | 9/20 [00:43<00:47,  4.30s/it, avg_loss=0.0309, num_batches=57/60, num_samples=57]
      Epoch 9 train:  45%|████▌     | 9/20 [00:44<00:47,  4.30s/it, avg_loss=0.0303, num_batches=58/60, num_samples=58]
      Epoch 9 train:  45%|████▌     | 9/20 [00:44<00:47,  4.30s/it, avg_loss=0.0307, num_batches=59/60, num_samples=59]
      Epoch 9 train:  45%|████▌     | 9/20 [00:44<00:47,  4.30s/it, avg_loss=0.0339, num_batches=60/60, num_samples=60]
      Epoch 9 val:  45%|████▌     | 9/20 [00:44<00:47,  4.30s/it, avg_loss=0.0339, num_batches=60/60, num_samples=60]  
      Epoch 9 val:  45%|████▌     | 9/20 [00:44<00:47,  4.30s/it, avg_loss=5.1836, num_batches=1/15, num_samples=1]  
      Epoch 9 val:  45%|████▌     | 9/20 [00:44<00:47,  4.30s/it, avg_loss=2.6007, num_batches=2/15, num_samples=2]
      Epoch 9 val:  45%|████▌     | 9/20 [00:44<00:47,  4.30s/it, avg_loss=3.0165, num_batches=3/15, num_samples=3]
      Epoch 9 val:  45%|████▌     | 9/20 [00:44<00:47,  4.30s/it, avg_loss=4.0280, num_batches=4/15, num_samples=4]
      Epoch 9 val:  45%|████▌     | 9/20 [00:44<00:47,  4.30s/it, avg_loss=3.2252, num_batches=5/15, num_samples=5]
      Epoch 9 val:  45%|████▌     | 9/20 [00:44<00:47,  4.30s/it, avg_loss=2.7395, num_batches=6/15, num_samples=6]
      Epoch 9 val:  45%|████▌     | 9/20 [00:44<00:47,  4.30s/it, avg_loss=2.3524, num_batches=7/15, num_samples=7]
      Epoch 9 val:  45%|████▌     | 9/20 [00:44<00:47,  4.30s/it, avg_loss=3.4202, num_batches=8/15, num_samples=8]
      Epoch 9 val:  45%|████▌     | 9/20 [00:44<00:47,  4.30s/it, avg_loss=3.8195, num_batches=9/15, num_samples=9]
      Epoch 9 val:  45%|████▌     | 9/20 [00:44<00:47,  4.30s/it, avg_loss=3.7359, num_batches=10/15, num_samples=10]
      Epoch 9 val:  45%|████▌     | 9/20 [00:44<00:47,  4.30s/it, avg_loss=4.2959, num_batches=11/15, num_samples=11]
      Epoch 9 val:  45%|████▌     | 9/20 [00:44<00:47,  4.30s/it, avg_loss=4.0868, num_batches=12/15, num_samples=12]
      Epoch 9 val:  45%|████▌     | 9/20 [00:44<00:47,  4.30s/it, avg_loss=4.1452, num_batches=13/15, num_samples=13]
      Epoch 9 val:  45%|████▌     | 9/20 [00:44<00:47,  4.30s/it, avg_loss=4.1469, num_batches=14/15, num_samples=14]
      Epoch 9 val:  45%|████▌     | 9/20 [00:44<00:47,  4.30s/it, avg_loss=3.8704, num_batches=15/15, num_samples=15]
      Epoch 9 val:  50%|█████     | 10/20 [00:44<00:42,  4.23s/it, avg_loss=3.8704, num_batches=15/15, num_samples=15]
      Epoch 10 train:  50%|█████     | 10/20 [00:44<00:42,  4.23s/it, avg_loss=3.8704, num_batches=15/15, num_samples=15]
      Epoch 10 train:  50%|█████     | 10/20 [00:45<00:42,  4.23s/it, avg_loss=0.0085, num_batches=1/60, num_samples=1]  
      Epoch 10 train:  50%|█████     | 10/20 [00:45<00:42,  4.23s/it, avg_loss=0.0053, num_batches=2/60, num_samples=2]
      Epoch 10 train:  50%|█████     | 10/20 [00:45<00:42,  4.23s/it, avg_loss=0.0040, num_batches=3/60, num_samples=3]
      Epoch 10 train:  50%|█████     | 10/20 [00:45<00:42,  4.23s/it, avg_loss=0.0032, num_batches=4/60, num_samples=4]
      Epoch 10 train:  50%|█████     | 10/20 [00:45<00:42,  4.23s/it, avg_loss=0.0029, num_batches=5/60, num_samples=5]
      Epoch 10 train:  50%|█████     | 10/20 [00:45<00:42,  4.23s/it, avg_loss=0.0028, num_batches=6/60, num_samples=6]
      Epoch 10 train:  50%|█████     | 10/20 [00:45<00:42,  4.23s/it, avg_loss=0.0054, num_batches=7/60, num_samples=7]
      Epoch 10 train:  50%|█████     | 10/20 [00:45<00:42,  4.23s/it, avg_loss=0.0049, num_batches=8/60, num_samples=8]
      Epoch 10 train:  50%|█████     | 10/20 [00:45<00:42,  4.23s/it, avg_loss=0.0044, num_batches=9/60, num_samples=9]
      Epoch 10 train:  50%|█████     | 10/20 [00:45<00:42,  4.23s/it, avg_loss=0.0040, num_batches=10/60, num_samples=10]
      Epoch 10 train:  50%|█████     | 10/20 [00:45<00:42,  4.23s/it, avg_loss=0.0038, num_batches=11/60, num_samples=11]
      Epoch 10 train:  50%|█████     | 10/20 [00:45<00:42,  4.23s/it, avg_loss=0.0035, num_batches=12/60, num_samples=12]
      Epoch 10 train:  50%|█████     | 10/20 [00:45<00:42,  4.23s/it, avg_loss=0.0033, num_batches=13/60, num_samples=13]
      Epoch 10 train:  50%|█████     | 10/20 [00:45<00:42,  4.23s/it, avg_loss=0.0033, num_batches=14/60, num_samples=14]
      Epoch 10 train:  50%|█████     | 10/20 [00:45<00:42,  4.23s/it, avg_loss=0.0032, num_batches=15/60, num_samples=15]
      Epoch 10 train:  50%|█████     | 10/20 [00:45<00:42,  4.23s/it, avg_loss=0.0052, num_batches=16/60, num_samples=16]
      Epoch 10 train:  50%|█████     | 10/20 [00:45<00:42,  4.23s/it, avg_loss=0.0049, num_batches=17/60, num_samples=17]
      Epoch 10 train:  50%|█████     | 10/20 [00:46<00:42,  4.23s/it, avg_loss=0.0047, num_batches=18/60, num_samples=18]
      Epoch 10 train:  50%|█████     | 10/20 [00:46<00:42,  4.23s/it, avg_loss=0.0045, num_batches=19/60, num_samples=19]
      Epoch 10 train:  50%|█████     | 10/20 [00:46<00:42,  4.23s/it, avg_loss=0.0044, num_batches=20/60, num_samples=20]
      Epoch 10 train:  50%|█████     | 10/20 [00:46<00:42,  4.23s/it, avg_loss=0.0044, num_batches=21/60, num_samples=21]
      Epoch 10 train:  50%|█████     | 10/20 [00:46<00:42,  4.23s/it, avg_loss=0.0043, num_batches=22/60, num_samples=22]
      Epoch 10 train:  50%|█████     | 10/20 [00:46<00:42,  4.23s/it, avg_loss=0.0042, num_batches=23/60, num_samples=23]
      Epoch 10 train:  50%|█████     | 10/20 [00:46<00:42,  4.23s/it, avg_loss=0.0040, num_batches=24/60, num_samples=24]
      Epoch 10 train:  50%|█████     | 10/20 [00:46<00:42,  4.23s/it, avg_loss=0.0042, num_batches=25/60, num_samples=25]
      Epoch 10 train:  50%|█████     | 10/20 [00:46<00:42,  4.23s/it, avg_loss=0.0041, num_batches=26/60, num_samples=26]
      Epoch 10 train:  50%|█████     | 10/20 [00:46<00:42,  4.23s/it, avg_loss=0.0040, num_batches=27/60, num_samples=27]
      Epoch 10 train:  50%|█████     | 10/20 [00:46<00:42,  4.23s/it, avg_loss=0.0039, num_batches=28/60, num_samples=28]
      Epoch 10 train:  50%|█████     | 10/20 [00:46<00:42,  4.23s/it, avg_loss=0.0037, num_batches=29/60, num_samples=29]
      Epoch 10 train:  50%|█████     | 10/20 [00:46<00:42,  4.23s/it, avg_loss=0.0036, num_batches=30/60, num_samples=30]
      Epoch 10 train:  50%|█████     | 10/20 [00:46<00:42,  4.23s/it, avg_loss=0.0036, num_batches=31/60, num_samples=31]
      Epoch 10 train:  50%|█████     | 10/20 [00:46<00:42,  4.23s/it, avg_loss=0.0037, num_batches=32/60, num_samples=32]
      Epoch 10 train:  50%|█████     | 10/20 [00:46<00:42,  4.23s/it, avg_loss=0.0036, num_batches=33/60, num_samples=33]
      Epoch 10 train:  50%|█████     | 10/20 [00:46<00:42,  4.23s/it, avg_loss=0.0035, num_batches=34/60, num_samples=34]
      Epoch 10 train:  50%|█████     | 10/20 [00:46<00:42,  4.23s/it, avg_loss=0.0034, num_batches=35/60, num_samples=35]
      Epoch 10 train:  50%|█████     | 10/20 [00:46<00:42,  4.23s/it, avg_loss=0.0033, num_batches=36/60, num_samples=36]
      Epoch 10 train:  50%|█████     | 10/20 [00:47<00:42,  4.23s/it, avg_loss=0.0033, num_batches=37/60, num_samples=37]
      Epoch 10 train:  50%|█████     | 10/20 [00:47<00:42,  4.23s/it, avg_loss=0.0032, num_batches=38/60, num_samples=38]
      Epoch 10 train:  50%|█████     | 10/20 [00:47<00:42,  4.23s/it, avg_loss=0.0031, num_batches=39/60, num_samples=39]
      Epoch 10 train:  50%|█████     | 10/20 [00:47<00:42,  4.23s/it, avg_loss=0.0031, num_batches=40/60, num_samples=40]
      Epoch 10 train:  50%|█████     | 10/20 [00:47<00:42,  4.23s/it, avg_loss=0.0030, num_batches=41/60, num_samples=41]
      Epoch 10 train:  50%|█████     | 10/20 [00:47<00:42,  4.23s/it, avg_loss=0.0030, num_batches=42/60, num_samples=42]
      Epoch 10 train:  50%|█████     | 10/20 [00:47<00:42,  4.23s/it, avg_loss=0.0030, num_batches=43/60, num_samples=43]
      Epoch 10 train:  50%|█████     | 10/20 [00:47<00:42,  4.23s/it, avg_loss=0.0031, num_batches=44/60, num_samples=44]
      Epoch 10 train:  50%|█████     | 10/20 [00:47<00:42,  4.23s/it, avg_loss=0.0033, num_batches=45/60, num_samples=45]
      Epoch 10 train:  50%|█████     | 10/20 [00:47<00:42,  4.23s/it, avg_loss=0.0033, num_batches=46/60, num_samples=46]
      Epoch 10 train:  50%|█████     | 10/20 [00:47<00:42,  4.23s/it, avg_loss=0.0032, num_batches=47/60, num_samples=47]
      Epoch 10 train:  50%|█████     | 10/20 [00:47<00:42,  4.23s/it, avg_loss=0.0034, num_batches=48/60, num_samples=48]
      Epoch 10 train:  50%|█████     | 10/20 [00:47<00:42,  4.23s/it, avg_loss=0.0036, num_batches=49/60, num_samples=49]
      Epoch 10 train:  50%|█████     | 10/20 [00:47<00:42,  4.23s/it, avg_loss=0.0036, num_batches=50/60, num_samples=50]
      Epoch 10 train:  50%|█████     | 10/20 [00:47<00:42,  4.23s/it, avg_loss=0.0035, num_batches=51/60, num_samples=51]
      Epoch 10 train:  50%|█████     | 10/20 [00:47<00:42,  4.23s/it, avg_loss=0.0034, num_batches=52/60, num_samples=52]
      Epoch 10 train:  50%|█████     | 10/20 [00:47<00:42,  4.23s/it, avg_loss=0.0034, num_batches=53/60, num_samples=53]
      Epoch 10 train:  50%|█████     | 10/20 [00:47<00:42,  4.23s/it, avg_loss=0.0035, num_batches=54/60, num_samples=54]
      Epoch 10 train:  50%|█████     | 10/20 [00:47<00:42,  4.23s/it, avg_loss=0.0034, num_batches=55/60, num_samples=55]
      Epoch 10 train:  50%|█████     | 10/20 [00:48<00:42,  4.23s/it, avg_loss=0.0034, num_batches=56/60, num_samples=56]
      Epoch 10 train:  50%|█████     | 10/20 [00:48<00:42,  4.23s/it, avg_loss=0.0034, num_batches=57/60, num_samples=57]
      Epoch 10 train:  50%|█████     | 10/20 [00:48<00:42,  4.23s/it, avg_loss=0.0033, num_batches=58/60, num_samples=58]
      Epoch 10 train:  50%|█████     | 10/20 [00:48<00:42,  4.23s/it, avg_loss=0.0033, num_batches=59/60, num_samples=59]
      Epoch 10 train:  50%|█████     | 10/20 [00:48<00:42,  4.23s/it, avg_loss=0.0034, num_batches=60/60, num_samples=60]
      Epoch 10 val:  50%|█████     | 10/20 [00:48<00:42,  4.23s/it, avg_loss=0.0034, num_batches=60/60, num_samples=60]  
      Epoch 10 val:  50%|█████     | 10/20 [00:48<00:42,  4.23s/it, avg_loss=0.8620, num_batches=1/15, num_samples=1]  
      Epoch 10 val:  50%|█████     | 10/20 [00:48<00:42,  4.23s/it, avg_loss=2.2274, num_batches=2/15, num_samples=2]
      Epoch 10 val:  50%|█████     | 10/20 [00:48<00:42,  4.23s/it, avg_loss=3.5705, num_batches=3/15, num_samples=3]
      Epoch 10 val:  50%|█████     | 10/20 [00:48<00:42,  4.23s/it, avg_loss=3.4331, num_batches=4/15, num_samples=4]
      Epoch 10 val:  50%|█████     | 10/20 [00:48<00:42,  4.23s/it, avg_loss=3.3364, num_batches=5/15, num_samples=5]
      Epoch 10 val:  50%|█████     | 10/20 [00:48<00:42,  4.23s/it, avg_loss=2.7890, num_batches=6/15, num_samples=6]
      Epoch 10 val:  50%|█████     | 10/20 [00:48<00:42,  4.23s/it, avg_loss=3.8547, num_batches=7/15, num_samples=7]
      Epoch 10 val:  50%|█████     | 10/20 [00:48<00:42,  4.23s/it, avg_loss=3.3759, num_batches=8/15, num_samples=8]
      Epoch 10 val:  50%|█████     | 10/20 [00:48<00:42,  4.23s/it, avg_loss=3.7909, num_batches=9/15, num_samples=9]
      Epoch 10 val:  50%|█████     | 10/20 [00:48<00:42,  4.23s/it, avg_loss=3.4127, num_batches=10/15, num_samples=10]
      Epoch 10 val:  50%|█████     | 10/20 [00:48<00:42,  4.23s/it, avg_loss=3.8316, num_batches=11/15, num_samples=11]
      Epoch 10 val:  50%|█████     | 10/20 [00:48<00:42,  4.23s/it, avg_loss=4.2526, num_batches=12/15, num_samples=12]
      Epoch 10 val:  50%|█████     | 10/20 [00:48<00:42,  4.23s/it, avg_loss=4.2721, num_batches=13/15, num_samples=13]
      Epoch 10 val:  50%|█████     | 10/20 [00:48<00:42,  4.23s/it, avg_loss=4.3037, num_batches=14/15, num_samples=14]
      Epoch 10 val:  50%|█████     | 10/20 [00:48<00:42,  4.23s/it, avg_loss=4.0168, num_batches=15/15, num_samples=15]
      Epoch 10 val:  55%|█████▌    | 11/20 [00:48<00:37,  4.17s/it, avg_loss=4.0168, num_batches=15/15, num_samples=15]
      Epoch 11 train:  55%|█████▌    | 11/20 [00:48<00:37,  4.17s/it, avg_loss=4.0168, num_batches=15/15, num_samples=15]
      Epoch 11 train:  55%|█████▌    | 11/20 [00:49<00:37,  4.17s/it, avg_loss=0.0004, num_batches=1/60, num_samples=1]  
      Epoch 11 train:  55%|█████▌    | 11/20 [00:49<00:37,  4.17s/it, avg_loss=0.0051, num_batches=2/60, num_samples=2]
      Epoch 11 train:  55%|█████▌    | 11/20 [00:49<00:37,  4.17s/it, avg_loss=0.0037, num_batches=3/60, num_samples=3]
      Epoch 11 train:  55%|█████▌    | 11/20 [00:49<00:37,  4.17s/it, avg_loss=0.0048, num_batches=4/60, num_samples=4]
      Epoch 11 train:  55%|█████▌    | 11/20 [00:49<00:37,  4.17s/it, avg_loss=0.0046, num_batches=5/60, num_samples=5]
      Epoch 11 train:  55%|█████▌    | 11/20 [00:49<00:37,  4.17s/it, avg_loss=0.0039, num_batches=6/60, num_samples=6]
      Epoch 11 train:  55%|█████▌    | 11/20 [00:49<00:37,  4.17s/it, avg_loss=0.0036, num_batches=7/60, num_samples=7]
      Epoch 11 train:  55%|█████▌    | 11/20 [00:49<00:37,  4.17s/it, avg_loss=0.0033, num_batches=8/60, num_samples=8]
      Epoch 11 train:  55%|█████▌    | 11/20 [00:49<00:37,  4.17s/it, avg_loss=0.0037, num_batches=9/60, num_samples=9]
      Epoch 11 train:  55%|█████▌    | 11/20 [00:49<00:37,  4.17s/it, avg_loss=0.0035, num_batches=10/60, num_samples=10]
      Epoch 11 train:  55%|█████▌    | 11/20 [00:49<00:37,  4.17s/it, avg_loss=0.0038, num_batches=11/60, num_samples=11]
      Epoch 11 train:  55%|█████▌    | 11/20 [00:49<00:37,  4.17s/it, avg_loss=0.0038, num_batches=12/60, num_samples=12]
      Epoch 11 train:  55%|█████▌    | 11/20 [00:49<00:37,  4.17s/it, avg_loss=0.0036, num_batches=13/60, num_samples=13]
      Epoch 11 train:  55%|█████▌    | 11/20 [00:49<00:37,  4.17s/it, avg_loss=0.0046, num_batches=14/60, num_samples=14]
      Epoch 11 train:  55%|█████▌    | 11/20 [00:49<00:37,  4.17s/it, avg_loss=0.0043, num_batches=15/60, num_samples=15]
      Epoch 11 train:  55%|█████▌    | 11/20 [00:49<00:37,  4.17s/it, avg_loss=0.0041, num_batches=16/60, num_samples=16]
      Epoch 11 train:  55%|█████▌    | 11/20 [00:50<00:37,  4.17s/it, avg_loss=0.0039, num_batches=17/60, num_samples=17]
      Epoch 11 train:  55%|█████▌    | 11/20 [00:50<00:37,  4.17s/it, avg_loss=0.0038, num_batches=18/60, num_samples=18]
      Epoch 11 train:  55%|█████▌    | 11/20 [00:50<00:37,  4.17s/it, avg_loss=0.0036, num_batches=19/60, num_samples=19]
      Epoch 11 train:  55%|█████▌    | 11/20 [00:50<00:37,  4.17s/it, avg_loss=0.0039, num_batches=20/60, num_samples=20]
      Epoch 11 train:  55%|█████▌    | 11/20 [00:50<00:37,  4.17s/it, avg_loss=0.0037, num_batches=21/60, num_samples=21]
      Epoch 11 train:  55%|█████▌    | 11/20 [00:50<00:37,  4.17s/it, avg_loss=0.0035, num_batches=22/60, num_samples=22]
      Epoch 11 train:  55%|█████▌    | 11/20 [00:50<00:37,  4.17s/it, avg_loss=0.0034, num_batches=23/60, num_samples=23]
      Epoch 11 train:  55%|█████▌    | 11/20 [00:50<00:37,  4.17s/it, avg_loss=0.0033, num_batches=24/60, num_samples=24]
      Epoch 11 train:  55%|█████▌    | 11/20 [00:50<00:37,  4.17s/it, avg_loss=0.0032, num_batches=25/60, num_samples=25]
      Epoch 11 train:  55%|█████▌    | 11/20 [00:50<00:37,  4.17s/it, avg_loss=0.0031, num_batches=26/60, num_samples=26]
      Epoch 11 train:  55%|█████▌    | 11/20 [00:50<00:37,  4.17s/it, avg_loss=0.0030, num_batches=27/60, num_samples=27]
      Epoch 11 train:  55%|█████▌    | 11/20 [00:50<00:37,  4.17s/it, avg_loss=0.0030, num_batches=28/60, num_samples=28]
      Epoch 11 train:  55%|█████▌    | 11/20 [00:50<00:37,  4.17s/it, avg_loss=0.0029, num_batches=29/60, num_samples=29]
      Epoch 11 train:  55%|█████▌    | 11/20 [00:50<00:37,  4.17s/it, avg_loss=0.0028, num_batches=30/60, num_samples=30]
      Epoch 11 train:  55%|█████▌    | 11/20 [00:50<00:37,  4.17s/it, avg_loss=0.0028, num_batches=31/60, num_samples=31]
      Epoch 11 train:  55%|█████▌    | 11/20 [00:50<00:37,  4.17s/it, avg_loss=0.0027, num_batches=32/60, num_samples=32]
      Epoch 11 train:  55%|█████▌    | 11/20 [00:50<00:37,  4.17s/it, avg_loss=0.0031, num_batches=33/60, num_samples=33]
      Epoch 11 train:  55%|█████▌    | 11/20 [00:50<00:37,  4.17s/it, avg_loss=0.0030, num_batches=34/60, num_samples=34]
      Epoch 11 train:  55%|█████▌    | 11/20 [00:50<00:37,  4.17s/it, avg_loss=0.0032, num_batches=35/60, num_samples=35]
      Epoch 11 train:  55%|█████▌    | 11/20 [00:51<00:37,  4.17s/it, avg_loss=0.0032, num_batches=36/60, num_samples=36]
      Epoch 11 train:  55%|█████▌    | 11/20 [00:51<00:37,  4.17s/it, avg_loss=0.0031, num_batches=37/60, num_samples=37]
      Epoch 11 train:  55%|█████▌    | 11/20 [00:51<00:37,  4.17s/it, avg_loss=0.0030, num_batches=38/60, num_samples=38]
      Epoch 11 train:  55%|█████▌    | 11/20 [00:51<00:37,  4.17s/it, avg_loss=0.0030, num_batches=39/60, num_samples=39]
      Epoch 11 train:  55%|█████▌    | 11/20 [00:51<00:37,  4.17s/it, avg_loss=0.0031, num_batches=40/60, num_samples=40]
      Epoch 11 train:  55%|█████▌    | 11/20 [00:51<00:37,  4.17s/it, avg_loss=0.0033, num_batches=41/60, num_samples=41]
      Epoch 11 train:  55%|█████▌    | 11/20 [00:51<00:37,  4.17s/it, avg_loss=0.0034, num_batches=42/60, num_samples=42]
      Epoch 11 train:  55%|█████▌    | 11/20 [00:51<00:37,  4.17s/it, avg_loss=0.0034, num_batches=43/60, num_samples=43]
      Epoch 11 train:  55%|█████▌    | 11/20 [00:51<00:37,  4.17s/it, avg_loss=0.0033, num_batches=44/60, num_samples=44]
      Epoch 11 train:  55%|█████▌    | 11/20 [00:51<00:37,  4.17s/it, avg_loss=0.0033, num_batches=45/60, num_samples=45]
      Epoch 11 train:  55%|█████▌    | 11/20 [00:51<00:37,  4.17s/it, avg_loss=0.0033, num_batches=46/60, num_samples=46]
      Epoch 11 train:  55%|█████▌    | 11/20 [00:51<00:37,  4.17s/it, avg_loss=0.0032, num_batches=47/60, num_samples=47]
      Epoch 11 train:  55%|█████▌    | 11/20 [00:51<00:37,  4.17s/it, avg_loss=0.0032, num_batches=48/60, num_samples=48]
      Epoch 11 train:  55%|█████▌    | 11/20 [00:51<00:37,  4.17s/it, avg_loss=0.0032, num_batches=49/60, num_samples=49]
      Epoch 11 train:  55%|█████▌    | 11/20 [00:51<00:37,  4.17s/it, avg_loss=0.0031, num_batches=50/60, num_samples=50]
      Epoch 11 train:  55%|█████▌    | 11/20 [00:51<00:37,  4.17s/it, avg_loss=0.0031, num_batches=51/60, num_samples=51]
      Epoch 11 train:  55%|█████▌    | 11/20 [00:51<00:37,  4.17s/it, avg_loss=0.0030, num_batches=52/60, num_samples=52]
      Epoch 11 train:  55%|█████▌    | 11/20 [00:51<00:37,  4.17s/it, avg_loss=0.0030, num_batches=53/60, num_samples=53]
      Epoch 11 train:  55%|█████▌    | 11/20 [00:51<00:37,  4.17s/it, avg_loss=0.0029, num_batches=54/60, num_samples=54]
      Epoch 11 train:  55%|█████▌    | 11/20 [00:51<00:37,  4.17s/it, avg_loss=0.0029, num_batches=55/60, num_samples=55]
      Epoch 11 train:  55%|█████▌    | 11/20 [00:51<00:37,  4.17s/it, avg_loss=0.0028, num_batches=56/60, num_samples=56]
      Epoch 11 train:  55%|█████▌    | 11/20 [00:52<00:37,  4.17s/it, avg_loss=0.0028, num_batches=57/60, num_samples=57]
      Epoch 11 train:  55%|█████▌    | 11/20 [00:52<00:37,  4.17s/it, avg_loss=0.0028, num_batches=58/60, num_samples=58]
      Epoch 11 train:  55%|█████▌    | 11/20 [00:52<00:37,  4.17s/it, avg_loss=0.0028, num_batches=59/60, num_samples=59]
      Epoch 11 train:  55%|█████▌    | 11/20 [00:52<00:37,  4.17s/it, avg_loss=0.0027, num_batches=60/60, num_samples=60]
      Epoch 11 val:  55%|█████▌    | 11/20 [00:52<00:37,  4.17s/it, avg_loss=0.0027, num_batches=60/60, num_samples=60]  
      Epoch 11 val:  55%|█████▌    | 11/20 [00:52<00:37,  4.17s/it, avg_loss=0.0217, num_batches=1/15, num_samples=1]  
      Epoch 11 val:  55%|█████▌    | 11/20 [00:52<00:37,  4.17s/it, avg_loss=3.1646, num_batches=2/15, num_samples=2]
      Epoch 11 val:  55%|█████▌    | 11/20 [00:52<00:37,  4.17s/it, avg_loss=2.1134, num_batches=3/15, num_samples=3]
      Epoch 11 val:  55%|█████▌    | 11/20 [00:52<00:37,  4.17s/it, avg_loss=3.6469, num_batches=4/15, num_samples=4]
      Epoch 11 val:  55%|█████▌    | 11/20 [00:52<00:37,  4.17s/it, avg_loss=3.6616, num_batches=5/15, num_samples=5]
      Epoch 11 val:  55%|█████▌    | 11/20 [00:52<00:37,  4.17s/it, avg_loss=3.8364, num_batches=6/15, num_samples=6]
      Epoch 11 val:  55%|█████▌    | 11/20 [00:52<00:37,  4.17s/it, avg_loss=3.7160, num_batches=7/15, num_samples=7]
      Epoch 11 val:  55%|█████▌    | 11/20 [00:52<00:37,  4.17s/it, avg_loss=4.3625, num_batches=8/15, num_samples=8]
      Epoch 11 val:  55%|█████▌    | 11/20 [00:52<00:37,  4.17s/it, avg_loss=3.9617, num_batches=9/15, num_samples=9]
      Epoch 11 val:  55%|█████▌    | 11/20 [00:52<00:37,  4.17s/it, avg_loss=4.0441, num_batches=10/15, num_samples=10]
      Epoch 11 val:  55%|█████▌    | 11/20 [00:52<00:37,  4.17s/it, avg_loss=3.9532, num_batches=11/15, num_samples=11]
      Epoch 11 val:  55%|█████▌    | 11/20 [00:52<00:37,  4.17s/it, avg_loss=4.4992, num_batches=12/15, num_samples=12]
      Epoch 11 val:  55%|█████▌    | 11/20 [00:52<00:37,  4.17s/it, avg_loss=4.7114, num_batches=13/15, num_samples=13]
      Epoch 11 val:  55%|█████▌    | 11/20 [00:52<00:37,  4.17s/it, avg_loss=4.3778, num_batches=14/15, num_samples=14]
      Epoch 11 val:  55%|█████▌    | 11/20 [00:52<00:37,  4.17s/it, avg_loss=4.0859, num_batches=15/15, num_samples=15]
      Epoch 11 val:  60%|██████    | 12/20 [00:52<00:32,  4.11s/it, avg_loss=4.0859, num_batches=15/15, num_samples=15]
      Epoch 12 train:  60%|██████    | 12/20 [00:52<00:32,  4.11s/it, avg_loss=4.0859, num_batches=15/15, num_samples=15]
      Epoch 12 train:  60%|██████    | 12/20 [00:53<00:32,  4.11s/it, avg_loss=0.0059, num_batches=1/60, num_samples=1]  
      Epoch 12 train:  60%|██████    | 12/20 [00:53<00:32,  4.11s/it, avg_loss=0.0038, num_batches=2/60, num_samples=2]
      Epoch 12 train:  60%|██████    | 12/20 [00:53<00:32,  4.11s/it, avg_loss=0.0026, num_batches=3/60, num_samples=3]
      Epoch 12 train:  60%|██████    | 12/20 [00:53<00:32,  4.11s/it, avg_loss=0.0021, num_batches=4/60, num_samples=4]
      Epoch 12 train:  60%|██████    | 12/20 [00:53<00:32,  4.11s/it, avg_loss=0.0022, num_batches=5/60, num_samples=5]
      Epoch 12 train:  60%|██████    | 12/20 [00:53<00:32,  4.11s/it, avg_loss=0.0022, num_batches=6/60, num_samples=6]
      Epoch 12 train:  60%|██████    | 12/20 [00:53<00:32,  4.11s/it, avg_loss=0.0019, num_batches=7/60, num_samples=7]
      Epoch 12 train:  60%|██████    | 12/20 [00:53<00:32,  4.11s/it, avg_loss=0.0032, num_batches=8/60, num_samples=8]
      Epoch 12 train:  60%|██████    | 12/20 [00:53<00:32,  4.11s/it, avg_loss=0.0030, num_batches=9/60, num_samples=9]
      Epoch 12 train:  60%|██████    | 12/20 [00:53<00:32,  4.11s/it, avg_loss=0.0036, num_batches=10/60, num_samples=10]
      Epoch 12 train:  60%|██████    | 12/20 [00:53<00:32,  4.11s/it, avg_loss=0.0034, num_batches=11/60, num_samples=11]
      Epoch 12 train:  60%|██████    | 12/20 [00:53<00:32,  4.11s/it, avg_loss=0.0036, num_batches=12/60, num_samples=12]
      Epoch 12 train:  60%|██████    | 12/20 [00:53<00:32,  4.11s/it, avg_loss=0.0035, num_batches=13/60, num_samples=13]
      Epoch 12 train:  60%|██████    | 12/20 [00:53<00:32,  4.11s/it, avg_loss=0.0038, num_batches=14/60, num_samples=14]
      Epoch 12 train:  60%|██████    | 12/20 [00:53<00:32,  4.11s/it, avg_loss=0.0037, num_batches=15/60, num_samples=15]
      Epoch 12 train:  60%|██████    | 12/20 [00:53<00:32,  4.11s/it, avg_loss=0.0035, num_batches=16/60, num_samples=16]
      Epoch 12 train:  60%|██████    | 12/20 [00:53<00:32,  4.11s/it, avg_loss=0.0033, num_batches=17/60, num_samples=17]
      Epoch 12 train:  60%|██████    | 12/20 [00:53<00:32,  4.11s/it, avg_loss=0.0031, num_batches=18/60, num_samples=18]
      Epoch 12 train:  60%|██████    | 12/20 [00:54<00:32,  4.11s/it, avg_loss=0.0030, num_batches=19/60, num_samples=19]
      Epoch 12 train:  60%|██████    | 12/20 [00:54<00:32,  4.11s/it, avg_loss=0.0029, num_batches=20/60, num_samples=20]
      Epoch 12 train:  60%|██████    | 12/20 [00:54<00:32,  4.11s/it, avg_loss=0.0028, num_batches=21/60, num_samples=21]
      Epoch 12 train:  60%|██████    | 12/20 [00:54<00:32,  4.11s/it, avg_loss=0.0027, num_batches=22/60, num_samples=22]
      Epoch 12 train:  60%|██████    | 12/20 [00:54<00:32,  4.11s/it, avg_loss=0.0026, num_batches=23/60, num_samples=23]
      Epoch 12 train:  60%|██████    | 12/20 [00:54<00:32,  4.11s/it, avg_loss=0.0025, num_batches=24/60, num_samples=24]
      Epoch 12 train:  60%|██████    | 12/20 [00:54<00:32,  4.11s/it, avg_loss=0.0024, num_batches=25/60, num_samples=25]
      Epoch 12 train:  60%|██████    | 12/20 [00:54<00:32,  4.11s/it, avg_loss=0.0023, num_batches=26/60, num_samples=26]
      Epoch 12 train:  60%|██████    | 12/20 [00:54<00:32,  4.11s/it, avg_loss=0.0023, num_batches=27/60, num_samples=27]
      Epoch 12 train:  60%|██████    | 12/20 [00:54<00:32,  4.11s/it, avg_loss=0.0025, num_batches=28/60, num_samples=28]
      Epoch 12 train:  60%|██████    | 12/20 [00:54<00:32,  4.11s/it, avg_loss=0.0024, num_batches=29/60, num_samples=29]
      Epoch 12 train:  60%|██████    | 12/20 [00:54<00:32,  4.11s/it, avg_loss=0.0026, num_batches=30/60, num_samples=30]
      Epoch 12 train:  60%|██████    | 12/20 [00:54<00:32,  4.11s/it, avg_loss=0.0025, num_batches=31/60, num_samples=31]
      Epoch 12 train:  60%|██████    | 12/20 [00:54<00:32,  4.11s/it, avg_loss=0.0026, num_batches=32/60, num_samples=32]
      Epoch 12 train:  60%|██████    | 12/20 [00:54<00:32,  4.11s/it, avg_loss=0.0025, num_batches=33/60, num_samples=33]
      Epoch 12 train:  60%|██████    | 12/20 [00:54<00:32,  4.11s/it, avg_loss=0.0024, num_batches=34/60, num_samples=34]
      Epoch 12 train:  60%|██████    | 12/20 [00:54<00:32,  4.11s/it, avg_loss=0.0024, num_batches=35/60, num_samples=35]
      Epoch 12 train:  60%|██████    | 12/20 [00:54<00:32,  4.11s/it, avg_loss=0.0024, num_batches=36/60, num_samples=36]
      Epoch 12 train:  60%|██████    | 12/20 [00:54<00:32,  4.11s/it, avg_loss=0.0023, num_batches=37/60, num_samples=37]
      Epoch 12 train:  60%|██████    | 12/20 [00:54<00:32,  4.11s/it, avg_loss=0.0022, num_batches=38/60, num_samples=38]
      Epoch 12 train:  60%|██████    | 12/20 [00:55<00:32,  4.11s/it, avg_loss=0.0023, num_batches=39/60, num_samples=39]
      Epoch 12 train:  60%|██████    | 12/20 [00:55<00:32,  4.11s/it, avg_loss=0.0022, num_batches=40/60, num_samples=40]
      Epoch 12 train:  60%|██████    | 12/20 [00:55<00:32,  4.11s/it, avg_loss=0.0022, num_batches=41/60, num_samples=41]
      Epoch 12 train:  60%|██████    | 12/20 [00:55<00:32,  4.11s/it, avg_loss=0.0022, num_batches=42/60, num_samples=42]
      Epoch 12 train:  60%|██████    | 12/20 [00:55<00:32,  4.11s/it, avg_loss=0.0021, num_batches=43/60, num_samples=43]
      Epoch 12 train:  60%|██████    | 12/20 [00:55<00:32,  4.11s/it, avg_loss=0.0022, num_batches=44/60, num_samples=44]
      Epoch 12 train:  60%|██████    | 12/20 [00:55<00:32,  4.11s/it, avg_loss=0.0022, num_batches=45/60, num_samples=45]
      Epoch 12 train:  60%|██████    | 12/20 [00:55<00:32,  4.11s/it, avg_loss=0.0022, num_batches=46/60, num_samples=46]
      Epoch 12 train:  60%|██████    | 12/20 [00:55<00:32,  4.11s/it, avg_loss=0.0021, num_batches=47/60, num_samples=47]
      Epoch 12 train:  60%|██████    | 12/20 [00:55<00:32,  4.11s/it, avg_loss=0.0022, num_batches=48/60, num_samples=48]
      Epoch 12 train:  60%|██████    | 12/20 [00:55<00:32,  4.11s/it, avg_loss=0.0021, num_batches=49/60, num_samples=49]
      Epoch 12 train:  60%|██████    | 12/20 [00:55<00:32,  4.11s/it, avg_loss=0.0021, num_batches=50/60, num_samples=50]
      Epoch 12 train:  60%|██████    | 12/20 [00:55<00:32,  4.11s/it, avg_loss=0.0023, num_batches=51/60, num_samples=51]
      Epoch 12 train:  60%|██████    | 12/20 [00:55<00:32,  4.11s/it, avg_loss=0.0022, num_batches=52/60, num_samples=52]
      Epoch 12 train:  60%|██████    | 12/20 [00:55<00:32,  4.11s/it, avg_loss=0.0022, num_batches=53/60, num_samples=53]
      Epoch 12 train:  60%|██████    | 12/20 [00:55<00:32,  4.11s/it, avg_loss=0.0022, num_batches=54/60, num_samples=54]
      Epoch 12 train:  60%|██████    | 12/20 [00:55<00:32,  4.11s/it, avg_loss=0.0022, num_batches=55/60, num_samples=55]
      Epoch 12 train:  60%|██████    | 12/20 [00:55<00:32,  4.11s/it, avg_loss=0.0021, num_batches=56/60, num_samples=56]
      Epoch 12 train:  60%|██████    | 12/20 [00:55<00:32,  4.11s/it, avg_loss=0.0022, num_batches=57/60, num_samples=57]
      Epoch 12 train:  60%|██████    | 12/20 [00:56<00:32,  4.11s/it, avg_loss=0.0022, num_batches=58/60, num_samples=58]
      Epoch 12 train:  60%|██████    | 12/20 [00:56<00:32,  4.11s/it, avg_loss=0.0022, num_batches=59/60, num_samples=59]
      Epoch 12 train:  60%|██████    | 12/20 [00:56<00:32,  4.11s/it, avg_loss=0.0022, num_batches=60/60, num_samples=60]
      Epoch 12 val:  60%|██████    | 12/20 [00:56<00:32,  4.11s/it, avg_loss=0.0022, num_batches=60/60, num_samples=60]  
      Epoch 12 val:  60%|██████    | 12/20 [00:56<00:32,  4.11s/it, avg_loss=0.0123, num_batches=1/15, num_samples=1]  
      Epoch 12 val:  60%|██████    | 12/20 [00:56<00:32,  4.11s/it, avg_loss=3.6908, num_batches=2/15, num_samples=2]
      Epoch 12 val:  60%|██████    | 12/20 [00:56<00:32,  4.11s/it, avg_loss=2.4671, num_batches=3/15, num_samples=3]
      Epoch 12 val:  60%|██████    | 12/20 [00:56<00:32,  4.11s/it, avg_loss=2.7980, num_batches=4/15, num_samples=4]
      Epoch 12 val:  60%|██████    | 12/20 [00:56<00:32,  4.11s/it, avg_loss=2.8434, num_batches=5/15, num_samples=5]
      Epoch 12 val:  60%|██████    | 12/20 [00:56<00:32,  4.11s/it, avg_loss=3.8519, num_batches=6/15, num_samples=6]
      Epoch 12 val:  60%|██████    | 12/20 [00:56<00:32,  4.11s/it, avg_loss=3.3999, num_batches=7/15, num_samples=7]
      Epoch 12 val:  60%|██████    | 12/20 [00:56<00:32,  4.11s/it, avg_loss=3.5821, num_batches=8/15, num_samples=8]
      Epoch 12 val:  60%|██████    | 12/20 [00:56<00:32,  4.11s/it, avg_loss=3.7189, num_batches=9/15, num_samples=9]
      Epoch 12 val:  60%|██████    | 12/20 [00:56<00:32,  4.11s/it, avg_loss=3.3471, num_batches=10/15, num_samples=10]
      Epoch 12 val:  60%|██████    | 12/20 [00:56<00:32,  4.11s/it, avg_loss=3.8081, num_batches=11/15, num_samples=11]
      Epoch 12 val:  60%|██████    | 12/20 [00:56<00:32,  4.11s/it, avg_loss=4.0186, num_batches=12/15, num_samples=12]
      Epoch 12 val:  60%|██████    | 12/20 [00:56<00:32,  4.11s/it, avg_loss=3.9422, num_batches=13/15, num_samples=13]
      Epoch 12 val:  60%|██████    | 12/20 [00:56<00:32,  4.11s/it, avg_loss=3.6631, num_batches=14/15, num_samples=14]
      Epoch 12 val:  60%|██████    | 12/20 [00:56<00:32,  4.11s/it, avg_loss=4.1319, num_batches=15/15, num_samples=15]
      Epoch 12 val:  65%|██████▌   | 13/20 [00:56<00:28,  4.08s/it, avg_loss=4.1319, num_batches=15/15, num_samples=15]
      Epoch 13 train:  65%|██████▌   | 13/20 [00:56<00:28,  4.08s/it, avg_loss=4.1319, num_batches=15/15, num_samples=15]
      Epoch 13 train:  65%|██████▌   | 13/20 [00:57<00:28,  4.08s/it, avg_loss=0.0045, num_batches=1/60, num_samples=1]  
      Epoch 13 train:  65%|██████▌   | 13/20 [00:57<00:28,  4.08s/it, avg_loss=0.0025, num_batches=2/60, num_samples=2]
      Epoch 13 train:  65%|██████▌   | 13/20 [00:57<00:28,  4.08s/it, avg_loss=0.0022, num_batches=3/60, num_samples=3]
      Epoch 13 train:  65%|██████▌   | 13/20 [00:57<00:28,  4.08s/it, avg_loss=0.0025, num_batches=4/60, num_samples=4]
      Epoch 13 train:  65%|██████▌   | 13/20 [00:57<00:28,  4.08s/it, avg_loss=0.0021, num_batches=5/60, num_samples=5]
      Epoch 13 train:  65%|██████▌   | 13/20 [00:57<00:28,  4.08s/it, avg_loss=0.0018, num_batches=6/60, num_samples=6]
      Epoch 13 train:  65%|██████▌   | 13/20 [00:57<00:28,  4.08s/it, avg_loss=0.0016, num_batches=7/60, num_samples=7]
      Epoch 13 train:  65%|██████▌   | 13/20 [00:57<00:28,  4.08s/it, avg_loss=0.0014, num_batches=8/60, num_samples=8]
      Epoch 13 train:  65%|██████▌   | 13/20 [00:57<00:28,  4.08s/it, avg_loss=0.0013, num_batches=9/60, num_samples=9]
      Epoch 13 train:  65%|██████▌   | 13/20 [00:57<00:28,  4.08s/it, avg_loss=0.0018, num_batches=10/60, num_samples=10]
      Epoch 13 train:  65%|██████▌   | 13/20 [00:57<00:28,  4.08s/it, avg_loss=0.0017, num_batches=11/60, num_samples=11]
      Epoch 13 train:  65%|██████▌   | 13/20 [00:57<00:28,  4.08s/it, avg_loss=0.0021, num_batches=12/60, num_samples=12]
      Epoch 13 train:  65%|██████▌   | 13/20 [00:57<00:28,  4.08s/it, avg_loss=0.0020, num_batches=13/60, num_samples=13]
      Epoch 13 train:  65%|██████▌   | 13/20 [00:57<00:28,  4.08s/it, avg_loss=0.0019, num_batches=14/60, num_samples=14]
      Epoch 13 train:  65%|██████▌   | 13/20 [00:57<00:28,  4.08s/it, avg_loss=0.0022, num_batches=15/60, num_samples=15]
      Epoch 13 train:  65%|██████▌   | 13/20 [00:57<00:28,  4.08s/it, avg_loss=0.0023, num_batches=16/60, num_samples=16]
      Epoch 13 train:  65%|██████▌   | 13/20 [00:57<00:28,  4.08s/it, avg_loss=0.0022, num_batches=17/60, num_samples=17]
      Epoch 13 train:  65%|██████▌   | 13/20 [00:58<00:28,  4.08s/it, avg_loss=0.0021, num_batches=18/60, num_samples=18]
      Epoch 13 train:  65%|██████▌   | 13/20 [00:58<00:28,  4.08s/it, avg_loss=0.0020, num_batches=19/60, num_samples=19]
      Epoch 13 train:  65%|██████▌   | 13/20 [00:58<00:28,  4.08s/it, avg_loss=0.0019, num_batches=20/60, num_samples=20]
      Epoch 13 train:  65%|██████▌   | 13/20 [00:58<00:28,  4.08s/it, avg_loss=0.0019, num_batches=21/60, num_samples=21]
      Epoch 13 train:  65%|██████▌   | 13/20 [00:58<00:28,  4.08s/it, avg_loss=0.0022, num_batches=22/60, num_samples=22]
      Epoch 13 train:  65%|██████▌   | 13/20 [00:58<00:28,  4.08s/it, avg_loss=0.0023, num_batches=23/60, num_samples=23]
      Epoch 13 train:  65%|██████▌   | 13/20 [00:58<00:28,  4.08s/it, avg_loss=0.0022, num_batches=24/60, num_samples=24]
      Epoch 13 train:  65%|██████▌   | 13/20 [00:58<00:28,  4.08s/it, avg_loss=0.0022, num_batches=25/60, num_samples=25]
      Epoch 13 train:  65%|██████▌   | 13/20 [00:58<00:28,  4.08s/it, avg_loss=0.0021, num_batches=26/60, num_samples=26]
      Epoch 13 train:  65%|██████▌   | 13/20 [00:58<00:28,  4.08s/it, avg_loss=0.0020, num_batches=27/60, num_samples=27]
      Epoch 13 train:  65%|██████▌   | 13/20 [00:58<00:28,  4.08s/it, avg_loss=0.0020, num_batches=28/60, num_samples=28]
      Epoch 13 train:  65%|██████▌   | 13/20 [00:58<00:28,  4.08s/it, avg_loss=0.0020, num_batches=29/60, num_samples=29]
      Epoch 13 train:  65%|██████▌   | 13/20 [00:58<00:28,  4.08s/it, avg_loss=0.0020, num_batches=30/60, num_samples=30]
      Epoch 13 train:  65%|██████▌   | 13/20 [00:58<00:28,  4.08s/it, avg_loss=0.0019, num_batches=31/60, num_samples=31]
      Epoch 13 train:  65%|██████▌   | 13/20 [00:58<00:28,  4.08s/it, avg_loss=0.0019, num_batches=32/60, num_samples=32]
      Epoch 13 train:  65%|██████▌   | 13/20 [00:58<00:28,  4.08s/it, avg_loss=0.0019, num_batches=33/60, num_samples=33]
      Epoch 13 train:  65%|██████▌   | 13/20 [00:58<00:28,  4.08s/it, avg_loss=0.0018, num_batches=34/60, num_samples=34]
      Epoch 13 train:  65%|██████▌   | 13/20 [00:58<00:28,  4.08s/it, avg_loss=0.0018, num_batches=35/60, num_samples=35]
      Epoch 13 train:  65%|██████▌   | 13/20 [00:58<00:28,  4.08s/it, avg_loss=0.0020, num_batches=36/60, num_samples=36]
      Epoch 13 train:  65%|██████▌   | 13/20 [00:59<00:28,  4.08s/it, avg_loss=0.0019, num_batches=37/60, num_samples=37]
      Epoch 13 train:  65%|██████▌   | 13/20 [00:59<00:28,  4.08s/it, avg_loss=0.0020, num_batches=38/60, num_samples=38]
      Epoch 13 train:  65%|██████▌   | 13/20 [00:59<00:28,  4.08s/it, avg_loss=0.0019, num_batches=39/60, num_samples=39]
      Epoch 13 train:  65%|██████▌   | 13/20 [00:59<00:28,  4.08s/it, avg_loss=0.0020, num_batches=40/60, num_samples=40]
      Epoch 13 train:  65%|██████▌   | 13/20 [00:59<00:28,  4.08s/it, avg_loss=0.0022, num_batches=41/60, num_samples=41]
      Epoch 13 train:  65%|██████▌   | 13/20 [00:59<00:28,  4.08s/it, avg_loss=0.0021, num_batches=42/60, num_samples=42]
      Epoch 13 train:  65%|██████▌   | 13/20 [00:59<00:28,  4.08s/it, avg_loss=0.0021, num_batches=43/60, num_samples=43]
      Epoch 13 train:  65%|██████▌   | 13/20 [00:59<00:28,  4.08s/it, avg_loss=0.0021, num_batches=44/60, num_samples=44]
      Epoch 13 train:  65%|██████▌   | 13/20 [00:59<00:28,  4.08s/it, avg_loss=0.0021, num_batches=45/60, num_samples=45]
      Epoch 13 train:  65%|██████▌   | 13/20 [00:59<00:28,  4.08s/it, avg_loss=0.0020, num_batches=46/60, num_samples=46]
      Epoch 13 train:  65%|██████▌   | 13/20 [00:59<00:28,  4.08s/it, avg_loss=0.0020, num_batches=47/60, num_samples=47]
      Epoch 13 train:  65%|██████▌   | 13/20 [00:59<00:28,  4.08s/it, avg_loss=0.0020, num_batches=48/60, num_samples=48]
      Epoch 13 train:  65%|██████▌   | 13/20 [00:59<00:28,  4.08s/it, avg_loss=0.0020, num_batches=49/60, num_samples=49]
      Epoch 13 train:  65%|██████▌   | 13/20 [00:59<00:28,  4.08s/it, avg_loss=0.0020, num_batches=50/60, num_samples=50]
      Epoch 13 train:  65%|██████▌   | 13/20 [00:59<00:28,  4.08s/it, avg_loss=0.0019, num_batches=51/60, num_samples=51]
      Epoch 13 train:  65%|██████▌   | 13/20 [00:59<00:28,  4.08s/it, avg_loss=0.0019, num_batches=52/60, num_samples=52]
      Epoch 13 train:  65%|██████▌   | 13/20 [00:59<00:28,  4.08s/it, avg_loss=0.0019, num_batches=53/60, num_samples=53]
      Epoch 13 train:  65%|██████▌   | 13/20 [00:59<00:28,  4.08s/it, avg_loss=0.0019, num_batches=54/60, num_samples=54]
      Epoch 13 train:  65%|██████▌   | 13/20 [00:59<00:28,  4.08s/it, avg_loss=0.0018, num_batches=55/60, num_samples=55]
      Epoch 13 train:  65%|██████▌   | 13/20 [00:59<00:28,  4.08s/it, avg_loss=0.0018, num_batches=56/60, num_samples=56]
      Epoch 13 train:  65%|██████▌   | 13/20 [01:00<00:28,  4.08s/it, avg_loss=0.0018, num_batches=57/60, num_samples=57]
      Epoch 13 train:  65%|██████▌   | 13/20 [01:00<00:28,  4.08s/it, avg_loss=0.0019, num_batches=58/60, num_samples=58]
      Epoch 13 train:  65%|██████▌   | 13/20 [01:00<00:28,  4.08s/it, avg_loss=0.0019, num_batches=59/60, num_samples=59]
      Epoch 13 train:  65%|██████▌   | 13/20 [01:00<00:28,  4.08s/it, avg_loss=0.0019, num_batches=60/60, num_samples=60]
      Epoch 13 val:  65%|██████▌   | 13/20 [01:00<00:28,  4.08s/it, avg_loss=0.0019, num_batches=60/60, num_samples=60]  
      Epoch 13 val:  65%|██████▌   | 13/20 [01:00<00:28,  4.08s/it, avg_loss=4.8903, num_batches=1/15, num_samples=1]  
      Epoch 13 val:  65%|██████▌   | 13/20 [01:00<00:28,  4.08s/it, avg_loss=3.9799, num_batches=2/15, num_samples=2]
      Epoch 13 val:  65%|██████▌   | 13/20 [01:00<00:28,  4.08s/it, avg_loss=4.2811, num_batches=3/15, num_samples=3]
      Epoch 13 val:  65%|██████▌   | 13/20 [01:00<00:28,  4.08s/it, avg_loss=5.0639, num_batches=4/15, num_samples=4]
      Epoch 13 val:  65%|██████▌   | 13/20 [01:00<00:28,  4.08s/it, avg_loss=4.1830, num_batches=5/15, num_samples=5]
      Epoch 13 val:  65%|██████▌   | 13/20 [01:00<00:28,  4.08s/it, avg_loss=3.4859, num_batches=6/15, num_samples=6]
      Epoch 13 val:  65%|██████▌   | 13/20 [01:00<00:28,  4.08s/it, avg_loss=3.5384, num_batches=7/15, num_samples=7]
      Epoch 13 val:  65%|██████▌   | 13/20 [01:00<00:28,  4.08s/it, avg_loss=4.2077, num_batches=8/15, num_samples=8]
      Epoch 13 val:  65%|██████▌   | 13/20 [01:00<00:28,  4.08s/it, avg_loss=3.7415, num_batches=9/15, num_samples=9]
      Epoch 13 val:  65%|██████▌   | 13/20 [01:00<00:28,  4.08s/it, avg_loss=3.3707, num_batches=10/15, num_samples=10]
      Epoch 13 val:  65%|██████▌   | 13/20 [01:00<00:28,  4.08s/it, avg_loss=4.0462, num_batches=11/15, num_samples=11]
      Epoch 13 val:  65%|██████▌   | 13/20 [01:00<00:28,  4.08s/it, avg_loss=3.9666, num_batches=12/15, num_samples=12]
      Epoch 13 val:  65%|██████▌   | 13/20 [01:00<00:28,  4.08s/it, avg_loss=4.3160, num_batches=13/15, num_samples=13]
      Epoch 13 val:  65%|██████▌   | 13/20 [01:00<00:28,  4.08s/it, avg_loss=4.4609, num_batches=14/15, num_samples=14]
      Epoch 13 val:  65%|██████▌   | 13/20 [01:00<00:28,  4.08s/it, avg_loss=4.1648, num_batches=15/15, num_samples=15]
      Epoch 13 val:  70%|███████   | 14/20 [01:00<00:24,  4.05s/it, avg_loss=4.1648, num_batches=15/15, num_samples=15]
      Epoch 14 train:  70%|███████   | 14/20 [01:00<00:24,  4.05s/it, avg_loss=4.1648, num_batches=15/15, num_samples=15]
      Epoch 14 train:  70%|███████   | 14/20 [01:01<00:24,  4.05s/it, avg_loss=0.0006, num_batches=1/60, num_samples=1]  
      Epoch 14 train:  70%|███████   | 14/20 [01:01<00:24,  4.05s/it, avg_loss=0.0006, num_batches=2/60, num_samples=2]
      Epoch 14 train:  70%|███████   | 14/20 [01:01<00:24,  4.05s/it, avg_loss=0.0005, num_batches=3/60, num_samples=3]
      Epoch 14 train:  70%|███████   | 14/20 [01:01<00:24,  4.05s/it, avg_loss=0.0005, num_batches=4/60, num_samples=4]
      Epoch 14 train:  70%|███████   | 14/20 [01:01<00:24,  4.05s/it, avg_loss=0.0004, num_batches=5/60, num_samples=5]
      Epoch 14 train:  70%|███████   | 14/20 [01:01<00:24,  4.05s/it, avg_loss=0.0007, num_batches=6/60, num_samples=6]
      Epoch 14 train:  70%|███████   | 14/20 [01:01<00:24,  4.05s/it, avg_loss=0.0006, num_batches=7/60, num_samples=7]
      Epoch 14 train:  70%|███████   | 14/20 [01:01<00:24,  4.05s/it, avg_loss=0.0007, num_batches=8/60, num_samples=8]
      Epoch 14 train:  70%|███████   | 14/20 [01:01<00:24,  4.05s/it, avg_loss=0.0007, num_batches=9/60, num_samples=9]
      Epoch 14 train:  70%|███████   | 14/20 [01:01<00:24,  4.05s/it, avg_loss=0.0007, num_batches=10/60, num_samples=10]
      Epoch 14 train:  70%|███████   | 14/20 [01:01<00:24,  4.05s/it, avg_loss=0.0006, num_batches=11/60, num_samples=11]
      Epoch 14 train:  70%|███████   | 14/20 [01:01<00:24,  4.05s/it, avg_loss=0.0006, num_batches=12/60, num_samples=12]
      Epoch 14 train:  70%|███████   | 14/20 [01:01<00:24,  4.05s/it, avg_loss=0.0006, num_batches=13/60, num_samples=13]
      Epoch 14 train:  70%|███████   | 14/20 [01:01<00:24,  4.05s/it, avg_loss=0.0012, num_batches=14/60, num_samples=14]
      Epoch 14 train:  70%|███████   | 14/20 [01:01<00:24,  4.05s/it, avg_loss=0.0014, num_batches=15/60, num_samples=15]
      Epoch 14 train:  70%|███████   | 14/20 [01:01<00:24,  4.05s/it, avg_loss=0.0014, num_batches=16/60, num_samples=16]
      Epoch 14 train:  70%|███████   | 14/20 [01:01<00:24,  4.05s/it, avg_loss=0.0016, num_batches=17/60, num_samples=17]
      Epoch 14 train:  70%|███████   | 14/20 [01:01<00:24,  4.05s/it, avg_loss=0.0017, num_batches=18/60, num_samples=18]
      Epoch 14 train:  70%|███████   | 14/20 [01:01<00:24,  4.05s/it, avg_loss=0.0017, num_batches=19/60, num_samples=19]
      Epoch 14 train:  70%|███████   | 14/20 [01:02<00:24,  4.05s/it, avg_loss=0.0017, num_batches=20/60, num_samples=20]
      Epoch 14 train:  70%|███████   | 14/20 [01:02<00:24,  4.05s/it, avg_loss=0.0016, num_batches=21/60, num_samples=21]
      Epoch 14 train:  70%|███████   | 14/20 [01:02<00:24,  4.05s/it, avg_loss=0.0016, num_batches=22/60, num_samples=22]
      Epoch 14 train:  70%|███████   | 14/20 [01:02<00:24,  4.05s/it, avg_loss=0.0016, num_batches=23/60, num_samples=23]
      Epoch 14 train:  70%|███████   | 14/20 [01:02<00:24,  4.05s/it, avg_loss=0.0018, num_batches=24/60, num_samples=24]
      Epoch 14 train:  70%|███████   | 14/20 [01:02<00:24,  4.05s/it, avg_loss=0.0018, num_batches=25/60, num_samples=25]
      Epoch 14 train:  70%|███████   | 14/20 [01:02<00:24,  4.05s/it, avg_loss=0.0018, num_batches=26/60, num_samples=26]
      Epoch 14 train:  70%|███████   | 14/20 [01:02<00:24,  4.05s/it, avg_loss=0.0017, num_batches=27/60, num_samples=27]
      Epoch 14 train:  70%|███████   | 14/20 [01:02<00:24,  4.05s/it, avg_loss=0.0017, num_batches=28/60, num_samples=28]
      Epoch 14 train:  70%|███████   | 14/20 [01:02<00:24,  4.05s/it, avg_loss=0.0017, num_batches=29/60, num_samples=29]
      Epoch 14 train:  70%|███████   | 14/20 [01:02<00:24,  4.05s/it, avg_loss=0.0017, num_batches=30/60, num_samples=30]
      Epoch 14 train:  70%|███████   | 14/20 [01:02<00:24,  4.05s/it, avg_loss=0.0019, num_batches=31/60, num_samples=31]
      Epoch 14 train:  70%|███████   | 14/20 [01:02<00:24,  4.05s/it, avg_loss=0.0018, num_batches=32/60, num_samples=32]
      Epoch 14 train:  70%|███████   | 14/20 [01:02<00:24,  4.05s/it, avg_loss=0.0018, num_batches=33/60, num_samples=33]
      Epoch 14 train:  70%|███████   | 14/20 [01:02<00:24,  4.05s/it, avg_loss=0.0018, num_batches=34/60, num_samples=34]
      Epoch 14 train:  70%|███████   | 14/20 [01:02<00:24,  4.05s/it, avg_loss=0.0018, num_batches=35/60, num_samples=35]
      Epoch 14 train:  70%|███████   | 14/20 [01:02<00:24,  4.05s/it, avg_loss=0.0017, num_batches=36/60, num_samples=36]
      Epoch 14 train:  70%|███████   | 14/20 [01:02<00:24,  4.05s/it, avg_loss=0.0017, num_batches=37/60, num_samples=37]
      Epoch 14 train:  70%|███████   | 14/20 [01:03<00:24,  4.05s/it, avg_loss=0.0017, num_batches=38/60, num_samples=38]
      Epoch 14 train:  70%|███████   | 14/20 [01:03<00:24,  4.05s/it, avg_loss=0.0018, num_batches=39/60, num_samples=39]
      Epoch 14 train:  70%|███████   | 14/20 [01:03<00:24,  4.05s/it, avg_loss=0.0018, num_batches=40/60, num_samples=40]
      Epoch 14 train:  70%|███████   | 14/20 [01:03<00:24,  4.05s/it, avg_loss=0.0018, num_batches=41/60, num_samples=41]
      Epoch 14 train:  70%|███████   | 14/20 [01:03<00:24,  4.05s/it, avg_loss=0.0018, num_batches=42/60, num_samples=42]
      Epoch 14 train:  70%|███████   | 14/20 [01:03<00:24,  4.05s/it, avg_loss=0.0017, num_batches=43/60, num_samples=43]
      Epoch 14 train:  70%|███████   | 14/20 [01:03<00:24,  4.05s/it, avg_loss=0.0017, num_batches=44/60, num_samples=44]
      Epoch 14 train:  70%|███████   | 14/20 [01:03<00:24,  4.05s/it, avg_loss=0.0017, num_batches=45/60, num_samples=45]
      Epoch 14 train:  70%|███████   | 14/20 [01:03<00:24,  4.05s/it, avg_loss=0.0017, num_batches=46/60, num_samples=46]
      Epoch 14 train:  70%|███████   | 14/20 [01:03<00:24,  4.05s/it, avg_loss=0.0017, num_batches=47/60, num_samples=47]
      Epoch 14 train:  70%|███████   | 14/20 [01:03<00:24,  4.05s/it, avg_loss=0.0016, num_batches=48/60, num_samples=48]
      Epoch 14 train:  70%|███████   | 14/20 [01:03<00:24,  4.05s/it, avg_loss=0.0017, num_batches=49/60, num_samples=49]
      Epoch 14 train:  70%|███████   | 14/20 [01:03<00:24,  4.05s/it, avg_loss=0.0016, num_batches=50/60, num_samples=50]
      Epoch 14 train:  70%|███████   | 14/20 [01:03<00:24,  4.05s/it, avg_loss=0.0016, num_batches=51/60, num_samples=51]
      Epoch 14 train:  70%|███████   | 14/20 [01:03<00:24,  4.05s/it, avg_loss=0.0016, num_batches=52/60, num_samples=52]
      Epoch 14 train:  70%|███████   | 14/20 [01:03<00:24,  4.05s/it, avg_loss=0.0016, num_batches=53/60, num_samples=53]
      Epoch 14 train:  70%|███████   | 14/20 [01:03<00:24,  4.05s/it, avg_loss=0.0016, num_batches=54/60, num_samples=54]
      Epoch 14 train:  70%|███████   | 14/20 [01:03<00:24,  4.05s/it, avg_loss=0.0017, num_batches=55/60, num_samples=55]
      Epoch 14 train:  70%|███████   | 14/20 [01:03<00:24,  4.05s/it, avg_loss=0.0017, num_batches=56/60, num_samples=56]
      Epoch 14 train:  70%|███████   | 14/20 [01:04<00:24,  4.05s/it, avg_loss=0.0017, num_batches=57/60, num_samples=57]
      Epoch 14 train:  70%|███████   | 14/20 [01:04<00:24,  4.05s/it, avg_loss=0.0017, num_batches=58/60, num_samples=58]
      Epoch 14 train:  70%|███████   | 14/20 [01:04<00:24,  4.05s/it, avg_loss=0.0017, num_batches=59/60, num_samples=59]
      Epoch 14 train:  70%|███████   | 14/20 [01:04<00:24,  4.05s/it, avg_loss=0.0017, num_batches=60/60, num_samples=60]
      Epoch 14 val:  70%|███████   | 14/20 [01:04<00:24,  4.05s/it, avg_loss=0.0017, num_batches=60/60, num_samples=60]  
      Epoch 14 val:  70%|███████   | 14/20 [01:04<00:24,  4.05s/it, avg_loss=3.0752, num_batches=1/15, num_samples=1]  
      Epoch 14 val:  70%|███████   | 14/20 [01:04<00:24,  4.05s/it, avg_loss=6.0038, num_batches=2/15, num_samples=2]
      Epoch 14 val:  70%|███████   | 14/20 [01:04<00:24,  4.05s/it, avg_loss=4.2167, num_batches=3/15, num_samples=3]
      Epoch 14 val:  70%|███████   | 14/20 [01:04<00:24,  4.05s/it, avg_loss=4.3838, num_batches=4/15, num_samples=4]
      Epoch 14 val:  70%|███████   | 14/20 [01:04<00:24,  4.05s/it, avg_loss=3.5070, num_batches=5/15, num_samples=5]
      Epoch 14 val:  70%|███████   | 14/20 [01:04<00:24,  4.05s/it, avg_loss=4.1725, num_batches=6/15, num_samples=6]
      Epoch 14 val:  70%|███████   | 14/20 [01:04<00:24,  4.05s/it, avg_loss=4.2886, num_batches=7/15, num_samples=7]
      Epoch 14 val:  70%|███████   | 14/20 [01:04<00:24,  4.05s/it, avg_loss=4.8252, num_batches=8/15, num_samples=8]
      Epoch 14 val:  70%|███████   | 14/20 [01:04<00:24,  4.05s/it, avg_loss=4.2904, num_batches=9/15, num_samples=9]
      Epoch 14 val:  70%|███████   | 14/20 [01:04<00:24,  4.05s/it, avg_loss=4.2486, num_batches=10/15, num_samples=10]
      Epoch 14 val:  70%|███████   | 14/20 [01:04<00:24,  4.05s/it, avg_loss=4.1424, num_batches=11/15, num_samples=11]
      Epoch 14 val:  70%|███████   | 14/20 [01:04<00:24,  4.05s/it, avg_loss=3.7997, num_batches=12/15, num_samples=12]
      Epoch 14 val:  70%|███████   | 14/20 [01:04<00:24,  4.05s/it, avg_loss=4.3451, num_batches=13/15, num_samples=13]
      Epoch 14 val:  70%|███████   | 14/20 [01:04<00:24,  4.05s/it, avg_loss=4.0361, num_batches=14/15, num_samples=14]
      Epoch 14 val:  70%|███████   | 14/20 [01:04<00:24,  4.05s/it, avg_loss=4.1924, num_batches=15/15, num_samples=15]
      Epoch 14 val:  75%|███████▌  | 15/20 [01:04<00:20,  4.03s/it, avg_loss=4.1924, num_batches=15/15, num_samples=15]
      Epoch 15 train:  75%|███████▌  | 15/20 [01:04<00:20,  4.03s/it, avg_loss=4.1924, num_batches=15/15, num_samples=15]
      Epoch 15 train:  75%|███████▌  | 15/20 [01:05<00:20,  4.03s/it, avg_loss=0.0002, num_batches=1/60, num_samples=1]  
      Epoch 15 train:  75%|███████▌  | 15/20 [01:05<00:20,  4.03s/it, avg_loss=0.0009, num_batches=2/60, num_samples=2]
      Epoch 15 train:  75%|███████▌  | 15/20 [01:05<00:20,  4.03s/it, avg_loss=0.0014, num_batches=3/60, num_samples=3]
      Epoch 15 train:  75%|███████▌  | 15/20 [01:05<00:20,  4.03s/it, avg_loss=0.0028, num_batches=4/60, num_samples=4]
      Epoch 15 train:  75%|███████▌  | 15/20 [01:05<00:20,  4.03s/it, avg_loss=0.0039, num_batches=5/60, num_samples=5]
      Epoch 15 train:  75%|███████▌  | 15/20 [01:05<00:20,  4.03s/it, avg_loss=0.0033, num_batches=6/60, num_samples=6]
      Epoch 15 train:  75%|███████▌  | 15/20 [01:05<00:20,  4.03s/it, avg_loss=0.0029, num_batches=7/60, num_samples=7]
      Epoch 15 train:  75%|███████▌  | 15/20 [01:05<00:20,  4.03s/it, avg_loss=0.0028, num_batches=8/60, num_samples=8]
      Epoch 15 train:  75%|███████▌  | 15/20 [01:05<00:20,  4.03s/it, avg_loss=0.0025, num_batches=9/60, num_samples=9]
      Epoch 15 train:  75%|███████▌  | 15/20 [01:05<00:20,  4.03s/it, avg_loss=0.0023, num_batches=10/60, num_samples=10]
      Epoch 15 train:  75%|███████▌  | 15/20 [01:05<00:20,  4.03s/it, avg_loss=0.0021, num_batches=11/60, num_samples=11]
      Epoch 15 train:  75%|███████▌  | 15/20 [01:05<00:20,  4.03s/it, avg_loss=0.0020, num_batches=12/60, num_samples=12]
      Epoch 15 train:  75%|███████▌  | 15/20 [01:05<00:20,  4.03s/it, avg_loss=0.0023, num_batches=13/60, num_samples=13]
      Epoch 15 train:  75%|███████▌  | 15/20 [01:05<00:20,  4.03s/it, avg_loss=0.0022, num_batches=14/60, num_samples=14]
      Epoch 15 train:  75%|███████▌  | 15/20 [01:05<00:20,  4.03s/it, avg_loss=0.0020, num_batches=15/60, num_samples=15]
      Epoch 15 train:  75%|███████▌  | 15/20 [01:06<00:20,  4.03s/it, avg_loss=0.0019, num_batches=16/60, num_samples=16]
      Epoch 15 train:  75%|███████▌  | 15/20 [01:06<00:20,  4.03s/it, avg_loss=0.0018, num_batches=17/60, num_samples=17]
      Epoch 15 train:  75%|███████▌  | 15/20 [01:06<00:20,  4.03s/it, avg_loss=0.0018, num_batches=18/60, num_samples=18]
      Epoch 15 train:  75%|███████▌  | 15/20 [01:06<00:20,  4.03s/it, avg_loss=0.0019, num_batches=19/60, num_samples=19]
      Epoch 15 train:  75%|███████▌  | 15/20 [01:06<00:20,  4.03s/it, avg_loss=0.0021, num_batches=20/60, num_samples=20]
      Epoch 15 train:  75%|███████▌  | 15/20 [01:06<00:20,  4.03s/it, avg_loss=0.0020, num_batches=21/60, num_samples=21]
      Epoch 15 train:  75%|███████▌  | 15/20 [01:06<00:20,  4.03s/it, avg_loss=0.0020, num_batches=22/60, num_samples=22]
      Epoch 15 train:  75%|███████▌  | 15/20 [01:06<00:20,  4.03s/it, avg_loss=0.0020, num_batches=23/60, num_samples=23]
      Epoch 15 train:  75%|███████▌  | 15/20 [01:06<00:20,  4.03s/it, avg_loss=0.0020, num_batches=24/60, num_samples=24]
      Epoch 15 train:  75%|███████▌  | 15/20 [01:06<00:20,  4.03s/it, avg_loss=0.0019, num_batches=25/60, num_samples=25]
      Epoch 15 train:  75%|███████▌  | 15/20 [01:06<00:20,  4.03s/it, avg_loss=0.0018, num_batches=26/60, num_samples=26]
      Epoch 15 train:  75%|███████▌  | 15/20 [01:06<00:20,  4.03s/it, avg_loss=0.0019, num_batches=27/60, num_samples=27]
      Epoch 15 train:  75%|███████▌  | 15/20 [01:06<00:20,  4.03s/it, avg_loss=0.0019, num_batches=28/60, num_samples=28]
      Epoch 15 train:  75%|███████▌  | 15/20 [01:06<00:20,  4.03s/it, avg_loss=0.0018, num_batches=29/60, num_samples=29]
      Epoch 15 train:  75%|███████▌  | 15/20 [01:06<00:20,  4.03s/it, avg_loss=0.0018, num_batches=30/60, num_samples=30]
      Epoch 15 train:  75%|███████▌  | 15/20 [01:06<00:20,  4.03s/it, avg_loss=0.0017, num_batches=31/60, num_samples=31]
      Epoch 15 train:  75%|███████▌  | 15/20 [01:06<00:20,  4.03s/it, avg_loss=0.0017, num_batches=32/60, num_samples=32]
      Epoch 15 train:  75%|███████▌  | 15/20 [01:06<00:20,  4.03s/it, avg_loss=0.0018, num_batches=33/60, num_samples=33]
      Epoch 15 train:  75%|███████▌  | 15/20 [01:06<00:20,  4.03s/it, avg_loss=0.0018, num_batches=34/60, num_samples=34]
      Epoch 15 train:  75%|███████▌  | 15/20 [01:07<00:20,  4.03s/it, avg_loss=0.0019, num_batches=35/60, num_samples=35]
      Epoch 15 train:  75%|███████▌  | 15/20 [01:07<00:20,  4.03s/it, avg_loss=0.0018, num_batches=36/60, num_samples=36]
      Epoch 15 train:  75%|███████▌  | 15/20 [01:07<00:20,  4.03s/it, avg_loss=0.0018, num_batches=37/60, num_samples=37]
      Epoch 15 train:  75%|███████▌  | 15/20 [01:07<00:20,  4.03s/it, avg_loss=0.0018, num_batches=38/60, num_samples=38]
      Epoch 15 train:  75%|███████▌  | 15/20 [01:07<00:20,  4.03s/it, avg_loss=0.0019, num_batches=39/60, num_samples=39]
      Epoch 15 train:  75%|███████▌  | 15/20 [01:07<00:20,  4.03s/it, avg_loss=0.0019, num_batches=40/60, num_samples=40]
      Epoch 15 train:  75%|███████▌  | 15/20 [01:07<00:20,  4.03s/it, avg_loss=0.0018, num_batches=41/60, num_samples=41]
      Epoch 15 train:  75%|███████▌  | 15/20 [01:07<00:20,  4.03s/it, avg_loss=0.0018, num_batches=42/60, num_samples=42]
      Epoch 15 train:  75%|███████▌  | 15/20 [01:07<00:20,  4.03s/it, avg_loss=0.0018, num_batches=43/60, num_samples=43]
      Epoch 15 train:  75%|███████▌  | 15/20 [01:07<00:20,  4.03s/it, avg_loss=0.0018, num_batches=44/60, num_samples=44]
      Epoch 15 train:  75%|███████▌  | 15/20 [01:07<00:20,  4.03s/it, avg_loss=0.0018, num_batches=45/60, num_samples=45]
      Epoch 15 train:  75%|███████▌  | 15/20 [01:07<00:20,  4.03s/it, avg_loss=0.0018, num_batches=46/60, num_samples=46]
      Epoch 15 train:  75%|███████▌  | 15/20 [01:07<00:20,  4.03s/it, avg_loss=0.0017, num_batches=47/60, num_samples=47]
      Epoch 15 train:  75%|███████▌  | 15/20 [01:07<00:20,  4.03s/it, avg_loss=0.0017, num_batches=48/60, num_samples=48]
      Epoch 15 train:  75%|███████▌  | 15/20 [01:07<00:20,  4.03s/it, avg_loss=0.0017, num_batches=49/60, num_samples=49]
      Epoch 15 train:  75%|███████▌  | 15/20 [01:07<00:20,  4.03s/it, avg_loss=0.0017, num_batches=50/60, num_samples=50]
      Epoch 15 train:  75%|███████▌  | 15/20 [01:07<00:20,  4.03s/it, avg_loss=0.0016, num_batches=51/60, num_samples=51]
      Epoch 15 train:  75%|███████▌  | 15/20 [01:07<00:20,  4.03s/it, avg_loss=0.0016, num_batches=52/60, num_samples=52]
      Epoch 15 train:  75%|███████▌  | 15/20 [01:07<00:20,  4.03s/it, avg_loss=0.0016, num_batches=53/60, num_samples=53]
      Epoch 15 train:  75%|███████▌  | 15/20 [01:07<00:20,  4.03s/it, avg_loss=0.0016, num_batches=54/60, num_samples=54]
      Epoch 15 train:  75%|███████▌  | 15/20 [01:07<00:20,  4.03s/it, avg_loss=0.0016, num_batches=55/60, num_samples=55]
      Epoch 15 train:  75%|███████▌  | 15/20 [01:08<00:20,  4.03s/it, avg_loss=0.0016, num_batches=56/60, num_samples=56]
      Epoch 15 train:  75%|███████▌  | 15/20 [01:08<00:20,  4.03s/it, avg_loss=0.0015, num_batches=57/60, num_samples=57]
      Epoch 15 train:  75%|███████▌  | 15/20 [01:08<00:20,  4.03s/it, avg_loss=0.0016, num_batches=58/60, num_samples=58]
      Epoch 15 train:  75%|███████▌  | 15/20 [01:08<00:20,  4.03s/it, avg_loss=0.0016, num_batches=59/60, num_samples=59]
      Epoch 15 train:  75%|███████▌  | 15/20 [01:08<00:20,  4.03s/it, avg_loss=0.0016, num_batches=60/60, num_samples=60]
      Epoch 15 val:  75%|███████▌  | 15/20 [01:08<00:20,  4.03s/it, avg_loss=0.0016, num_batches=60/60, num_samples=60]  
      Epoch 15 val:  75%|███████▌  | 15/20 [01:08<00:20,  4.03s/it, avg_loss=4.9079, num_batches=1/15, num_samples=1]  
      Epoch 15 val:  75%|███████▌  | 15/20 [01:08<00:20,  4.03s/it, avg_loss=2.4630, num_batches=2/15, num_samples=2]
      Epoch 15 val:  75%|███████▌  | 15/20 [01:08<00:20,  4.03s/it, avg_loss=3.7745, num_batches=3/15, num_samples=3]
      Epoch 15 val:  75%|███████▌  | 15/20 [01:08<00:20,  4.03s/it, avg_loss=4.7170, num_batches=4/15, num_samples=4]
      Epoch 15 val:  75%|███████▌  | 15/20 [01:08<00:20,  4.03s/it, avg_loss=3.8990, num_batches=5/15, num_samples=5]
      Epoch 15 val:  75%|███████▌  | 15/20 [01:08<00:20,  4.03s/it, avg_loss=4.0878, num_batches=6/15, num_samples=6]
      Epoch 15 val:  75%|███████▌  | 15/20 [01:08<00:20,  4.03s/it, avg_loss=5.0683, num_batches=7/15, num_samples=7]
      Epoch 15 val:  75%|███████▌  | 15/20 [01:08<00:20,  4.03s/it, avg_loss=5.5143, num_batches=8/15, num_samples=8]
      Epoch 15 val:  75%|███████▌  | 15/20 [01:08<00:20,  4.03s/it, avg_loss=5.8956, num_batches=9/15, num_samples=9]
      Epoch 15 val:  75%|███████▌  | 15/20 [01:08<00:20,  4.03s/it, avg_loss=5.3061, num_batches=10/15, num_samples=10]
      Epoch 15 val:  75%|███████▌  | 15/20 [01:08<00:20,  4.03s/it, avg_loss=5.1780, num_batches=11/15, num_samples=11]
      Epoch 15 val:  75%|███████▌  | 15/20 [01:08<00:20,  4.03s/it, avg_loss=5.0043, num_batches=12/15, num_samples=12]
      Epoch 15 val:  75%|███████▌  | 15/20 [01:08<00:20,  4.03s/it, avg_loss=4.8571, num_batches=13/15, num_samples=13]
      Epoch 15 val:  75%|███████▌  | 15/20 [01:08<00:20,  4.03s/it, avg_loss=4.5122, num_batches=14/15, num_samples=14]
      Epoch 15 val:  75%|███████▌  | 15/20 [01:08<00:20,  4.03s/it, avg_loss=4.2122, num_batches=15/15, num_samples=15]
      Epoch 15 val:  80%|████████  | 16/20 [01:08<00:16,  4.04s/it, avg_loss=4.2122, num_batches=15/15, num_samples=15]
      Epoch 16 train:  80%|████████  | 16/20 [01:08<00:16,  4.04s/it, avg_loss=4.2122, num_batches=15/15, num_samples=15]
      Epoch 16 train:  80%|████████  | 16/20 [01:09<00:16,  4.04s/it, avg_loss=0.0058, num_batches=1/60, num_samples=1]  
      Epoch 16 train:  80%|████████  | 16/20 [01:09<00:16,  4.04s/it, avg_loss=0.0063, num_batches=2/60, num_samples=2]
      Epoch 16 train:  80%|████████  | 16/20 [01:09<00:16,  4.04s/it, avg_loss=0.0044, num_batches=3/60, num_samples=3]
      Epoch 16 train:  80%|████████  | 16/20 [01:09<00:16,  4.04s/it, avg_loss=0.0041, num_batches=4/60, num_samples=4]
      Epoch 16 train:  80%|████████  | 16/20 [01:09<00:16,  4.04s/it, avg_loss=0.0035, num_batches=5/60, num_samples=5]
      Epoch 16 train:  80%|████████  | 16/20 [01:09<00:16,  4.04s/it, avg_loss=0.0040, num_batches=6/60, num_samples=6]
      Epoch 16 train:  80%|████████  | 16/20 [01:09<00:16,  4.04s/it, avg_loss=0.0034, num_batches=7/60, num_samples=7]
      Epoch 16 train:  80%|████████  | 16/20 [01:09<00:16,  4.04s/it, avg_loss=0.0030, num_batches=8/60, num_samples=8]
      Epoch 16 train:  80%|████████  | 16/20 [01:09<00:16,  4.04s/it, avg_loss=0.0028, num_batches=9/60, num_samples=9]
      Epoch 16 train:  80%|████████  | 16/20 [01:09<00:16,  4.04s/it, avg_loss=0.0025, num_batches=10/60, num_samples=10]
      Epoch 16 train:  80%|████████  | 16/20 [01:09<00:16,  4.04s/it, avg_loss=0.0023, num_batches=11/60, num_samples=11]
      Epoch 16 train:  80%|████████  | 16/20 [01:09<00:16,  4.04s/it, avg_loss=0.0028, num_batches=12/60, num_samples=12]
      Epoch 16 train:  80%|████████  | 16/20 [01:09<00:16,  4.04s/it, avg_loss=0.0026, num_batches=13/60, num_samples=13]
      Epoch 16 train:  80%|████████  | 16/20 [01:09<00:16,  4.04s/it, avg_loss=0.0024, num_batches=14/60, num_samples=14]
      Epoch 16 train:  80%|████████  | 16/20 [01:09<00:16,  4.04s/it, avg_loss=0.0023, num_batches=15/60, num_samples=15]
      Epoch 16 train:  80%|████████  | 16/20 [01:09<00:16,  4.04s/it, avg_loss=0.0022, num_batches=16/60, num_samples=16]
      Epoch 16 train:  80%|████████  | 16/20 [01:09<00:16,  4.04s/it, avg_loss=0.0022, num_batches=17/60, num_samples=17]
      Epoch 16 train:  80%|████████  | 16/20 [01:09<00:16,  4.04s/it, avg_loss=0.0021, num_batches=18/60, num_samples=18]
      Epoch 16 train:  80%|████████  | 16/20 [01:09<00:16,  4.04s/it, avg_loss=0.0020, num_batches=19/60, num_samples=19]
      Epoch 16 train:  80%|████████  | 16/20 [01:10<00:16,  4.04s/it, avg_loss=0.0019, num_batches=20/60, num_samples=20]
      Epoch 16 train:  80%|████████  | 16/20 [01:10<00:16,  4.04s/it, avg_loss=0.0018, num_batches=21/60, num_samples=21]
      Epoch 16 train:  80%|████████  | 16/20 [01:10<00:16,  4.04s/it, avg_loss=0.0018, num_batches=22/60, num_samples=22]
      Epoch 16 train:  80%|████████  | 16/20 [01:10<00:16,  4.04s/it, avg_loss=0.0017, num_batches=23/60, num_samples=23]
      Epoch 16 train:  80%|████████  | 16/20 [01:10<00:16,  4.04s/it, avg_loss=0.0017, num_batches=24/60, num_samples=24]
      Epoch 16 train:  80%|████████  | 16/20 [01:10<00:16,  4.04s/it, avg_loss=0.0016, num_batches=25/60, num_samples=25]
      Epoch 16 train:  80%|████████  | 16/20 [01:10<00:16,  4.04s/it, avg_loss=0.0016, num_batches=26/60, num_samples=26]
      Epoch 16 train:  80%|████████  | 16/20 [01:10<00:16,  4.04s/it, avg_loss=0.0016, num_batches=27/60, num_samples=27]
      Epoch 16 train:  80%|████████  | 16/20 [01:10<00:16,  4.04s/it, avg_loss=0.0015, num_batches=28/60, num_samples=28]
      Epoch 16 train:  80%|████████  | 16/20 [01:10<00:16,  4.04s/it, avg_loss=0.0015, num_batches=29/60, num_samples=29]
      Epoch 16 train:  80%|████████  | 16/20 [01:10<00:16,  4.04s/it, avg_loss=0.0015, num_batches=30/60, num_samples=30]
      Epoch 16 train:  80%|████████  | 16/20 [01:10<00:16,  4.04s/it, avg_loss=0.0014, num_batches=31/60, num_samples=31]
      Epoch 16 train:  80%|████████  | 16/20 [01:10<00:16,  4.04s/it, avg_loss=0.0014, num_batches=32/60, num_samples=32]
      Epoch 16 train:  80%|████████  | 16/20 [01:10<00:16,  4.04s/it, avg_loss=0.0014, num_batches=33/60, num_samples=33]
      Epoch 16 train:  80%|████████  | 16/20 [01:10<00:16,  4.04s/it, avg_loss=0.0014, num_batches=34/60, num_samples=34]
      Epoch 16 train:  80%|████████  | 16/20 [01:10<00:16,  4.04s/it, avg_loss=0.0014, num_batches=35/60, num_samples=35]
      Epoch 16 train:  80%|████████  | 16/20 [01:10<00:16,  4.04s/it, avg_loss=0.0015, num_batches=36/60, num_samples=36]
      Epoch 16 train:  80%|████████  | 16/20 [01:10<00:16,  4.04s/it, avg_loss=0.0015, num_batches=37/60, num_samples=37]
      Epoch 16 train:  80%|████████  | 16/20 [01:11<00:16,  4.04s/it, avg_loss=0.0015, num_batches=38/60, num_samples=38]
      Epoch 16 train:  80%|████████  | 16/20 [01:11<00:16,  4.04s/it, avg_loss=0.0015, num_batches=39/60, num_samples=39]
      Epoch 16 train:  80%|████████  | 16/20 [01:11<00:16,  4.04s/it, avg_loss=0.0015, num_batches=40/60, num_samples=40]
      Epoch 16 train:  80%|████████  | 16/20 [01:11<00:16,  4.04s/it, avg_loss=0.0015, num_batches=41/60, num_samples=41]
      Epoch 16 train:  80%|████████  | 16/20 [01:11<00:16,  4.04s/it, avg_loss=0.0015, num_batches=42/60, num_samples=42]
      Epoch 16 train:  80%|████████  | 16/20 [01:11<00:16,  4.04s/it, avg_loss=0.0015, num_batches=43/60, num_samples=43]
      Epoch 16 train:  80%|████████  | 16/20 [01:11<00:16,  4.04s/it, avg_loss=0.0015, num_batches=44/60, num_samples=44]
      Epoch 16 train:  80%|████████  | 16/20 [01:11<00:16,  4.04s/it, avg_loss=0.0016, num_batches=45/60, num_samples=45]
      Epoch 16 train:  80%|████████  | 16/20 [01:11<00:16,  4.04s/it, avg_loss=0.0016, num_batches=46/60, num_samples=46]
      Epoch 16 train:  80%|████████  | 16/20 [01:11<00:16,  4.04s/it, avg_loss=0.0015, num_batches=47/60, num_samples=47]
      Epoch 16 train:  80%|████████  | 16/20 [01:11<00:16,  4.04s/it, avg_loss=0.0015, num_batches=48/60, num_samples=48]
      Epoch 16 train:  80%|████████  | 16/20 [01:11<00:16,  4.04s/it, avg_loss=0.0016, num_batches=49/60, num_samples=49]
      Epoch 16 train:  80%|████████  | 16/20 [01:11<00:16,  4.04s/it, avg_loss=0.0016, num_batches=50/60, num_samples=50]
      Epoch 16 train:  80%|████████  | 16/20 [01:11<00:16,  4.04s/it, avg_loss=0.0016, num_batches=51/60, num_samples=51]
      Epoch 16 train:  80%|████████  | 16/20 [01:11<00:16,  4.04s/it, avg_loss=0.0016, num_batches=52/60, num_samples=52]
      Epoch 16 train:  80%|████████  | 16/20 [01:11<00:16,  4.04s/it, avg_loss=0.0015, num_batches=53/60, num_samples=53]
      Epoch 16 train:  80%|████████  | 16/20 [01:11<00:16,  4.04s/it, avg_loss=0.0015, num_batches=54/60, num_samples=54]
      Epoch 16 train:  80%|████████  | 16/20 [01:11<00:16,  4.04s/it, avg_loss=0.0016, num_batches=55/60, num_samples=55]
      Epoch 16 train:  80%|████████  | 16/20 [01:12<00:16,  4.04s/it, avg_loss=0.0015, num_batches=56/60, num_samples=56]
      Epoch 16 train:  80%|████████  | 16/20 [01:12<00:16,  4.04s/it, avg_loss=0.0015, num_batches=57/60, num_samples=57]
      Epoch 16 train:  80%|████████  | 16/20 [01:12<00:16,  4.04s/it, avg_loss=0.0015, num_batches=58/60, num_samples=58]
      Epoch 16 train:  80%|████████  | 16/20 [01:12<00:16,  4.04s/it, avg_loss=0.0015, num_batches=59/60, num_samples=59]
      Epoch 16 train:  80%|████████  | 16/20 [01:12<00:16,  4.04s/it, avg_loss=0.0015, num_batches=60/60, num_samples=60]
      Epoch 16 val:  80%|████████  | 16/20 [01:12<00:16,  4.04s/it, avg_loss=0.0015, num_batches=60/60, num_samples=60]  
      Epoch 16 val:  80%|████████  | 16/20 [01:12<00:16,  4.04s/it, avg_loss=3.9166, num_batches=1/15, num_samples=1]  
      Epoch 16 val:  80%|████████  | 16/20 [01:12<00:16,  4.04s/it, avg_loss=6.4314, num_batches=2/15, num_samples=2]
      Epoch 16 val:  80%|████████  | 16/20 [01:12<00:16,  4.04s/it, avg_loss=7.9482, num_batches=3/15, num_samples=3]
      Epoch 16 val:  80%|████████  | 16/20 [01:12<00:16,  4.04s/it, avg_loss=5.9685, num_batches=4/15, num_samples=4]
      Epoch 16 val:  80%|████████  | 16/20 [01:12<00:16,  4.04s/it, avg_loss=4.7748, num_batches=5/15, num_samples=5]
      Epoch 16 val:  80%|████████  | 16/20 [01:12<00:16,  4.04s/it, avg_loss=4.4989, num_batches=6/15, num_samples=6]
      Epoch 16 val:  80%|████████  | 16/20 [01:12<00:16,  4.04s/it, avg_loss=5.0929, num_batches=7/15, num_samples=7]
      Epoch 16 val:  80%|████████  | 16/20 [01:12<00:16,  4.04s/it, avg_loss=4.4579, num_batches=8/15, num_samples=8]
      Epoch 16 val:  80%|████████  | 16/20 [01:12<00:16,  4.04s/it, avg_loss=4.8012, num_batches=9/15, num_samples=9]
      Epoch 16 val:  80%|████████  | 16/20 [01:12<00:16,  4.04s/it, avg_loss=4.3229, num_batches=10/15, num_samples=10]
      Epoch 16 val:  80%|████████  | 16/20 [01:12<00:16,  4.04s/it, avg_loss=4.5113, num_batches=11/15, num_samples=11]
      Epoch 16 val:  80%|████████  | 16/20 [01:12<00:16,  4.04s/it, avg_loss=4.3945, num_batches=12/15, num_samples=12]
      Epoch 16 val:  80%|████████  | 16/20 [01:12<00:16,  4.04s/it, avg_loss=4.4364, num_batches=13/15, num_samples=13]
      Epoch 16 val:  80%|████████  | 16/20 [01:12<00:16,  4.04s/it, avg_loss=4.4783, num_batches=14/15, num_samples=14]
      Epoch 16 val:  80%|████████  | 16/20 [01:12<00:16,  4.04s/it, avg_loss=4.2212, num_batches=15/15, num_samples=15]
      Epoch 16 val:  85%|████████▌ | 17/20 [01:12<00:12,  4.04s/it, avg_loss=4.2212, num_batches=15/15, num_samples=15]
      Epoch 17 train:  85%|████████▌ | 17/20 [01:12<00:12,  4.04s/it, avg_loss=4.2212, num_batches=15/15, num_samples=15]
      Epoch 17 train:  85%|████████▌ | 17/20 [01:13<00:12,  4.04s/it, avg_loss=0.0059, num_batches=1/60, num_samples=1]  
      Epoch 17 train:  85%|████████▌ | 17/20 [01:13<00:12,  4.04s/it, avg_loss=0.0032, num_batches=2/60, num_samples=2]
      Epoch 17 train:  85%|████████▌ | 17/20 [01:13<00:12,  4.04s/it, avg_loss=0.0022, num_batches=3/60, num_samples=3]
      Epoch 17 train:  85%|████████▌ | 17/20 [01:13<00:12,  4.04s/it, avg_loss=0.0018, num_batches=4/60, num_samples=4]
      Epoch 17 train:  85%|████████▌ | 17/20 [01:13<00:12,  4.04s/it, avg_loss=0.0019, num_batches=5/60, num_samples=5]
      Epoch 17 train:  85%|████████▌ | 17/20 [01:13<00:12,  4.04s/it, avg_loss=0.0020, num_batches=6/60, num_samples=6]
      Epoch 17 train:  85%|████████▌ | 17/20 [01:13<00:12,  4.04s/it, avg_loss=0.0018, num_batches=7/60, num_samples=7]
      Epoch 17 train:  85%|████████▌ | 17/20 [01:13<00:12,  4.04s/it, avg_loss=0.0016, num_batches=8/60, num_samples=8]
      Epoch 17 train:  85%|████████▌ | 17/20 [01:13<00:12,  4.04s/it, avg_loss=0.0015, num_batches=9/60, num_samples=9]
      Epoch 17 train:  85%|████████▌ | 17/20 [01:13<00:12,  4.04s/it, avg_loss=0.0014, num_batches=10/60, num_samples=10]
      Epoch 17 train:  85%|████████▌ | 17/20 [01:13<00:12,  4.04s/it, avg_loss=0.0018, num_batches=11/60, num_samples=11]
      Epoch 17 train:  85%|████████▌ | 17/20 [01:13<00:12,  4.04s/it, avg_loss=0.0017, num_batches=12/60, num_samples=12]
      Epoch 17 train:  85%|████████▌ | 17/20 [01:13<00:12,  4.04s/it, avg_loss=0.0016, num_batches=13/60, num_samples=13]
      Epoch 17 train:  85%|████████▌ | 17/20 [01:13<00:12,  4.04s/it, avg_loss=0.0016, num_batches=14/60, num_samples=14]
      Epoch 17 train:  85%|████████▌ | 17/20 [01:13<00:12,  4.04s/it, avg_loss=0.0015, num_batches=15/60, num_samples=15]
      Epoch 17 train:  85%|████████▌ | 17/20 [01:14<00:12,  4.04s/it, avg_loss=0.0015, num_batches=16/60, num_samples=16]
      Epoch 17 train:  85%|████████▌ | 17/20 [01:14<00:12,  4.04s/it, avg_loss=0.0014, num_batches=17/60, num_samples=17]
      Epoch 17 train:  85%|████████▌ | 17/20 [01:14<00:12,  4.04s/it, avg_loss=0.0013, num_batches=18/60, num_samples=18]
      Epoch 17 train:  85%|████████▌ | 17/20 [01:14<00:12,  4.04s/it, avg_loss=0.0013, num_batches=19/60, num_samples=19]
      Epoch 17 train:  85%|████████▌ | 17/20 [01:14<00:12,  4.04s/it, avg_loss=0.0012, num_batches=20/60, num_samples=20]
      Epoch 17 train:  85%|████████▌ | 17/20 [01:14<00:12,  4.04s/it, avg_loss=0.0012, num_batches=21/60, num_samples=21]
      Epoch 17 train:  85%|████████▌ | 17/20 [01:14<00:12,  4.04s/it, avg_loss=0.0011, num_batches=22/60, num_samples=22]
      Epoch 17 train:  85%|████████▌ | 17/20 [01:14<00:12,  4.04s/it, avg_loss=0.0011, num_batches=23/60, num_samples=23]
      Epoch 17 train:  85%|████████▌ | 17/20 [01:14<00:12,  4.04s/it, avg_loss=0.0011, num_batches=24/60, num_samples=24]
      Epoch 17 train:  85%|████████▌ | 17/20 [01:14<00:12,  4.04s/it, avg_loss=0.0011, num_batches=25/60, num_samples=25]
      Epoch 17 train:  85%|████████▌ | 17/20 [01:14<00:12,  4.04s/it, avg_loss=0.0013, num_batches=26/60, num_samples=26]
      Epoch 17 train:  85%|████████▌ | 17/20 [01:14<00:12,  4.04s/it, avg_loss=0.0013, num_batches=27/60, num_samples=27]
      Epoch 17 train:  85%|████████▌ | 17/20 [01:14<00:12,  4.04s/it, avg_loss=0.0013, num_batches=28/60, num_samples=28]
      Epoch 17 train:  85%|████████▌ | 17/20 [01:14<00:12,  4.04s/it, avg_loss=0.0013, num_batches=29/60, num_samples=29]
      Epoch 17 train:  85%|████████▌ | 17/20 [01:14<00:12,  4.04s/it, avg_loss=0.0012, num_batches=30/60, num_samples=30]
      Epoch 17 train:  85%|████████▌ | 17/20 [01:14<00:12,  4.04s/it, avg_loss=0.0012, num_batches=31/60, num_samples=31]
      Epoch 17 train:  85%|████████▌ | 17/20 [01:14<00:12,  4.04s/it, avg_loss=0.0012, num_batches=32/60, num_samples=32]
      Epoch 17 train:  85%|████████▌ | 17/20 [01:14<00:12,  4.04s/it, avg_loss=0.0014, num_batches=33/60, num_samples=33]
      Epoch 17 train:  85%|████████▌ | 17/20 [01:14<00:12,  4.04s/it, avg_loss=0.0015, num_batches=34/60, num_samples=34]
      Epoch 17 train:  85%|████████▌ | 17/20 [01:14<00:12,  4.04s/it, avg_loss=0.0015, num_batches=35/60, num_samples=35]
      Epoch 17 train:  85%|████████▌ | 17/20 [01:15<00:12,  4.04s/it, avg_loss=0.0016, num_batches=36/60, num_samples=36]
      Epoch 17 train:  85%|████████▌ | 17/20 [01:15<00:12,  4.04s/it, avg_loss=0.0016, num_batches=37/60, num_samples=37]
      Epoch 17 train:  85%|████████▌ | 17/20 [01:15<00:12,  4.04s/it, avg_loss=0.0016, num_batches=38/60, num_samples=38]
      Epoch 17 train:  85%|████████▌ | 17/20 [01:15<00:12,  4.04s/it, avg_loss=0.0016, num_batches=39/60, num_samples=39]
      Epoch 17 train:  85%|████████▌ | 17/20 [01:15<00:12,  4.04s/it, avg_loss=0.0015, num_batches=40/60, num_samples=40]
      Epoch 17 train:  85%|████████▌ | 17/20 [01:15<00:12,  4.04s/it, avg_loss=0.0015, num_batches=41/60, num_samples=41]
      Epoch 17 train:  85%|████████▌ | 17/20 [01:15<00:12,  4.04s/it, avg_loss=0.0015, num_batches=42/60, num_samples=42]
      Epoch 17 train:  85%|████████▌ | 17/20 [01:15<00:12,  4.04s/it, avg_loss=0.0015, num_batches=43/60, num_samples=43]
      Epoch 17 train:  85%|████████▌ | 17/20 [01:15<00:12,  4.04s/it, avg_loss=0.0015, num_batches=44/60, num_samples=44]
      Epoch 17 train:  85%|████████▌ | 17/20 [01:15<00:12,  4.04s/it, avg_loss=0.0015, num_batches=45/60, num_samples=45]
      Epoch 17 train:  85%|████████▌ | 17/20 [01:15<00:12,  4.04s/it, avg_loss=0.0015, num_batches=46/60, num_samples=46]
      Epoch 17 train:  85%|████████▌ | 17/20 [01:15<00:12,  4.04s/it, avg_loss=0.0015, num_batches=47/60, num_samples=47]
      Epoch 17 train:  85%|████████▌ | 17/20 [01:15<00:12,  4.04s/it, avg_loss=0.0014, num_batches=48/60, num_samples=48]
      Epoch 17 train:  85%|████████▌ | 17/20 [01:15<00:12,  4.04s/it, avg_loss=0.0014, num_batches=49/60, num_samples=49]
      Epoch 17 train:  85%|████████▌ | 17/20 [01:15<00:12,  4.04s/it, avg_loss=0.0015, num_batches=50/60, num_samples=50]
      Epoch 17 train:  85%|████████▌ | 17/20 [01:15<00:12,  4.04s/it, avg_loss=0.0015, num_batches=51/60, num_samples=51]
      Epoch 17 train:  85%|████████▌ | 17/20 [01:15<00:12,  4.04s/it, avg_loss=0.0015, num_batches=52/60, num_samples=52]
      Epoch 17 train:  85%|████████▌ | 17/20 [01:15<00:12,  4.04s/it, avg_loss=0.0015, num_batches=53/60, num_samples=53]
      Epoch 17 train:  85%|████████▌ | 17/20 [01:15<00:12,  4.04s/it, avg_loss=0.0015, num_batches=54/60, num_samples=54]
      Epoch 17 train:  85%|████████▌ | 17/20 [01:15<00:12,  4.04s/it, avg_loss=0.0015, num_batches=55/60, num_samples=55]
      Epoch 17 train:  85%|████████▌ | 17/20 [01:16<00:12,  4.04s/it, avg_loss=0.0015, num_batches=56/60, num_samples=56]
      Epoch 17 train:  85%|████████▌ | 17/20 [01:16<00:12,  4.04s/it, avg_loss=0.0015, num_batches=57/60, num_samples=57]
      Epoch 17 train:  85%|████████▌ | 17/20 [01:16<00:12,  4.04s/it, avg_loss=0.0015, num_batches=58/60, num_samples=58]
      Epoch 17 train:  85%|████████▌ | 17/20 [01:16<00:12,  4.04s/it, avg_loss=0.0015, num_batches=59/60, num_samples=59]
      Epoch 17 train:  85%|████████▌ | 17/20 [01:16<00:12,  4.04s/it, avg_loss=0.0015, num_batches=60/60, num_samples=60]
      Epoch 17 val:  85%|████████▌ | 17/20 [01:16<00:12,  4.04s/it, avg_loss=0.0015, num_batches=60/60, num_samples=60]  
      Epoch 17 val:  85%|████████▌ | 17/20 [01:16<00:12,  4.04s/it, avg_loss=0.0002, num_batches=1/15, num_samples=1]  
      Epoch 17 val:  85%|████████▌ | 17/20 [01:16<00:12,  4.04s/it, avg_loss=0.0063, num_batches=2/15, num_samples=2]
      Epoch 17 val:  85%|████████▌ | 17/20 [01:16<00:12,  4.04s/it, avg_loss=1.0464, num_batches=3/15, num_samples=3]
      Epoch 17 val:  85%|████████▌ | 17/20 [01:16<00:12,  4.04s/it, avg_loss=2.0430, num_batches=4/15, num_samples=4]
      Epoch 17 val:  85%|████████▌ | 17/20 [01:16<00:12,  4.04s/it, avg_loss=3.1466, num_batches=5/15, num_samples=5]
      Epoch 17 val:  85%|████████▌ | 17/20 [01:16<00:12,  4.04s/it, avg_loss=2.6270, num_batches=6/15, num_samples=6]
      Epoch 17 val:  85%|████████▌ | 17/20 [01:16<00:12,  4.04s/it, avg_loss=3.1662, num_batches=7/15, num_samples=7]
      Epoch 17 val:  85%|████████▌ | 17/20 [01:16<00:12,  4.04s/it, avg_loss=2.8480, num_batches=8/15, num_samples=8]
      Epoch 17 val:  85%|████████▌ | 17/20 [01:16<00:12,  4.04s/it, avg_loss=2.5336, num_batches=9/15, num_samples=9]
      Epoch 17 val:  85%|████████▌ | 17/20 [01:16<00:12,  4.04s/it, avg_loss=2.5915, num_batches=10/15, num_samples=10]
      Epoch 17 val:  85%|████████▌ | 17/20 [01:16<00:12,  4.04s/it, avg_loss=3.3557, num_batches=11/15, num_samples=11]
      Epoch 17 val:  85%|████████▌ | 17/20 [01:16<00:12,  4.04s/it, avg_loss=3.4883, num_batches=12/15, num_samples=12]
      Epoch 17 val:  85%|████████▌ | 17/20 [01:16<00:12,  4.04s/it, avg_loss=3.5218, num_batches=13/15, num_samples=13]
      Epoch 17 val:  85%|████████▌ | 17/20 [01:16<00:12,  4.04s/it, avg_loss=3.9098, num_batches=14/15, num_samples=14]
      Epoch 17 val:  85%|████████▌ | 17/20 [01:16<00:12,  4.04s/it, avg_loss=4.2270, num_batches=15/15, num_samples=15]
      Epoch 17 val:  90%|█████████ | 18/20 [01:17<00:08,  4.04s/it, avg_loss=4.2270, num_batches=15/15, num_samples=15]
      Epoch 18 train:  90%|█████████ | 18/20 [01:17<00:08,  4.04s/it, avg_loss=4.2270, num_batches=15/15, num_samples=15]
      Epoch 18 train:  90%|█████████ | 18/20 [01:17<00:08,  4.04s/it, avg_loss=0.0058, num_batches=1/60, num_samples=1]  
      Epoch 18 train:  90%|█████████ | 18/20 [01:17<00:08,  4.04s/it, avg_loss=0.0037, num_batches=2/60, num_samples=2]
      Epoch 18 train:  90%|█████████ | 18/20 [01:17<00:08,  4.04s/it, avg_loss=0.0025, num_batches=3/60, num_samples=3]
      Epoch 18 train:  90%|█████████ | 18/20 [01:17<00:08,  4.04s/it, avg_loss=0.0019, num_batches=4/60, num_samples=4]
      Epoch 18 train:  90%|█████████ | 18/20 [01:17<00:08,  4.04s/it, avg_loss=0.0022, num_batches=5/60, num_samples=5]
      Epoch 18 train:  90%|█████████ | 18/20 [01:17<00:08,  4.04s/it, avg_loss=0.0018, num_batches=6/60, num_samples=6]
      Epoch 18 train:  90%|█████████ | 18/20 [01:17<00:08,  4.04s/it, avg_loss=0.0016, num_batches=7/60, num_samples=7]
      Epoch 18 train:  90%|█████████ | 18/20 [01:17<00:08,  4.04s/it, avg_loss=0.0014, num_batches=8/60, num_samples=8]
      Epoch 18 train:  90%|█████████ | 18/20 [01:17<00:08,  4.04s/it, avg_loss=0.0015, num_batches=9/60, num_samples=9]
      Epoch 18 train:  90%|█████████ | 18/20 [01:17<00:08,  4.04s/it, avg_loss=0.0014, num_batches=10/60, num_samples=10]
      Epoch 18 train:  90%|█████████ | 18/20 [01:17<00:08,  4.04s/it, avg_loss=0.0013, num_batches=11/60, num_samples=11]
      Epoch 18 train:  90%|█████████ | 18/20 [01:17<00:08,  4.04s/it, avg_loss=0.0012, num_batches=12/60, num_samples=12]
      Epoch 18 train:  90%|█████████ | 18/20 [01:17<00:08,  4.04s/it, avg_loss=0.0012, num_batches=13/60, num_samples=13]
      Epoch 18 train:  90%|█████████ | 18/20 [01:17<00:08,  4.04s/it, avg_loss=0.0014, num_batches=14/60, num_samples=14]
      Epoch 18 train:  90%|█████████ | 18/20 [01:17<00:08,  4.04s/it, avg_loss=0.0014, num_batches=15/60, num_samples=15]
      Epoch 18 train:  90%|█████████ | 18/20 [01:18<00:08,  4.04s/it, avg_loss=0.0014, num_batches=16/60, num_samples=16]
      Epoch 18 train:  90%|█████████ | 18/20 [01:18<00:08,  4.04s/it, avg_loss=0.0013, num_batches=17/60, num_samples=17]
      Epoch 18 train:  90%|█████████ | 18/20 [01:18<00:08,  4.04s/it, avg_loss=0.0016, num_batches=18/60, num_samples=18]
      Epoch 18 train:  90%|█████████ | 18/20 [01:18<00:08,  4.04s/it, avg_loss=0.0015, num_batches=19/60, num_samples=19]
      Epoch 18 train:  90%|█████████ | 18/20 [01:18<00:08,  4.04s/it, avg_loss=0.0015, num_batches=20/60, num_samples=20]
      Epoch 18 train:  90%|█████████ | 18/20 [01:18<00:08,  4.04s/it, avg_loss=0.0015, num_batches=21/60, num_samples=21]
      Epoch 18 train:  90%|█████████ | 18/20 [01:18<00:08,  4.04s/it, avg_loss=0.0016, num_batches=22/60, num_samples=22]
      Epoch 18 train:  90%|█████████ | 18/20 [01:18<00:08,  4.04s/it, avg_loss=0.0016, num_batches=23/60, num_samples=23]
      Epoch 18 train:  90%|█████████ | 18/20 [01:18<00:08,  4.04s/it, avg_loss=0.0015, num_batches=24/60, num_samples=24]
      Epoch 18 train:  90%|█████████ | 18/20 [01:18<00:08,  4.04s/it, avg_loss=0.0015, num_batches=25/60, num_samples=25]
      Epoch 18 train:  90%|█████████ | 18/20 [01:18<00:08,  4.04s/it, avg_loss=0.0015, num_batches=26/60, num_samples=26]
      Epoch 18 train:  90%|█████████ | 18/20 [01:18<00:08,  4.04s/it, avg_loss=0.0014, num_batches=27/60, num_samples=27]
      Epoch 18 train:  90%|█████████ | 18/20 [01:18<00:08,  4.04s/it, avg_loss=0.0014, num_batches=28/60, num_samples=28]
      Epoch 18 train:  90%|█████████ | 18/20 [01:18<00:08,  4.04s/it, avg_loss=0.0014, num_batches=29/60, num_samples=29]
      Epoch 18 train:  90%|█████████ | 18/20 [01:18<00:08,  4.04s/it, avg_loss=0.0014, num_batches=30/60, num_samples=30]
      Epoch 18 train:  90%|█████████ | 18/20 [01:18<00:08,  4.04s/it, avg_loss=0.0015, num_batches=31/60, num_samples=31]
      Epoch 18 train:  90%|█████████ | 18/20 [01:18<00:08,  4.04s/it, avg_loss=0.0015, num_batches=32/60, num_samples=32]
      Epoch 18 train:  90%|█████████ | 18/20 [01:18<00:08,  4.04s/it, avg_loss=0.0015, num_batches=33/60, num_samples=33]
      Epoch 18 train:  90%|█████████ | 18/20 [01:18<00:08,  4.04s/it, avg_loss=0.0015, num_batches=34/60, num_samples=34]
      Epoch 18 train:  90%|█████████ | 18/20 [01:19<00:08,  4.04s/it, avg_loss=0.0015, num_batches=35/60, num_samples=35]
      Epoch 18 train:  90%|█████████ | 18/20 [01:19<00:08,  4.04s/it, avg_loss=0.0014, num_batches=36/60, num_samples=36]
      Epoch 18 train:  90%|█████████ | 18/20 [01:19<00:08,  4.04s/it, avg_loss=0.0014, num_batches=37/60, num_samples=37]
      Epoch 18 train:  90%|█████████ | 18/20 [01:19<00:08,  4.04s/it, avg_loss=0.0014, num_batches=38/60, num_samples=38]
      Epoch 18 train:  90%|█████████ | 18/20 [01:19<00:08,  4.04s/it, avg_loss=0.0015, num_batches=39/60, num_samples=39]
      Epoch 18 train:  90%|█████████ | 18/20 [01:19<00:08,  4.04s/it, avg_loss=0.0015, num_batches=40/60, num_samples=40]
      Epoch 18 train:  90%|█████████ | 18/20 [01:19<00:08,  4.04s/it, avg_loss=0.0015, num_batches=41/60, num_samples=41]
      Epoch 18 train:  90%|█████████ | 18/20 [01:19<00:08,  4.04s/it, avg_loss=0.0014, num_batches=42/60, num_samples=42]
      Epoch 18 train:  90%|█████████ | 18/20 [01:19<00:08,  4.04s/it, avg_loss=0.0014, num_batches=43/60, num_samples=43]
      Epoch 18 train:  90%|█████████ | 18/20 [01:19<00:08,  4.04s/it, avg_loss=0.0014, num_batches=44/60, num_samples=44]
      Epoch 18 train:  90%|█████████ | 18/20 [01:19<00:08,  4.04s/it, avg_loss=0.0014, num_batches=45/60, num_samples=45]
      Epoch 18 train:  90%|█████████ | 18/20 [01:19<00:08,  4.04s/it, avg_loss=0.0014, num_batches=46/60, num_samples=46]
      Epoch 18 train:  90%|█████████ | 18/20 [01:19<00:08,  4.04s/it, avg_loss=0.0013, num_batches=47/60, num_samples=47]
      Epoch 18 train:  90%|█████████ | 18/20 [01:19<00:08,  4.04s/it, avg_loss=0.0013, num_batches=48/60, num_samples=48]
      Epoch 18 train:  90%|█████████ | 18/20 [01:19<00:08,  4.04s/it, avg_loss=0.0013, num_batches=49/60, num_samples=49]
      Epoch 18 train:  90%|█████████ | 18/20 [01:19<00:08,  4.04s/it, avg_loss=0.0013, num_batches=50/60, num_samples=50]
      Epoch 18 train:  90%|█████████ | 18/20 [01:19<00:08,  4.04s/it, avg_loss=0.0013, num_batches=51/60, num_samples=51]
      Epoch 18 train:  90%|█████████ | 18/20 [01:19<00:08,  4.04s/it, avg_loss=0.0012, num_batches=52/60, num_samples=52]
      Epoch 18 train:  90%|█████████ | 18/20 [01:19<00:08,  4.04s/it, avg_loss=0.0013, num_batches=53/60, num_samples=53]
      Epoch 18 train:  90%|█████████ | 18/20 [01:19<00:08,  4.04s/it, avg_loss=0.0014, num_batches=54/60, num_samples=54]
      Epoch 18 train:  90%|█████████ | 18/20 [01:20<00:08,  4.04s/it, avg_loss=0.0014, num_batches=55/60, num_samples=55]
      Epoch 18 train:  90%|█████████ | 18/20 [01:20<00:08,  4.04s/it, avg_loss=0.0014, num_batches=56/60, num_samples=56]
      Epoch 18 train:  90%|█████████ | 18/20 [01:20<00:08,  4.04s/it, avg_loss=0.0014, num_batches=57/60, num_samples=57]
      Epoch 18 train:  90%|█████████ | 18/20 [01:20<00:08,  4.04s/it, avg_loss=0.0014, num_batches=58/60, num_samples=58]
      Epoch 18 train:  90%|█████████ | 18/20 [01:20<00:08,  4.04s/it, avg_loss=0.0014, num_batches=59/60, num_samples=59]
      Epoch 18 train:  90%|█████████ | 18/20 [01:20<00:08,  4.04s/it, avg_loss=0.0014, num_batches=60/60, num_samples=60]
      Epoch 18 val:  90%|█████████ | 18/20 [01:20<00:08,  4.04s/it, avg_loss=0.0014, num_batches=60/60, num_samples=60]  
      Epoch 18 val:  90%|█████████ | 18/20 [01:20<00:08,  4.04s/it, avg_loss=8.9578, num_batches=1/15, num_samples=1]  
      Epoch 18 val:  90%|█████████ | 18/20 [01:20<00:08,  4.04s/it, avg_loss=4.4933, num_batches=2/15, num_samples=2]
      Epoch 18 val:  90%|█████████ | 18/20 [01:20<00:08,  4.04s/it, avg_loss=4.6761, num_batches=3/15, num_samples=3]
      Epoch 18 val:  90%|█████████ | 18/20 [01:20<00:08,  4.04s/it, avg_loss=4.2857, num_batches=4/15, num_samples=4]
      Epoch 18 val:  90%|█████████ | 18/20 [01:20<00:08,  4.04s/it, avg_loss=5.6293, num_batches=5/15, num_samples=5]
      Epoch 18 val:  90%|█████████ | 18/20 [01:20<00:08,  4.04s/it, avg_loss=4.6932, num_batches=6/15, num_samples=6]
      Epoch 18 val:  90%|█████████ | 18/20 [01:20<00:08,  4.04s/it, avg_loss=4.7297, num_batches=7/15, num_samples=7]
      Epoch 18 val:  90%|█████████ | 18/20 [01:20<00:08,  4.04s/it, avg_loss=4.2160, num_batches=8/15, num_samples=8]
      Epoch 18 val:  90%|█████████ | 18/20 [01:20<00:08,  4.04s/it, avg_loss=3.7496, num_batches=9/15, num_samples=9]
      Epoch 18 val:  90%|█████████ | 18/20 [01:20<00:08,  4.04s/it, avg_loss=4.0152, num_batches=10/15, num_samples=10]
      Epoch 18 val:  90%|█████████ | 18/20 [01:20<00:08,  4.04s/it, avg_loss=3.6502, num_batches=11/15, num_samples=11]
      Epoch 18 val:  90%|█████████ | 18/20 [01:20<00:08,  4.04s/it, avg_loss=4.0688, num_batches=12/15, num_samples=12]
      Epoch 18 val:  90%|█████████ | 18/20 [01:20<00:08,  4.04s/it, avg_loss=4.3380, num_batches=13/15, num_samples=13]
      Epoch 18 val:  90%|█████████ | 18/20 [01:20<00:08,  4.04s/it, avg_loss=4.3085, num_batches=14/15, num_samples=14]
      Epoch 18 val:  90%|█████████ | 18/20 [01:20<00:08,  4.04s/it, avg_loss=4.2299, num_batches=15/15, num_samples=15]
      Epoch 18 val:  95%|█████████▌| 19/20 [01:21<00:04,  4.04s/it, avg_loss=4.2299, num_batches=15/15, num_samples=15]
      Epoch 19 train:  95%|█████████▌| 19/20 [01:21<00:04,  4.04s/it, avg_loss=4.2299, num_batches=15/15, num_samples=15]
      Epoch 19 train:  95%|█████████▌| 19/20 [01:21<00:04,  4.04s/it, avg_loss=0.0002, num_batches=1/60, num_samples=1]  
      Epoch 19 train:  95%|█████████▌| 19/20 [01:21<00:04,  4.04s/it, avg_loss=0.0033, num_batches=2/60, num_samples=2]
      Epoch 19 train:  95%|█████████▌| 19/20 [01:21<00:04,  4.04s/it, avg_loss=0.0023, num_batches=3/60, num_samples=3]
      Epoch 19 train:  95%|█████████▌| 19/20 [01:21<00:04,  4.04s/it, avg_loss=0.0019, num_batches=4/60, num_samples=4]
      Epoch 19 train:  95%|█████████▌| 19/20 [01:21<00:04,  4.04s/it, avg_loss=0.0023, num_batches=5/60, num_samples=5]
      Epoch 19 train:  95%|█████████▌| 19/20 [01:21<00:04,  4.04s/it, avg_loss=0.0021, num_batches=6/60, num_samples=6]
      Epoch 19 train:  95%|█████████▌| 19/20 [01:21<00:04,  4.04s/it, avg_loss=0.0018, num_batches=7/60, num_samples=7]
      Epoch 19 train:  95%|█████████▌| 19/20 [01:21<00:04,  4.04s/it, avg_loss=0.0016, num_batches=8/60, num_samples=8]
      Epoch 19 train:  95%|█████████▌| 19/20 [01:21<00:04,  4.04s/it, avg_loss=0.0015, num_batches=9/60, num_samples=9]
      Epoch 19 train:  95%|█████████▌| 19/20 [01:21<00:04,  4.04s/it, avg_loss=0.0013, num_batches=10/60, num_samples=10]
      Epoch 19 train:  95%|█████████▌| 19/20 [01:21<00:04,  4.04s/it, avg_loss=0.0013, num_batches=11/60, num_samples=11]
      Epoch 19 train:  95%|█████████▌| 19/20 [01:21<00:04,  4.04s/it, avg_loss=0.0013, num_batches=12/60, num_samples=12]
      Epoch 19 train:  95%|█████████▌| 19/20 [01:22<00:04,  4.04s/it, avg_loss=0.0012, num_batches=13/60, num_samples=13]
      Epoch 19 train:  95%|█████████▌| 19/20 [01:22<00:04,  4.04s/it, avg_loss=0.0011, num_batches=14/60, num_samples=14]
      Epoch 19 train:  95%|█████████▌| 19/20 [01:22<00:04,  4.04s/it, avg_loss=0.0011, num_batches=15/60, num_samples=15]
      Epoch 19 train:  95%|█████████▌| 19/20 [01:22<00:04,  4.04s/it, avg_loss=0.0013, num_batches=16/60, num_samples=16]
      Epoch 19 train:  95%|█████████▌| 19/20 [01:22<00:04,  4.04s/it, avg_loss=0.0013, num_batches=17/60, num_samples=17]
      Epoch 19 train:  95%|█████████▌| 19/20 [01:22<00:04,  4.04s/it, avg_loss=0.0012, num_batches=18/60, num_samples=18]
      Epoch 19 train:  95%|█████████▌| 19/20 [01:22<00:04,  4.04s/it, avg_loss=0.0012, num_batches=19/60, num_samples=19]
      Epoch 19 train:  95%|█████████▌| 19/20 [01:22<00:04,  4.04s/it, avg_loss=0.0013, num_batches=20/60, num_samples=20]
      Epoch 19 train:  95%|█████████▌| 19/20 [01:22<00:04,  4.04s/it, avg_loss=0.0014, num_batches=21/60, num_samples=21]
      Epoch 19 train:  95%|█████████▌| 19/20 [01:22<00:04,  4.04s/it, avg_loss=0.0013, num_batches=22/60, num_samples=22]
      Epoch 19 train:  95%|█████████▌| 19/20 [01:22<00:04,  4.04s/it, avg_loss=0.0013, num_batches=23/60, num_samples=23]
      Epoch 19 train:  95%|█████████▌| 19/20 [01:22<00:04,  4.04s/it, avg_loss=0.0013, num_batches=24/60, num_samples=24]
      Epoch 19 train:  95%|█████████▌| 19/20 [01:22<00:04,  4.04s/it, avg_loss=0.0012, num_batches=25/60, num_samples=25]
      Epoch 19 train:  95%|█████████▌| 19/20 [01:22<00:04,  4.04s/it, avg_loss=0.0013, num_batches=26/60, num_samples=26]
      Epoch 19 train:  95%|█████████▌| 19/20 [01:22<00:04,  4.04s/it, avg_loss=0.0012, num_batches=27/60, num_samples=27]
      Epoch 19 train:  95%|█████████▌| 19/20 [01:22<00:04,  4.04s/it, avg_loss=0.0012, num_batches=28/60, num_samples=28]
      Epoch 19 train:  95%|█████████▌| 19/20 [01:22<00:04,  4.04s/it, avg_loss=0.0012, num_batches=29/60, num_samples=29]
      Epoch 19 train:  95%|█████████▌| 19/20 [01:22<00:04,  4.04s/it, avg_loss=0.0013, num_batches=30/60, num_samples=30]
      Epoch 19 train:  95%|█████████▌| 19/20 [01:22<00:04,  4.04s/it, avg_loss=0.0013, num_batches=31/60, num_samples=31]
      Epoch 19 train:  95%|█████████▌| 19/20 [01:23<00:04,  4.04s/it, avg_loss=0.0012, num_batches=32/60, num_samples=32]
      Epoch 19 train:  95%|█████████▌| 19/20 [01:23<00:04,  4.04s/it, avg_loss=0.0012, num_batches=33/60, num_samples=33]
      Epoch 19 train:  95%|█████████▌| 19/20 [01:23<00:04,  4.04s/it, avg_loss=0.0012, num_batches=34/60, num_samples=34]
      Epoch 19 train:  95%|█████████▌| 19/20 [01:23<00:04,  4.04s/it, avg_loss=0.0012, num_batches=35/60, num_samples=35]
      Epoch 19 train:  95%|█████████▌| 19/20 [01:23<00:04,  4.04s/it, avg_loss=0.0012, num_batches=36/60, num_samples=36]
      Epoch 19 train:  95%|█████████▌| 19/20 [01:23<00:04,  4.04s/it, avg_loss=0.0012, num_batches=37/60, num_samples=37]
      Epoch 19 train:  95%|█████████▌| 19/20 [01:23<00:04,  4.04s/it, avg_loss=0.0013, num_batches=38/60, num_samples=38]
      Epoch 19 train:  95%|█████████▌| 19/20 [01:23<00:04,  4.04s/it, avg_loss=0.0014, num_batches=39/60, num_samples=39]
      Epoch 19 train:  95%|█████████▌| 19/20 [01:23<00:04,  4.04s/it, avg_loss=0.0015, num_batches=40/60, num_samples=40]
      Epoch 19 train:  95%|█████████▌| 19/20 [01:23<00:04,  4.04s/it, avg_loss=0.0015, num_batches=41/60, num_samples=41]
      Epoch 19 train:  95%|█████████▌| 19/20 [01:23<00:04,  4.04s/it, avg_loss=0.0015, num_batches=42/60, num_samples=42]
      Epoch 19 train:  95%|█████████▌| 19/20 [01:23<00:04,  4.04s/it, avg_loss=0.0015, num_batches=43/60, num_samples=43]
      Epoch 19 train:  95%|█████████▌| 19/20 [01:23<00:04,  4.04s/it, avg_loss=0.0014, num_batches=44/60, num_samples=44]
      Epoch 19 train:  95%|█████████▌| 19/20 [01:23<00:04,  4.04s/it, avg_loss=0.0015, num_batches=45/60, num_samples=45]
      Epoch 19 train:  95%|█████████▌| 19/20 [01:23<00:04,  4.04s/it, avg_loss=0.0014, num_batches=46/60, num_samples=46]
      Epoch 19 train:  95%|█████████▌| 19/20 [01:23<00:04,  4.04s/it, avg_loss=0.0014, num_batches=47/60, num_samples=47]
      Epoch 19 train:  95%|█████████▌| 19/20 [01:23<00:04,  4.04s/it, avg_loss=0.0014, num_batches=48/60, num_samples=48]
      Epoch 19 train:  95%|█████████▌| 19/20 [01:23<00:04,  4.04s/it, avg_loss=0.0015, num_batches=49/60, num_samples=49]
      Epoch 19 train:  95%|█████████▌| 19/20 [01:23<00:04,  4.04s/it, avg_loss=0.0015, num_batches=50/60, num_samples=50]
      Epoch 19 train:  95%|█████████▌| 19/20 [01:23<00:04,  4.04s/it, avg_loss=0.0015, num_batches=51/60, num_samples=51]
      Epoch 19 train:  95%|█████████▌| 19/20 [01:24<00:04,  4.04s/it, avg_loss=0.0015, num_batches=52/60, num_samples=52]
      Epoch 19 train:  95%|█████████▌| 19/20 [01:24<00:04,  4.04s/it, avg_loss=0.0015, num_batches=53/60, num_samples=53]
      Epoch 19 train:  95%|█████████▌| 19/20 [01:24<00:04,  4.04s/it, avg_loss=0.0014, num_batches=54/60, num_samples=54]
      Epoch 19 train:  95%|█████████▌| 19/20 [01:24<00:04,  4.04s/it, avg_loss=0.0014, num_batches=55/60, num_samples=55]
      Epoch 19 train:  95%|█████████▌| 19/20 [01:24<00:04,  4.04s/it, avg_loss=0.0014, num_batches=56/60, num_samples=56]
      Epoch 19 train:  95%|█████████▌| 19/20 [01:24<00:04,  4.04s/it, avg_loss=0.0014, num_batches=57/60, num_samples=57]
      Epoch 19 train:  95%|█████████▌| 19/20 [01:24<00:04,  4.04s/it, avg_loss=0.0014, num_batches=58/60, num_samples=58]
      Epoch 19 train:  95%|█████████▌| 19/20 [01:24<00:04,  4.04s/it, avg_loss=0.0014, num_batches=59/60, num_samples=59]
      Epoch 19 train:  95%|█████████▌| 19/20 [01:24<00:04,  4.04s/it, avg_loss=0.0014, num_batches=60/60, num_samples=60]
      Epoch 19 val:  95%|█████████▌| 19/20 [01:24<00:04,  4.04s/it, avg_loss=0.0014, num_batches=60/60, num_samples=60]  
      Epoch 19 val:  95%|█████████▌| 19/20 [01:24<00:04,  4.04s/it, avg_loss=3.1154, num_batches=1/15, num_samples=1]  
      Epoch 19 val:  95%|█████████▌| 19/20 [01:24<00:04,  4.04s/it, avg_loss=4.7599, num_batches=2/15, num_samples=2]
      Epoch 19 val:  95%|█████████▌| 19/20 [01:24<00:04,  4.04s/it, avg_loss=4.4821, num_batches=3/15, num_samples=3]
      Epoch 19 val:  95%|█████████▌| 19/20 [01:24<00:04,  4.04s/it, avg_loss=6.1128, num_batches=4/15, num_samples=4]
      Epoch 19 val:  95%|█████████▌| 19/20 [01:24<00:04,  4.04s/it, avg_loss=5.8980, num_batches=5/15, num_samples=5]
      Epoch 19 val:  95%|█████████▌| 19/20 [01:24<00:04,  4.04s/it, avg_loss=6.3607, num_batches=6/15, num_samples=6]
      Epoch 19 val:  95%|█████████▌| 19/20 [01:24<00:04,  4.04s/it, avg_loss=6.7316, num_batches=7/15, num_samples=7]
      Epoch 19 val:  95%|█████████▌| 19/20 [01:24<00:04,  4.04s/it, avg_loss=5.8902, num_batches=8/15, num_samples=8]
      Epoch 19 val:  95%|█████████▌| 19/20 [01:24<00:04,  4.04s/it, avg_loss=5.2389, num_batches=9/15, num_samples=9]
      Epoch 19 val:  95%|█████████▌| 19/20 [01:24<00:04,  4.04s/it, avg_loss=5.2101, num_batches=10/15, num_samples=10]
      Epoch 19 val:  95%|█████████▌| 19/20 [01:24<00:04,  4.04s/it, avg_loss=4.7376, num_batches=11/15, num_samples=11]
      Epoch 19 val:  95%|█████████▌| 19/20 [01:24<00:04,  4.04s/it, avg_loss=4.6037, num_batches=12/15, num_samples=12]
      Epoch 19 val:  95%|█████████▌| 19/20 [01:25<00:04,  4.04s/it, avg_loss=4.2509, num_batches=13/15, num_samples=13]
      Epoch 19 val:  95%|█████████▌| 19/20 [01:25<00:04,  4.04s/it, avg_loss=4.4878, num_batches=14/15, num_samples=14]
      Epoch 19 val:  95%|█████████▌| 19/20 [01:25<00:04,  4.04s/it, avg_loss=4.2299, num_batches=15/15, num_samples=15]
      Epoch 19 val: 100%|██████████| 20/20 [01:25<00:00,  4.06s/it, avg_loss=4.2299, num_batches=15/15, num_samples=15]
      Epoch 19 val: 100%|██████████| 20/20 [01:25<00:00,  4.26s/it, avg_loss=4.2299, num_batches=15/15, num_samples=15]

  0%|          | 0/20 [00:00<?, ?it/s]
      Epoch 0 train:   0%|          | 0/20 [00:00<?, ?it/s]
      Epoch 0 train:   0%|          | 0/20 [00:00<?, ?it/s, avg_loss=0.7481, num_batches=1/61, num_samples=1]
      Epoch 0 train:   0%|          | 0/20 [00:00<?, ?it/s, avg_loss=3.8390, num_batches=2/61, num_samples=2]
      Epoch 0 train:   0%|          | 0/20 [00:00<?, ?it/s, avg_loss=4.0680, num_batches=3/61, num_samples=3]
      Epoch 0 train:   0%|          | 0/20 [00:00<?, ?it/s, avg_loss=3.4227, num_batches=4/61, num_samples=4]
      Epoch 0 train:   0%|          | 0/20 [00:00<?, ?it/s, avg_loss=3.0746, num_batches=5/61, num_samples=5]
      Epoch 0 train:   0%|          | 0/20 [00:00<?, ?it/s, avg_loss=2.6722, num_batches=6/61, num_samples=6]
      Epoch 0 train:   0%|          | 0/20 [00:00<?, ?it/s, avg_loss=3.0743, num_batches=7/61, num_samples=7]
      Epoch 0 train:   0%|          | 0/20 [00:00<?, ?it/s, avg_loss=2.9911, num_batches=8/61, num_samples=8]
      Epoch 0 train:   0%|          | 0/20 [00:00<?, ?it/s, avg_loss=2.6853, num_batches=9/61, num_samples=9]
      Epoch 0 train:   0%|          | 0/20 [00:00<?, ?it/s, avg_loss=2.6079, num_batches=10/61, num_samples=10]
      Epoch 0 train:   0%|          | 0/20 [00:00<?, ?it/s, avg_loss=2.5410, num_batches=11/61, num_samples=11]
      Epoch 0 train:   0%|          | 0/20 [00:00<?, ?it/s, avg_loss=2.4829, num_batches=12/61, num_samples=12]
      Epoch 0 train:   0%|          | 0/20 [00:00<?, ?it/s, avg_loss=2.4352, num_batches=13/61, num_samples=13]
      Epoch 0 train:   0%|          | 0/20 [00:00<?, ?it/s, avg_loss=2.3338, num_batches=14/61, num_samples=14]
      Epoch 0 train:   0%|          | 0/20 [00:00<?, ?it/s, avg_loss=2.2495, num_batches=15/61, num_samples=15]
      Epoch 0 train:   0%|          | 0/20 [00:00<?, ?it/s, avg_loss=2.2599, num_batches=16/61, num_samples=16]
      Epoch 0 train:   0%|          | 0/20 [00:01<?, ?it/s, avg_loss=2.1657, num_batches=17/61, num_samples=17]
      Epoch 0 train:   0%|          | 0/20 [00:01<?, ?it/s, avg_loss=2.0727, num_batches=18/61, num_samples=18]
      Epoch 0 train:   0%|          | 0/20 [00:01<?, ?it/s, avg_loss=2.0510, num_batches=19/61, num_samples=19]
      Epoch 0 train:   0%|          | 0/20 [00:01<?, ?it/s, avg_loss=1.9645, num_batches=20/61, num_samples=20]
      Epoch 0 train:   0%|          | 0/20 [00:01<?, ?it/s, avg_loss=1.9863, num_batches=21/61, num_samples=21]
      Epoch 0 train:   0%|          | 0/20 [00:01<?, ?it/s, avg_loss=1.9097, num_batches=22/61, num_samples=22]
      Epoch 0 train:   0%|          | 0/20 [00:01<?, ?it/s, avg_loss=1.8388, num_batches=23/61, num_samples=23]
      Epoch 0 train:   0%|          | 0/20 [00:01<?, ?it/s, avg_loss=1.8505, num_batches=24/61, num_samples=24]
      Epoch 0 train:   0%|          | 0/20 [00:01<?, ?it/s, avg_loss=1.8506, num_batches=25/61, num_samples=25]
      Epoch 0 train:   0%|          | 0/20 [00:01<?, ?it/s, avg_loss=1.7940, num_batches=26/61, num_samples=26]
      Epoch 0 train:   0%|          | 0/20 [00:01<?, ?it/s, avg_loss=1.7754, num_batches=27/61, num_samples=27]
      Epoch 0 train:   0%|          | 0/20 [00:01<?, ?it/s, avg_loss=1.7454, num_batches=28/61, num_samples=28]
      Epoch 0 train:   0%|          | 0/20 [00:01<?, ?it/s, avg_loss=1.7076, num_batches=29/61, num_samples=29]
      Epoch 0 train:   0%|          | 0/20 [00:01<?, ?it/s, avg_loss=1.7151, num_batches=30/61, num_samples=30]
      Epoch 0 train:   0%|          | 0/20 [00:01<?, ?it/s, avg_loss=1.7250, num_batches=31/61, num_samples=31]
      Epoch 0 train:   0%|          | 0/20 [00:01<?, ?it/s, avg_loss=1.7192, num_batches=32/61, num_samples=32]
      Epoch 0 train:   0%|          | 0/20 [00:01<?, ?it/s, avg_loss=1.7374, num_batches=33/61, num_samples=33]
      Epoch 0 train:   0%|          | 0/20 [00:01<?, ?it/s, avg_loss=1.7087, num_batches=34/61, num_samples=34]
      Epoch 0 train:   0%|          | 0/20 [00:01<?, ?it/s, avg_loss=1.6788, num_batches=35/61, num_samples=35]
      Epoch 0 train:   0%|          | 0/20 [00:01<?, ?it/s, avg_loss=1.6551, num_batches=36/61, num_samples=36]
      Epoch 0 train:   0%|          | 0/20 [00:01<?, ?it/s, avg_loss=1.6426, num_batches=37/61, num_samples=37]
      Epoch 0 train:   0%|          | 0/20 [00:01<?, ?it/s, avg_loss=1.6392, num_batches=38/61, num_samples=38]
      Epoch 0 train:   0%|          | 0/20 [00:02<?, ?it/s, avg_loss=1.6676, num_batches=39/61, num_samples=39]
      Epoch 0 train:   0%|          | 0/20 [00:02<?, ?it/s, avg_loss=1.6527, num_batches=40/61, num_samples=40]
      Epoch 0 train:   0%|          | 0/20 [00:02<?, ?it/s, avg_loss=1.6287, num_batches=41/61, num_samples=41]
      Epoch 0 train:   0%|          | 0/20 [00:02<?, ?it/s, avg_loss=1.6080, num_batches=42/61, num_samples=42]
      Epoch 0 train:   0%|          | 0/20 [00:02<?, ?it/s, avg_loss=1.5935, num_batches=43/61, num_samples=43]
      Epoch 0 train:   0%|          | 0/20 [00:02<?, ?it/s, avg_loss=1.5744, num_batches=44/61, num_samples=44]
      Epoch 0 train:   0%|          | 0/20 [00:02<?, ?it/s, avg_loss=1.5536, num_batches=45/61, num_samples=45]
      Epoch 0 train:   0%|          | 0/20 [00:02<?, ?it/s, avg_loss=1.5426, num_batches=46/61, num_samples=46]
      Epoch 0 train:   0%|          | 0/20 [00:02<?, ?it/s, avg_loss=1.5315, num_batches=47/61, num_samples=47]
      Epoch 0 train:   0%|          | 0/20 [00:02<?, ?it/s, avg_loss=1.5542, num_batches=48/61, num_samples=48]
      Epoch 0 train:   0%|          | 0/20 [00:02<?, ?it/s, avg_loss=1.5380, num_batches=49/61, num_samples=49]
      Epoch 0 train:   0%|          | 0/20 [00:02<?, ?it/s, avg_loss=1.5211, num_batches=50/61, num_samples=50]
      Epoch 0 train:   0%|          | 0/20 [00:02<?, ?it/s, avg_loss=1.5166, num_batches=51/61, num_samples=51]
      Epoch 0 train:   0%|          | 0/20 [00:02<?, ?it/s, avg_loss=1.5134, num_batches=52/61, num_samples=52]
      Epoch 0 train:   0%|          | 0/20 [00:02<?, ?it/s, avg_loss=1.5365, num_batches=53/61, num_samples=53]
      Epoch 0 train:   0%|          | 0/20 [00:02<?, ?it/s, avg_loss=1.5172, num_batches=54/61, num_samples=54]
      Epoch 0 train:   0%|          | 0/20 [00:02<?, ?it/s, avg_loss=1.5132, num_batches=55/61, num_samples=55]
      Epoch 0 train:   0%|          | 0/20 [00:02<?, ?it/s, avg_loss=1.5115, num_batches=56/61, num_samples=56]
      Epoch 0 train:   0%|          | 0/20 [00:02<?, ?it/s, avg_loss=1.5127, num_batches=57/61, num_samples=57]
      Epoch 0 train:   0%|          | 0/20 [00:03<?, ?it/s, avg_loss=1.5079, num_batches=58/61, num_samples=58]
      Epoch 0 train:   0%|          | 0/20 [00:03<?, ?it/s, avg_loss=1.4950, num_batches=59/61, num_samples=59]
      Epoch 0 train:   0%|          | 0/20 [00:03<?, ?it/s, avg_loss=1.4810, num_batches=60/61, num_samples=60]
      Epoch 0 train:   0%|          | 0/20 [00:03<?, ?it/s, avg_loss=1.4649, num_batches=61/61, num_samples=61]
      Epoch 0 val:   0%|          | 0/20 [00:03<?, ?it/s, avg_loss=1.4649, num_batches=61/61, num_samples=61]  
      Epoch 0 val:   0%|          | 0/20 [00:03<?, ?it/s, avg_loss=2.3741, num_batches=1/15, num_samples=1]  
      Epoch 0 val:   0%|          | 0/20 [00:03<?, ?it/s, avg_loss=1.3642, num_batches=2/15, num_samples=2]
      Epoch 0 val:   0%|          | 0/20 [00:03<?, ?it/s, avg_loss=1.4933, num_batches=3/15, num_samples=3]
      Epoch 0 val:   0%|          | 0/20 [00:03<?, ?it/s, avg_loss=1.1854, num_batches=4/15, num_samples=4]
      Epoch 0 val:   0%|          | 0/20 [00:03<?, ?it/s, avg_loss=1.4476, num_batches=5/15, num_samples=5]
      Epoch 0 val:   0%|          | 0/20 [00:03<?, ?it/s, avg_loss=1.4900, num_batches=6/15, num_samples=6]
      Epoch 0 val:   0%|          | 0/20 [00:03<?, ?it/s, avg_loss=1.6500, num_batches=7/15, num_samples=7]
      Epoch 0 val:   0%|          | 0/20 [00:03<?, ?it/s, avg_loss=1.4800, num_batches=8/15, num_samples=8]
      Epoch 0 val:   0%|          | 0/20 [00:03<?, ?it/s, avg_loss=1.5665, num_batches=9/15, num_samples=9]
      Epoch 0 val:   0%|          | 0/20 [00:03<?, ?it/s, avg_loss=1.6417, num_batches=10/15, num_samples=10]
      Epoch 0 val:   0%|          | 0/20 [00:03<?, ?it/s, avg_loss=1.5195, num_batches=11/15, num_samples=11]
      Epoch 0 val:   0%|          | 0/20 [00:03<?, ?it/s, avg_loss=1.4159, num_batches=12/15, num_samples=12]
      Epoch 0 val:   0%|          | 0/20 [00:03<?, ?it/s, avg_loss=1.4418, num_batches=13/15, num_samples=13]
      Epoch 0 val:   0%|          | 0/20 [00:03<?, ?it/s, avg_loss=1.4695, num_batches=14/15, num_samples=14]
      Epoch 0 val:   0%|          | 0/20 [00:03<?, ?it/s, avg_loss=1.5028, num_batches=15/15, num_samples=15]
      Epoch 0 val:   5%|▌         | 1/20 [00:03<01:15,  4.00s/it, avg_loss=1.5028, num_batches=15/15, num_samples=15]
      Epoch 1 train:   5%|▌         | 1/20 [00:03<01:15,  4.00s/it, avg_loss=1.5028, num_batches=15/15, num_samples=15]
      Epoch 1 train:   5%|▌         | 1/20 [00:04<01:15,  4.00s/it, avg_loss=0.2578, num_batches=1/61, num_samples=1]  
      Epoch 1 train:   5%|▌         | 1/20 [00:04<01:15,  4.00s/it, avg_loss=1.0765, num_batches=2/61, num_samples=2]
      Epoch 1 train:   5%|▌         | 1/20 [00:04<01:15,  4.00s/it, avg_loss=1.4125, num_batches=3/61, num_samples=3]
      Epoch 1 train:   5%|▌         | 1/20 [00:04<01:15,  4.00s/it, avg_loss=1.1050, num_batches=4/61, num_samples=4]
      Epoch 1 train:   5%|▌         | 1/20 [00:04<01:15,  4.00s/it, avg_loss=0.9259, num_batches=5/61, num_samples=5]
      Epoch 1 train:   5%|▌         | 1/20 [00:04<01:15,  4.00s/it, avg_loss=1.0876, num_batches=6/61, num_samples=6]
      Epoch 1 train:   5%|▌         | 1/20 [00:04<01:15,  4.00s/it, avg_loss=1.5044, num_batches=7/61, num_samples=7]
      Epoch 1 train:   5%|▌         | 1/20 [00:04<01:15,  4.00s/it, avg_loss=1.4999, num_batches=8/61, num_samples=8]
      Epoch 1 train:   5%|▌         | 1/20 [00:04<01:15,  4.00s/it, avg_loss=1.3719, num_batches=9/61, num_samples=9]
      Epoch 1 train:   5%|▌         | 1/20 [00:04<01:15,  4.00s/it, avg_loss=1.2868, num_batches=10/61, num_samples=10]
      Epoch 1 train:   5%|▌         | 1/20 [00:04<01:15,  4.00s/it, avg_loss=1.2255, num_batches=11/61, num_samples=11]
      Epoch 1 train:   5%|▌         | 1/20 [00:04<01:15,  4.00s/it, avg_loss=1.1753, num_batches=12/61, num_samples=12]
      Epoch 1 train:   5%|▌         | 1/20 [00:04<01:15,  4.00s/it, avg_loss=1.3477, num_batches=13/61, num_samples=13]
      Epoch 1 train:   5%|▌         | 1/20 [00:04<01:15,  4.00s/it, avg_loss=1.2993, num_batches=14/61, num_samples=14]
      Epoch 1 train:   5%|▌         | 1/20 [00:04<01:15,  4.00s/it, avg_loss=1.2507, num_batches=15/61, num_samples=15]
      Epoch 1 train:   5%|▌         | 1/20 [00:04<01:15,  4.00s/it, avg_loss=1.2157, num_batches=16/61, num_samples=16]
      Epoch 1 train:   5%|▌         | 1/20 [00:04<01:15,  4.00s/it, avg_loss=1.1886, num_batches=17/61, num_samples=17]
      Epoch 1 train:   5%|▌         | 1/20 [00:04<01:15,  4.00s/it, avg_loss=1.1554, num_batches=18/61, num_samples=18]
      Epoch 1 train:   5%|▌         | 1/20 [00:04<01:15,  4.00s/it, avg_loss=1.1190, num_batches=19/61, num_samples=19]
      Epoch 1 train:   5%|▌         | 1/20 [00:05<01:15,  4.00s/it, avg_loss=1.1054, num_batches=20/61, num_samples=20]
      Epoch 1 train:   5%|▌         | 1/20 [00:05<01:15,  4.00s/it, avg_loss=1.0923, num_batches=21/61, num_samples=21]
      Epoch 1 train:   5%|▌         | 1/20 [00:05<01:15,  4.00s/it, avg_loss=1.1574, num_batches=22/61, num_samples=22]
      Epoch 1 train:   5%|▌         | 1/20 [00:05<01:15,  4.00s/it, avg_loss=1.2134, num_batches=23/61, num_samples=23]
      Epoch 1 train:   5%|▌         | 1/20 [00:05<01:15,  4.00s/it, avg_loss=1.1886, num_batches=24/61, num_samples=24]
      Epoch 1 train:   5%|▌         | 1/20 [00:05<01:15,  4.00s/it, avg_loss=1.1771, num_batches=25/61, num_samples=25]
      Epoch 1 train:   5%|▌         | 1/20 [00:05<01:15,  4.00s/it, avg_loss=1.2054, num_batches=26/61, num_samples=26]
      Epoch 1 train:   5%|▌         | 1/20 [00:05<01:15,  4.00s/it, avg_loss=1.1983, num_batches=27/61, num_samples=27]
      Epoch 1 train:   5%|▌         | 1/20 [00:05<01:15,  4.00s/it, avg_loss=1.2093, num_batches=28/61, num_samples=28]
      Epoch 1 train:   5%|▌         | 1/20 [00:05<01:15,  4.00s/it, avg_loss=1.2036, num_batches=29/61, num_samples=29]
      Epoch 1 train:   5%|▌         | 1/20 [00:05<01:15,  4.00s/it, avg_loss=1.1977, num_batches=30/61, num_samples=30]
      Epoch 1 train:   5%|▌         | 1/20 [00:05<01:15,  4.00s/it, avg_loss=1.1965, num_batches=31/61, num_samples=31]
      Epoch 1 train:   5%|▌         | 1/20 [00:05<01:15,  4.00s/it, avg_loss=1.1828, num_batches=32/61, num_samples=32]
      Epoch 1 train:   5%|▌         | 1/20 [00:05<01:15,  4.00s/it, avg_loss=1.1673, num_batches=33/61, num_samples=33]
      Epoch 1 train:   5%|▌         | 1/20 [00:05<01:15,  4.00s/it, avg_loss=1.1494, num_batches=34/61, num_samples=34]
      Epoch 1 train:   5%|▌         | 1/20 [00:05<01:15,  4.00s/it, avg_loss=1.1616, num_batches=35/61, num_samples=35]
      Epoch 1 train:   5%|▌         | 1/20 [00:05<01:15,  4.00s/it, avg_loss=1.1428, num_batches=36/61, num_samples=36]
      Epoch 1 train:   5%|▌         | 1/20 [00:05<01:15,  4.00s/it, avg_loss=1.1632, num_batches=37/61, num_samples=37]
      Epoch 1 train:   5%|▌         | 1/20 [00:05<01:15,  4.00s/it, avg_loss=1.1956, num_batches=38/61, num_samples=38]
      Epoch 1 train:   5%|▌         | 1/20 [00:05<01:15,  4.00s/it, avg_loss=1.1739, num_batches=39/61, num_samples=39]
      Epoch 1 train:   5%|▌         | 1/20 [00:06<01:15,  4.00s/it, avg_loss=1.1957, num_batches=40/61, num_samples=40]
      Epoch 1 train:   5%|▌         | 1/20 [00:06<01:15,  4.00s/it, avg_loss=1.1743, num_batches=41/61, num_samples=41]
      Epoch 1 train:   5%|▌         | 1/20 [00:06<01:15,  4.00s/it, avg_loss=1.1804, num_batches=42/61, num_samples=42]
      Epoch 1 train:   5%|▌         | 1/20 [00:06<01:15,  4.00s/it, avg_loss=1.1956, num_batches=43/61, num_samples=43]
      Epoch 1 train:   5%|▌         | 1/20 [00:06<01:15,  4.00s/it, avg_loss=1.1929, num_batches=44/61, num_samples=44]
      Epoch 1 train:   5%|▌         | 1/20 [00:06<01:15,  4.00s/it, avg_loss=1.1846, num_batches=45/61, num_samples=45]
      Epoch 1 train:   5%|▌         | 1/20 [00:06<01:15,  4.00s/it, avg_loss=1.1736, num_batches=46/61, num_samples=46]
      Epoch 1 train:   5%|▌         | 1/20 [00:06<01:15,  4.00s/it, avg_loss=1.1924, num_batches=47/61, num_samples=47]
      Epoch 1 train:   5%|▌         | 1/20 [00:06<01:15,  4.00s/it, avg_loss=1.1761, num_batches=48/61, num_samples=48]
      Epoch 1 train:   5%|▌         | 1/20 [00:06<01:15,  4.00s/it, avg_loss=1.1972, num_batches=49/61, num_samples=49]
      Epoch 1 train:   5%|▌         | 1/20 [00:06<01:15,  4.00s/it, avg_loss=1.2076, num_batches=50/61, num_samples=50]
      Epoch 1 train:   5%|▌         | 1/20 [00:06<01:15,  4.00s/it, avg_loss=1.2222, num_batches=51/61, num_samples=51]
      Epoch 1 train:   5%|▌         | 1/20 [00:06<01:15,  4.00s/it, avg_loss=1.2111, num_batches=52/61, num_samples=52]
      Epoch 1 train:   5%|▌         | 1/20 [00:06<01:15,  4.00s/it, avg_loss=1.2217, num_batches=53/61, num_samples=53]
      Epoch 1 train:   5%|▌         | 1/20 [00:06<01:15,  4.00s/it, avg_loss=1.2345, num_batches=54/61, num_samples=54]
      Epoch 1 train:   5%|▌         | 1/20 [00:06<01:15,  4.00s/it, avg_loss=1.2393, num_batches=55/61, num_samples=55]
      Epoch 1 train:   5%|▌         | 1/20 [00:06<01:15,  4.00s/it, avg_loss=1.2452, num_batches=56/61, num_samples=56]
      Epoch 1 train:   5%|▌         | 1/20 [00:06<01:15,  4.00s/it, avg_loss=1.2458, num_batches=57/61, num_samples=57]
      Epoch 1 train:   5%|▌         | 1/20 [00:07<01:15,  4.00s/it, avg_loss=1.2375, num_batches=58/61, num_samples=58]
      Epoch 1 train:   5%|▌         | 1/20 [00:07<01:15,  4.00s/it, avg_loss=1.2320, num_batches=59/61, num_samples=59]
      Epoch 1 train:   5%|▌         | 1/20 [00:07<01:15,  4.00s/it, avg_loss=1.2349, num_batches=60/61, num_samples=60]
      Epoch 1 train:   5%|▌         | 1/20 [00:07<01:15,  4.00s/it, avg_loss=1.2241, num_batches=61/61, num_samples=61]
      Epoch 1 val:   5%|▌         | 1/20 [00:07<01:15,  4.00s/it, avg_loss=1.2241, num_batches=61/61, num_samples=61]  
      Epoch 1 val:   5%|▌         | 1/20 [00:07<01:15,  4.00s/it, avg_loss=1.1139, num_batches=1/15, num_samples=1]  
      Epoch 1 val:   5%|▌         | 1/20 [00:07<01:15,  4.00s/it, avg_loss=1.6157, num_batches=2/15, num_samples=2]
      Epoch 1 val:   5%|▌         | 1/20 [00:07<01:15,  4.00s/it, avg_loss=1.4745, num_batches=3/15, num_samples=3]
      Epoch 1 val:   5%|▌         | 1/20 [00:07<01:15,  4.00s/it, avg_loss=1.6297, num_batches=4/15, num_samples=4]
      Epoch 1 val:   5%|▌         | 1/20 [00:07<01:15,  4.00s/it, avg_loss=1.3955, num_batches=5/15, num_samples=5]
      Epoch 1 val:   5%|▌         | 1/20 [00:07<01:15,  4.00s/it, avg_loss=1.3733, num_batches=6/15, num_samples=6]
      Epoch 1 val:   5%|▌         | 1/20 [00:07<01:15,  4.00s/it, avg_loss=1.3608, num_batches=7/15, num_samples=7]
      Epoch 1 val:   5%|▌         | 1/20 [00:07<01:15,  4.00s/it, avg_loss=1.4920, num_batches=8/15, num_samples=8]
      Epoch 1 val:   5%|▌         | 1/20 [00:07<01:15,  4.00s/it, avg_loss=1.3865, num_batches=9/15, num_samples=9]
      Epoch 1 val:   5%|▌         | 1/20 [00:07<01:15,  4.00s/it, avg_loss=1.2910, num_batches=10/15, num_samples=10]
      Epoch 1 val:   5%|▌         | 1/20 [00:07<01:15,  4.00s/it, avg_loss=1.2246, num_batches=11/15, num_samples=11]
      Epoch 1 val:   5%|▌         | 1/20 [00:07<01:15,  4.00s/it, avg_loss=1.3063, num_batches=12/15, num_samples=12]
      Epoch 1 val:   5%|▌         | 1/20 [00:07<01:15,  4.00s/it, avg_loss=1.2423, num_batches=13/15, num_samples=13]
      Epoch 1 val:   5%|▌         | 1/20 [00:07<01:15,  4.00s/it, avg_loss=1.2456, num_batches=14/15, num_samples=14]
      Epoch 1 val:   5%|▌         | 1/20 [00:07<01:15,  4.00s/it, avg_loss=1.3115, num_batches=15/15, num_samples=15]
      Epoch 1 val:  10%|█         | 2/20 [00:08<01:12,  4.01s/it, avg_loss=1.3115, num_batches=15/15, num_samples=15]
      Epoch 2 train:  10%|█         | 2/20 [00:08<01:12,  4.01s/it, avg_loss=1.3115, num_batches=15/15, num_samples=15]
      Epoch 2 train:  10%|█         | 2/20 [00:08<01:12,  4.01s/it, avg_loss=0.4216, num_batches=1/61, num_samples=1]  
      Epoch 2 train:  10%|█         | 2/20 [00:08<01:12,  4.01s/it, avg_loss=0.3746, num_batches=2/61, num_samples=2]
      Epoch 2 train:  10%|█         | 2/20 [00:08<01:12,  4.01s/it, avg_loss=0.3198, num_batches=3/61, num_samples=3]
      Epoch 2 train:  10%|█         | 2/20 [00:08<01:12,  4.01s/it, avg_loss=0.9356, num_batches=4/61, num_samples=4]
      Epoch 2 train:  10%|█         | 2/20 [00:08<01:12,  4.01s/it, avg_loss=1.1510, num_batches=5/61, num_samples=5]
      Epoch 2 train:  10%|█         | 2/20 [00:08<01:12,  4.01s/it, avg_loss=1.4205, num_batches=6/61, num_samples=6]
      Epoch 2 train:  10%|█         | 2/20 [00:08<01:12,  4.01s/it, avg_loss=1.2390, num_batches=7/61, num_samples=7]
      Epoch 2 train:  10%|█         | 2/20 [00:08<01:12,  4.01s/it, avg_loss=1.3777, num_batches=8/61, num_samples=8]
      Epoch 2 train:  10%|█         | 2/20 [00:08<01:12,  4.01s/it, avg_loss=1.4139, num_batches=9/61, num_samples=9]
      Epoch 2 train:  10%|█         | 2/20 [00:08<01:12,  4.01s/it, avg_loss=1.4597, num_batches=10/61, num_samples=10]
      Epoch 2 train:  10%|█         | 2/20 [00:08<01:12,  4.01s/it, avg_loss=1.3505, num_batches=11/61, num_samples=11]
      Epoch 2 train:  10%|█         | 2/20 [00:08<01:12,  4.01s/it, avg_loss=1.3530, num_batches=12/61, num_samples=12]
      Epoch 2 train:  10%|█         | 2/20 [00:08<01:12,  4.01s/it, avg_loss=1.3516, num_batches=13/61, num_samples=13]
      Epoch 2 train:  10%|█         | 2/20 [00:08<01:12,  4.01s/it, avg_loss=1.3272, num_batches=14/61, num_samples=14]
      Epoch 2 train:  10%|█         | 2/20 [00:09<01:12,  4.01s/it, avg_loss=1.3679, num_batches=15/61, num_samples=15]
      Epoch 2 train:  10%|█         | 2/20 [00:09<01:12,  4.01s/it, avg_loss=1.3840, num_batches=16/61, num_samples=16]
      Epoch 2 train:  10%|█         | 2/20 [00:09<01:12,  4.01s/it, avg_loss=1.3942, num_batches=17/61, num_samples=17]
      Epoch 2 train:  10%|█         | 2/20 [00:09<01:12,  4.01s/it, avg_loss=1.4163, num_batches=18/61, num_samples=18]
      Epoch 2 train:  10%|█         | 2/20 [00:09<01:12,  4.01s/it, avg_loss=1.4360, num_batches=19/61, num_samples=19]
      Epoch 2 train:  10%|█         | 2/20 [00:09<01:12,  4.01s/it, avg_loss=1.4058, num_batches=20/61, num_samples=20]
      Epoch 2 train:  10%|█         | 2/20 [00:09<01:12,  4.01s/it, avg_loss=1.4212, num_batches=21/61, num_samples=21]
      Epoch 2 train:  10%|█         | 2/20 [00:09<01:12,  4.01s/it, avg_loss=1.4408, num_batches=22/61, num_samples=22]
      Epoch 2 train:  10%|█         | 2/20 [00:09<01:12,  4.01s/it, avg_loss=1.4021, num_batches=23/61, num_samples=23]
      Epoch 2 train:  10%|█         | 2/20 [00:09<01:12,  4.01s/it, avg_loss=1.4137, num_batches=24/61, num_samples=24]
      Epoch 2 train:  10%|█         | 2/20 [00:09<01:12,  4.01s/it, avg_loss=1.4128, num_batches=25/61, num_samples=25]
      Epoch 2 train:  10%|█         | 2/20 [00:09<01:12,  4.01s/it, avg_loss=1.4180, num_batches=26/61, num_samples=26]
      Epoch 2 train:  10%|█         | 2/20 [00:09<01:12,  4.01s/it, avg_loss=1.3820, num_batches=27/61, num_samples=27]
      Epoch 2 train:  10%|█         | 2/20 [00:09<01:12,  4.01s/it, avg_loss=1.3777, num_batches=28/61, num_samples=28]
      Epoch 2 train:  10%|█         | 2/20 [00:09<01:12,  4.01s/it, avg_loss=1.3506, num_batches=29/61, num_samples=29]
      Epoch 2 train:  10%|█         | 2/20 [00:09<01:12,  4.01s/it, avg_loss=1.3210, num_batches=30/61, num_samples=30]
      Epoch 2 train:  10%|█         | 2/20 [00:09<01:12,  4.01s/it, avg_loss=1.3177, num_batches=31/61, num_samples=31]
      Epoch 2 train:  10%|█         | 2/20 [00:09<01:12,  4.01s/it, avg_loss=1.3092, num_batches=32/61, num_samples=32]
      Epoch 2 train:  10%|█         | 2/20 [00:09<01:12,  4.01s/it, avg_loss=1.3027, num_batches=33/61, num_samples=33]
      Epoch 2 train:  10%|█         | 2/20 [00:09<01:12,  4.01s/it, avg_loss=1.2892, num_batches=34/61, num_samples=34]
      Epoch 2 train:  10%|█         | 2/20 [00:09<01:12,  4.01s/it, avg_loss=1.2747, num_batches=35/61, num_samples=35]
      Epoch 2 train:  10%|█         | 2/20 [00:10<01:12,  4.01s/it, avg_loss=1.2552, num_batches=36/61, num_samples=36]
      Epoch 2 train:  10%|█         | 2/20 [00:10<01:12,  4.01s/it, avg_loss=1.2485, num_batches=37/61, num_samples=37]
      Epoch 2 train:  10%|█         | 2/20 [00:10<01:12,  4.01s/it, avg_loss=1.2368, num_batches=38/61, num_samples=38]
      Epoch 2 train:  10%|█         | 2/20 [00:10<01:12,  4.01s/it, avg_loss=1.2439, num_batches=39/61, num_samples=39]
      Epoch 2 train:  10%|█         | 2/20 [00:10<01:12,  4.01s/it, avg_loss=1.2498, num_batches=40/61, num_samples=40]
      Epoch 2 train:  10%|█         | 2/20 [00:10<01:12,  4.01s/it, avg_loss=1.2274, num_batches=41/61, num_samples=41]
      Epoch 2 train:  10%|█         | 2/20 [00:10<01:12,  4.01s/it, avg_loss=1.2337, num_batches=42/61, num_samples=42]
      Epoch 2 train:  10%|█         | 2/20 [00:10<01:12,  4.01s/it, avg_loss=1.2450, num_batches=43/61, num_samples=43]
      Epoch 2 train:  10%|█         | 2/20 [00:10<01:12,  4.01s/it, avg_loss=1.2566, num_batches=44/61, num_samples=44]
      Epoch 2 train:  10%|█         | 2/20 [00:10<01:12,  4.01s/it, avg_loss=1.2578, num_batches=45/61, num_samples=45]
      Epoch 2 train:  10%|█         | 2/20 [00:10<01:12,  4.01s/it, avg_loss=1.2575, num_batches=46/61, num_samples=46]
      Epoch 2 train:  10%|█         | 2/20 [00:10<01:12,  4.01s/it, avg_loss=1.2385, num_batches=47/61, num_samples=47]
      Epoch 2 train:  10%|█         | 2/20 [00:10<01:12,  4.01s/it, avg_loss=1.2357, num_batches=48/61, num_samples=48]
      Epoch 2 train:  10%|█         | 2/20 [00:10<01:12,  4.01s/it, avg_loss=1.2323, num_batches=49/61, num_samples=49]
      Epoch 2 train:  10%|█         | 2/20 [00:10<01:12,  4.01s/it, avg_loss=1.2190, num_batches=50/61, num_samples=50]
      Epoch 2 train:  10%|█         | 2/20 [00:10<01:12,  4.01s/it, avg_loss=1.2008, num_batches=51/61, num_samples=51]
      Epoch 2 train:  10%|█         | 2/20 [00:10<01:12,  4.01s/it, avg_loss=1.1940, num_batches=52/61, num_samples=52]
      Epoch 2 train:  10%|█         | 2/20 [00:10<01:12,  4.01s/it, avg_loss=1.1927, num_batches=53/61, num_samples=53]
      Epoch 2 train:  10%|█         | 2/20 [00:10<01:12,  4.01s/it, avg_loss=1.1809, num_batches=54/61, num_samples=54]
      Epoch 2 train:  10%|█         | 2/20 [00:10<01:12,  4.01s/it, avg_loss=1.1640, num_batches=55/61, num_samples=55]
      Epoch 2 train:  10%|█         | 2/20 [00:11<01:12,  4.01s/it, avg_loss=1.1597, num_batches=56/61, num_samples=56]
      Epoch 2 train:  10%|█         | 2/20 [00:11<01:12,  4.01s/it, avg_loss=1.1763, num_batches=57/61, num_samples=57]
      Epoch 2 train:  10%|█         | 2/20 [00:11<01:12,  4.01s/it, avg_loss=1.1669, num_batches=58/61, num_samples=58]
      Epoch 2 train:  10%|█         | 2/20 [00:11<01:12,  4.01s/it, avg_loss=1.1525, num_batches=59/61, num_samples=59]
      Epoch 2 train:  10%|█         | 2/20 [00:11<01:12,  4.01s/it, avg_loss=1.1667, num_batches=60/61, num_samples=60]
      Epoch 2 train:  10%|█         | 2/20 [00:11<01:12,  4.01s/it, avg_loss=1.1592, num_batches=61/61, num_samples=61]
      Epoch 2 val:  10%|█         | 2/20 [00:11<01:12,  4.01s/it, avg_loss=1.1592, num_batches=61/61, num_samples=61]  
      Epoch 2 val:  10%|█         | 2/20 [00:11<01:12,  4.01s/it, avg_loss=0.7833, num_batches=1/15, num_samples=1]  
      Epoch 2 val:  10%|█         | 2/20 [00:11<01:12,  4.01s/it, avg_loss=0.9249, num_batches=2/15, num_samples=2]
      Epoch 2 val:  10%|█         | 2/20 [00:11<01:12,  4.01s/it, avg_loss=1.6844, num_batches=3/15, num_samples=3]
      Epoch 2 val:  10%|█         | 2/20 [00:11<01:12,  4.01s/it, avg_loss=1.3976, num_batches=4/15, num_samples=4]
      Epoch 2 val:  10%|█         | 2/20 [00:11<01:12,  4.01s/it, avg_loss=1.3429, num_batches=5/15, num_samples=5]
      Epoch 2 val:  10%|█         | 2/20 [00:11<01:12,  4.01s/it, avg_loss=1.1972, num_batches=6/15, num_samples=6]
      Epoch 2 val:  10%|█         | 2/20 [00:11<01:12,  4.01s/it, avg_loss=1.0925, num_batches=7/15, num_samples=7]
      Epoch 2 val:  10%|█         | 2/20 [00:11<01:12,  4.01s/it, avg_loss=1.0408, num_batches=8/15, num_samples=8]
      Epoch 2 val:  10%|█         | 2/20 [00:11<01:12,  4.01s/it, avg_loss=1.2043, num_batches=9/15, num_samples=9]
      Epoch 2 val:  10%|█         | 2/20 [00:11<01:12,  4.01s/it, avg_loss=1.1381, num_batches=10/15, num_samples=10]
      Epoch 2 val:  10%|█         | 2/20 [00:11<01:12,  4.01s/it, avg_loss=1.1943, num_batches=11/15, num_samples=11]
      Epoch 2 val:  10%|█         | 2/20 [00:11<01:12,  4.01s/it, avg_loss=1.1657, num_batches=12/15, num_samples=12]
      Epoch 2 val:  10%|█         | 2/20 [00:11<01:12,  4.01s/it, avg_loss=1.2403, num_batches=13/15, num_samples=13]
      Epoch 2 val:  10%|█         | 2/20 [00:11<01:12,  4.01s/it, avg_loss=1.3326, num_batches=14/15, num_samples=14]
      Epoch 2 val:  10%|█         | 2/20 [00:11<01:12,  4.01s/it, avg_loss=1.3142, num_batches=15/15, num_samples=15]
      Epoch 2 val:  15%|█▌        | 3/20 [00:12<01:08,  4.03s/it, avg_loss=1.3142, num_batches=15/15, num_samples=15]
      Epoch 3 train:  15%|█▌        | 3/20 [00:12<01:08,  4.03s/it, avg_loss=1.3142, num_batches=15/15, num_samples=15]
      Epoch 3 train:  15%|█▌        | 3/20 [00:12<01:08,  4.03s/it, avg_loss=1.6729, num_batches=1/61, num_samples=1]  
      Epoch 3 train:  15%|█▌        | 3/20 [00:12<01:08,  4.03s/it, avg_loss=1.0533, num_batches=2/61, num_samples=2]
      Epoch 3 train:  15%|█▌        | 3/20 [00:12<01:08,  4.03s/it, avg_loss=0.8720, num_batches=3/61, num_samples=3]
      Epoch 3 train:  15%|█▌        | 3/20 [00:12<01:08,  4.03s/it, avg_loss=0.8904, num_batches=4/61, num_samples=4]
      Epoch 3 train:  15%|█▌        | 3/20 [00:12<01:08,  4.03s/it, avg_loss=0.9555, num_batches=5/61, num_samples=5]
      Epoch 3 train:  15%|█▌        | 3/20 [00:12<01:08,  4.03s/it, avg_loss=0.9576, num_batches=6/61, num_samples=6]
      Epoch 3 train:  15%|█▌        | 3/20 [00:12<01:08,  4.03s/it, avg_loss=0.9428, num_batches=7/61, num_samples=7]
      Epoch 3 train:  15%|█▌        | 3/20 [00:12<01:08,  4.03s/it, avg_loss=1.0177, num_batches=8/61, num_samples=8]
      Epoch 3 train:  15%|█▌        | 3/20 [00:12<01:08,  4.03s/it, avg_loss=1.0013, num_batches=9/61, num_samples=9]
      Epoch 3 train:  15%|█▌        | 3/20 [00:12<01:08,  4.03s/it, avg_loss=1.0670, num_batches=10/61, num_samples=10]
      Epoch 3 train:  15%|█▌        | 3/20 [00:12<01:08,  4.03s/it, avg_loss=1.0814, num_batches=11/61, num_samples=11]
      Epoch 3 train:  15%|█▌        | 3/20 [00:12<01:08,  4.03s/it, avg_loss=1.1549, num_batches=12/61, num_samples=12]
      Epoch 3 train:  15%|█▌        | 3/20 [00:12<01:08,  4.03s/it, avg_loss=1.0700, num_batches=13/61, num_samples=13]
      Epoch 3 train:  15%|█▌        | 3/20 [00:13<01:08,  4.03s/it, avg_loss=0.9994, num_batches=14/61, num_samples=14]
      Epoch 3 train:  15%|█▌        | 3/20 [00:13<01:08,  4.03s/it, avg_loss=1.0285, num_batches=15/61, num_samples=15]
      Epoch 3 train:  15%|█▌        | 3/20 [00:13<01:08,  4.03s/it, avg_loss=0.9757, num_batches=16/61, num_samples=16]
      Epoch 3 train:  15%|█▌        | 3/20 [00:13<01:08,  4.03s/it, avg_loss=0.9914, num_batches=17/61, num_samples=17]
      Epoch 3 train:  15%|█▌        | 3/20 [00:13<01:08,  4.03s/it, avg_loss=0.9875, num_batches=18/61, num_samples=18]
      Epoch 3 train:  15%|█▌        | 3/20 [00:13<01:08,  4.03s/it, avg_loss=1.0177, num_batches=19/61, num_samples=19]
      Epoch 3 train:  15%|█▌        | 3/20 [00:13<01:08,  4.03s/it, avg_loss=0.9922, num_batches=20/61, num_samples=20]
      Epoch 3 train:  15%|█▌        | 3/20 [00:13<01:08,  4.03s/it, avg_loss=0.9514, num_batches=21/61, num_samples=21]
      Epoch 3 train:  15%|█▌        | 3/20 [00:13<01:08,  4.03s/it, avg_loss=0.9268, num_batches=22/61, num_samples=22]
      Epoch 3 train:  15%|█▌        | 3/20 [00:13<01:08,  4.03s/it, avg_loss=0.9116, num_batches=23/61, num_samples=23]
      Epoch 3 train:  15%|█▌        | 3/20 [00:13<01:08,  4.03s/it, avg_loss=0.8933, num_batches=24/61, num_samples=24]
      Epoch 3 train:  15%|█▌        | 3/20 [00:13<01:08,  4.03s/it, avg_loss=0.8820, num_batches=25/61, num_samples=25]
      Epoch 3 train:  15%|█▌        | 3/20 [00:13<01:08,  4.03s/it, avg_loss=0.9531, num_batches=26/61, num_samples=26]
      Epoch 3 train:  15%|█▌        | 3/20 [00:13<01:08,  4.03s/it, avg_loss=0.9846, num_batches=27/61, num_samples=27]
      Epoch 3 train:  15%|█▌        | 3/20 [00:13<01:08,  4.03s/it, avg_loss=0.9954, num_batches=28/61, num_samples=28]
      Epoch 3 train:  15%|█▌        | 3/20 [00:13<01:08,  4.03s/it, avg_loss=0.9763, num_batches=29/61, num_samples=29]
      Epoch 3 train:  15%|█▌        | 3/20 [00:13<01:08,  4.03s/it, avg_loss=0.9700, num_batches=30/61, num_samples=30]
      Epoch 3 train:  15%|█▌        | 3/20 [00:13<01:08,  4.03s/it, avg_loss=0.9549, num_batches=31/61, num_samples=31]
      Epoch 3 train:  15%|█▌        | 3/20 [00:13<01:08,  4.03s/it, avg_loss=0.9345, num_batches=32/61, num_samples=32]
      Epoch 3 train:  15%|█▌        | 3/20 [00:13<01:08,  4.03s/it, avg_loss=0.9266, num_batches=33/61, num_samples=33]
      Epoch 3 train:  15%|█▌        | 3/20 [00:14<01:08,  4.03s/it, avg_loss=0.9364, num_batches=34/61, num_samples=34]
      Epoch 3 train:  15%|█▌        | 3/20 [00:14<01:08,  4.03s/it, avg_loss=0.9200, num_batches=35/61, num_samples=35]
      Epoch 3 train:  15%|█▌        | 3/20 [00:14<01:08,  4.03s/it, avg_loss=0.9193, num_batches=36/61, num_samples=36]
      Epoch 3 train:  15%|█▌        | 3/20 [00:14<01:08,  4.03s/it, avg_loss=0.9228, num_batches=37/61, num_samples=37]
      Epoch 3 train:  15%|█▌        | 3/20 [00:14<01:08,  4.03s/it, avg_loss=0.9089, num_batches=38/61, num_samples=38]
      Epoch 3 train:  15%|█▌        | 3/20 [00:14<01:08,  4.03s/it, avg_loss=0.8923, num_batches=39/61, num_samples=39]
      Epoch 3 train:  15%|█▌        | 3/20 [00:14<01:08,  4.03s/it, avg_loss=0.8813, num_batches=40/61, num_samples=40]
      Epoch 3 train:  15%|█▌        | 3/20 [00:14<01:08,  4.03s/it, avg_loss=0.8709, num_batches=41/61, num_samples=41]
      Epoch 3 train:  15%|█▌        | 3/20 [00:14<01:08,  4.03s/it, avg_loss=0.8745, num_batches=42/61, num_samples=42]
      Epoch 3 train:  15%|█▌        | 3/20 [00:14<01:08,  4.03s/it, avg_loss=0.8635, num_batches=43/61, num_samples=43]
      Epoch 3 train:  15%|█▌        | 3/20 [00:14<01:08,  4.03s/it, avg_loss=0.8608, num_batches=44/61, num_samples=44]
      Epoch 3 train:  15%|█▌        | 3/20 [00:14<01:08,  4.03s/it, avg_loss=0.8494, num_batches=45/61, num_samples=45]
      Epoch 3 train:  15%|█▌        | 3/20 [00:14<01:08,  4.03s/it, avg_loss=0.8471, num_batches=46/61, num_samples=46]
      Epoch 3 train:  15%|█▌        | 3/20 [00:14<01:08,  4.03s/it, avg_loss=0.8442, num_batches=47/61, num_samples=47]
      Epoch 3 train:  15%|█▌        | 3/20 [00:14<01:08,  4.03s/it, avg_loss=0.8355, num_batches=48/61, num_samples=48]
      Epoch 3 train:  15%|█▌        | 3/20 [00:14<01:08,  4.03s/it, avg_loss=0.8394, num_batches=49/61, num_samples=49]
      Epoch 3 train:  15%|█▌        | 3/20 [00:14<01:08,  4.03s/it, avg_loss=0.8247, num_batches=50/61, num_samples=50]
      Epoch 3 train:  15%|█▌        | 3/20 [00:14<01:08,  4.03s/it, avg_loss=0.8560, num_batches=51/61, num_samples=51]
      Epoch 3 train:  15%|█▌        | 3/20 [00:14<01:08,  4.03s/it, avg_loss=0.8551, num_batches=52/61, num_samples=52]
      Epoch 3 train:  15%|█▌        | 3/20 [00:14<01:08,  4.03s/it, avg_loss=0.8444, num_batches=53/61, num_samples=53]
      Epoch 3 train:  15%|█▌        | 3/20 [00:14<01:08,  4.03s/it, avg_loss=0.8331, num_batches=54/61, num_samples=54]
      Epoch 3 train:  15%|█▌        | 3/20 [00:14<01:08,  4.03s/it, avg_loss=0.8283, num_batches=55/61, num_samples=55]
      Epoch 3 train:  15%|█▌        | 3/20 [00:15<01:08,  4.03s/it, avg_loss=0.8143, num_batches=56/61, num_samples=56]
      Epoch 3 train:  15%|█▌        | 3/20 [00:15<01:08,  4.03s/it, avg_loss=0.8021, num_batches=57/61, num_samples=57]
      Epoch 3 train:  15%|█▌        | 3/20 [00:15<01:08,  4.03s/it, avg_loss=0.7989, num_batches=58/61, num_samples=58]
      Epoch 3 train:  15%|█▌        | 3/20 [00:15<01:08,  4.03s/it, avg_loss=0.8093, num_batches=59/61, num_samples=59]
      Epoch 3 train:  15%|█▌        | 3/20 [00:15<01:08,  4.03s/it, avg_loss=0.9060, num_batches=60/61, num_samples=60]
      Epoch 3 train:  15%|█▌        | 3/20 [00:15<01:08,  4.03s/it, avg_loss=0.8982, num_batches=61/61, num_samples=61]
      Epoch 3 val:  15%|█▌        | 3/20 [00:15<01:08,  4.03s/it, avg_loss=0.8982, num_batches=61/61, num_samples=61]  
      Epoch 3 val:  15%|█▌        | 3/20 [00:15<01:08,  4.03s/it, avg_loss=0.1852, num_batches=1/15, num_samples=1]  
      Epoch 3 val:  15%|█▌        | 3/20 [00:15<01:08,  4.03s/it, avg_loss=1.3191, num_batches=2/15, num_samples=2]
      Epoch 3 val:  15%|█▌        | 3/20 [00:15<01:08,  4.03s/it, avg_loss=1.5247, num_batches=3/15, num_samples=3]
      Epoch 3 val:  15%|█▌        | 3/20 [00:15<01:08,  4.03s/it, avg_loss=1.2451, num_batches=4/15, num_samples=4]
      Epoch 3 val:  15%|█▌        | 3/20 [00:15<01:08,  4.03s/it, avg_loss=1.6444, num_batches=5/15, num_samples=5]
      Epoch 3 val:  15%|█▌        | 3/20 [00:15<01:08,  4.03s/it, avg_loss=1.6955, num_batches=6/15, num_samples=6]
      Epoch 3 val:  15%|█▌        | 3/20 [00:15<01:08,  4.03s/it, avg_loss=1.9194, num_batches=7/15, num_samples=7]
      Epoch 3 val:  15%|█▌        | 3/20 [00:15<01:08,  4.03s/it, avg_loss=1.6999, num_batches=8/15, num_samples=8]
      Epoch 3 val:  15%|█▌        | 3/20 [00:15<01:08,  4.03s/it, avg_loss=1.5891, num_batches=9/15, num_samples=9]
      Epoch 3 val:  15%|█▌        | 3/20 [00:15<01:08,  4.03s/it, avg_loss=1.4986, num_batches=10/15, num_samples=10]
      Epoch 3 val:  15%|█▌        | 3/20 [00:15<01:08,  4.03s/it, avg_loss=1.3638, num_batches=11/15, num_samples=11]
      Epoch 3 val:  15%|█▌        | 3/20 [00:15<01:08,  4.03s/it, avg_loss=1.4154, num_batches=12/15, num_samples=12]
      Epoch 3 val:  15%|█▌        | 3/20 [00:15<01:08,  4.03s/it, avg_loss=1.3695, num_batches=13/15, num_samples=13]
      Epoch 3 val:  15%|█▌        | 3/20 [00:15<01:08,  4.03s/it, avg_loss=1.6388, num_batches=14/15, num_samples=14]
      Epoch 3 val:  15%|█▌        | 3/20 [00:15<01:08,  4.03s/it, avg_loss=1.5343, num_batches=15/15, num_samples=15]
      Epoch 3 val:  20%|██        | 4/20 [00:16<01:04,  4.03s/it, avg_loss=1.5343, num_batches=15/15, num_samples=15]
      Epoch 4 train:  20%|██        | 4/20 [00:16<01:04,  4.03s/it, avg_loss=1.5343, num_batches=15/15, num_samples=15]
      Epoch 4 train:  20%|██        | 4/20 [00:16<01:04,  4.03s/it, avg_loss=0.6303, num_batches=1/61, num_samples=1]  
      Epoch 4 train:  20%|██        | 4/20 [00:16<01:04,  4.03s/it, avg_loss=0.3746, num_batches=2/61, num_samples=2]
      Epoch 4 train:  20%|██        | 4/20 [00:16<01:04,  4.03s/it, avg_loss=0.3671, num_batches=3/61, num_samples=3]
      Epoch 4 train:  20%|██        | 4/20 [00:16<01:04,  4.03s/it, avg_loss=0.3384, num_batches=4/61, num_samples=4]
      Epoch 4 train:  20%|██        | 4/20 [00:16<01:04,  4.03s/it, avg_loss=0.2751, num_batches=5/61, num_samples=5]
      Epoch 4 train:  20%|██        | 4/20 [00:16<01:04,  4.03s/it, avg_loss=0.4781, num_batches=6/61, num_samples=6]
      Epoch 4 train:  20%|██        | 4/20 [00:16<01:04,  4.03s/it, avg_loss=0.4550, num_batches=7/61, num_samples=7]
      Epoch 4 train:  20%|██        | 4/20 [00:16<01:04,  4.03s/it, avg_loss=0.4152, num_batches=8/61, num_samples=8]
      Epoch 4 train:  20%|██        | 4/20 [00:16<01:04,  4.03s/it, avg_loss=0.3846, num_batches=9/61, num_samples=9]
      Epoch 4 train:  20%|██        | 4/20 [00:16<01:04,  4.03s/it, avg_loss=0.3524, num_batches=10/61, num_samples=10]
      Epoch 4 train:  20%|██        | 4/20 [00:16<01:04,  4.03s/it, avg_loss=0.4914, num_batches=11/61, num_samples=11]
      Epoch 4 train:  20%|██        | 4/20 [00:16<01:04,  4.03s/it, avg_loss=0.4677, num_batches=12/61, num_samples=12]
      Epoch 4 train:  20%|██        | 4/20 [00:16<01:04,  4.03s/it, avg_loss=0.4813, num_batches=13/61, num_samples=13]
      Epoch 4 train:  20%|██        | 4/20 [00:16<01:04,  4.03s/it, avg_loss=0.5120, num_batches=14/61, num_samples=14]
      Epoch 4 train:  20%|██        | 4/20 [00:17<01:04,  4.03s/it, avg_loss=0.4925, num_batches=15/61, num_samples=15]
      Epoch 4 train:  20%|██        | 4/20 [00:17<01:04,  4.03s/it, avg_loss=0.4972, num_batches=16/61, num_samples=16]
      Epoch 4 train:  20%|██        | 4/20 [00:17<01:04,  4.03s/it, avg_loss=0.5060, num_batches=17/61, num_samples=17]
      Epoch 4 train:  20%|██        | 4/20 [00:17<01:04,  4.03s/it, avg_loss=0.4881, num_batches=18/61, num_samples=18]
      Epoch 4 train:  20%|██        | 4/20 [00:17<01:04,  4.03s/it, avg_loss=0.4675, num_batches=19/61, num_samples=19]
      Epoch 4 train:  20%|██        | 4/20 [00:17<01:04,  4.03s/it, avg_loss=0.4472, num_batches=20/61, num_samples=20]
      Epoch 4 train:  20%|██        | 4/20 [00:17<01:04,  4.03s/it, avg_loss=0.4265, num_batches=21/61, num_samples=21]
      Epoch 4 train:  20%|██        | 4/20 [00:17<01:04,  4.03s/it, avg_loss=0.4589, num_batches=22/61, num_samples=22]
      Epoch 4 train:  20%|██        | 4/20 [00:17<01:04,  4.03s/it, avg_loss=0.4408, num_batches=23/61, num_samples=23]
      Epoch 4 train:  20%|██        | 4/20 [00:17<01:04,  4.03s/it, avg_loss=0.4854, num_batches=24/61, num_samples=24]
      Epoch 4 train:  20%|██        | 4/20 [00:17<01:04,  4.03s/it, avg_loss=0.4868, num_batches=25/61, num_samples=25]
      Epoch 4 train:  20%|██        | 4/20 [00:17<01:04,  4.03s/it, avg_loss=0.5109, num_batches=26/61, num_samples=26]
      Epoch 4 train:  20%|██        | 4/20 [00:17<01:04,  4.03s/it, avg_loss=0.4947, num_batches=27/61, num_samples=27]
      Epoch 4 train:  20%|██        | 4/20 [00:17<01:04,  4.03s/it, avg_loss=0.4826, num_batches=28/61, num_samples=28]
      Epoch 4 train:  20%|██        | 4/20 [00:17<01:04,  4.03s/it, avg_loss=0.5122, num_batches=29/61, num_samples=29]
      Epoch 4 train:  20%|██        | 4/20 [00:17<01:04,  4.03s/it, avg_loss=0.4965, num_batches=30/61, num_samples=30]
      Epoch 4 train:  20%|██        | 4/20 [00:17<01:04,  4.03s/it, avg_loss=0.4821, num_batches=31/61, num_samples=31]
      Epoch 4 train:  20%|██        | 4/20 [00:17<01:04,  4.03s/it, avg_loss=0.4684, num_batches=32/61, num_samples=32]
      Epoch 4 train:  20%|██        | 4/20 [00:17<01:04,  4.03s/it, avg_loss=0.4865, num_batches=33/61, num_samples=33]
      Epoch 4 train:  20%|██        | 4/20 [00:17<01:04,  4.03s/it, avg_loss=0.4746, num_batches=34/61, num_samples=34]
      Epoch 4 train:  20%|██        | 4/20 [00:17<01:04,  4.03s/it, avg_loss=0.4619, num_batches=35/61, num_samples=35]
      Epoch 4 train:  20%|██        | 4/20 [00:18<01:04,  4.03s/it, avg_loss=0.4632, num_batches=36/61, num_samples=36]
      Epoch 4 train:  20%|██        | 4/20 [00:18<01:04,  4.03s/it, avg_loss=0.4569, num_batches=37/61, num_samples=37]
      Epoch 4 train:  20%|██        | 4/20 [00:18<01:04,  4.03s/it, avg_loss=0.4500, num_batches=38/61, num_samples=38]
      Epoch 4 train:  20%|██        | 4/20 [00:18<01:04,  4.03s/it, avg_loss=0.4559, num_batches=39/61, num_samples=39]
      Epoch 4 train:  20%|██        | 4/20 [00:18<01:04,  4.03s/it, avg_loss=0.5604, num_batches=40/61, num_samples=40]
      Epoch 4 train:  20%|██        | 4/20 [00:18<01:04,  4.03s/it, avg_loss=0.5873, num_batches=41/61, num_samples=41]
      Epoch 4 train:  20%|██        | 4/20 [00:18<01:04,  4.03s/it, avg_loss=0.5760, num_batches=42/61, num_samples=42]
      Epoch 4 train:  20%|██        | 4/20 [00:18<01:04,  4.03s/it, avg_loss=0.5668, num_batches=43/61, num_samples=43]
      Epoch 4 train:  20%|██        | 4/20 [00:18<01:04,  4.03s/it, avg_loss=0.6098, num_batches=44/61, num_samples=44]
      Epoch 4 train:  20%|██        | 4/20 [00:18<01:04,  4.03s/it, avg_loss=0.6080, num_batches=45/61, num_samples=45]
      Epoch 4 train:  20%|██        | 4/20 [00:18<01:04,  4.03s/it, avg_loss=0.5948, num_batches=46/61, num_samples=46]
      Epoch 4 train:  20%|██        | 4/20 [00:18<01:04,  4.03s/it, avg_loss=0.5841, num_batches=47/61, num_samples=47]
      Epoch 4 train:  20%|██        | 4/20 [00:18<01:04,  4.03s/it, avg_loss=0.6532, num_batches=48/61, num_samples=48]
      Epoch 4 train:  20%|██        | 4/20 [00:18<01:04,  4.03s/it, avg_loss=0.6461, num_batches=49/61, num_samples=49]
      Epoch 4 train:  20%|██        | 4/20 [00:18<01:04,  4.03s/it, avg_loss=0.7043, num_batches=50/61, num_samples=50]
      Epoch 4 train:  20%|██        | 4/20 [00:18<01:04,  4.03s/it, avg_loss=0.6984, num_batches=51/61, num_samples=51]
      Epoch 4 train:  20%|██        | 4/20 [00:18<01:04,  4.03s/it, avg_loss=0.7259, num_batches=52/61, num_samples=52]
      Epoch 4 train:  20%|██        | 4/20 [00:18<01:04,  4.03s/it, avg_loss=0.7128, num_batches=53/61, num_samples=53]
      Epoch 4 train:  20%|██        | 4/20 [00:18<01:04,  4.03s/it, avg_loss=0.7128, num_batches=54/61, num_samples=54]
      Epoch 4 train:  20%|██        | 4/20 [00:18<01:04,  4.03s/it, avg_loss=0.7135, num_batches=55/61, num_samples=55]
      Epoch 4 train:  20%|██        | 4/20 [00:19<01:04,  4.03s/it, avg_loss=0.7030, num_batches=56/61, num_samples=56]
      Epoch 4 train:  20%|██        | 4/20 [00:19<01:04,  4.03s/it, avg_loss=0.6940, num_batches=57/61, num_samples=57]
      Epoch 4 train:  20%|██        | 4/20 [00:19<01:04,  4.03s/it, avg_loss=0.7044, num_batches=58/61, num_samples=58]
      Epoch 4 train:  20%|██        | 4/20 [00:19<01:04,  4.03s/it, avg_loss=0.6956, num_batches=59/61, num_samples=59]
      Epoch 4 train:  20%|██        | 4/20 [00:19<01:04,  4.03s/it, avg_loss=0.6850, num_batches=60/61, num_samples=60]
      Epoch 4 train:  20%|██        | 4/20 [00:19<01:04,  4.03s/it, avg_loss=0.6998, num_batches=61/61, num_samples=61]
      Epoch 4 val:  20%|██        | 4/20 [00:19<01:04,  4.03s/it, avg_loss=0.6998, num_batches=61/61, num_samples=61]  
      Epoch 4 val:  20%|██        | 4/20 [00:19<01:04,  4.03s/it, avg_loss=1.2300, num_batches=1/15, num_samples=1]  
      Epoch 4 val:  20%|██        | 4/20 [00:19<01:04,  4.03s/it, avg_loss=0.6514, num_batches=2/15, num_samples=2]
      Epoch 4 val:  20%|██        | 4/20 [00:19<01:04,  4.03s/it, avg_loss=0.6954, num_batches=3/15, num_samples=3]
      Epoch 4 val:  20%|██        | 4/20 [00:19<01:04,  4.03s/it, avg_loss=1.1299, num_batches=4/15, num_samples=4]
      Epoch 4 val:  20%|██        | 4/20 [00:19<01:04,  4.03s/it, avg_loss=1.4779, num_batches=5/15, num_samples=5]
      Epoch 4 val:  20%|██        | 4/20 [00:19<01:04,  4.03s/it, avg_loss=1.2797, num_batches=6/15, num_samples=6]
      Epoch 4 val:  20%|██        | 4/20 [00:19<01:04,  4.03s/it, avg_loss=1.2047, num_batches=7/15, num_samples=7]
      Epoch 4 val:  20%|██        | 4/20 [00:19<01:04,  4.03s/it, avg_loss=1.2790, num_batches=8/15, num_samples=8]
      Epoch 4 val:  20%|██        | 4/20 [00:19<01:04,  4.03s/it, avg_loss=1.5092, num_batches=9/15, num_samples=9]
      Epoch 4 val:  20%|██        | 4/20 [00:19<01:04,  4.03s/it, avg_loss=1.5653, num_batches=10/15, num_samples=10]
      Epoch 4 val:  20%|██        | 4/20 [00:19<01:04,  4.03s/it, avg_loss=1.7135, num_batches=11/15, num_samples=11]
      Epoch 4 val:  20%|██        | 4/20 [00:19<01:04,  4.03s/it, avg_loss=1.7791, num_batches=12/15, num_samples=12]
      Epoch 4 val:  20%|██        | 4/20 [00:19<01:04,  4.03s/it, avg_loss=1.6524, num_batches=13/15, num_samples=13]
      Epoch 4 val:  20%|██        | 4/20 [00:19<01:04,  4.03s/it, avg_loss=1.5561, num_batches=14/15, num_samples=14]
      Epoch 4 val:  20%|██        | 4/20 [00:19<01:04,  4.03s/it, avg_loss=1.4568, num_batches=15/15, num_samples=15]
      Epoch 4 val:  25%|██▌       | 5/20 [00:20<01:00,  4.00s/it, avg_loss=1.4568, num_batches=15/15, num_samples=15]
      Epoch 5 train:  25%|██▌       | 5/20 [00:20<01:00,  4.00s/it, avg_loss=1.4568, num_batches=15/15, num_samples=15]
      Epoch 5 train:  25%|██▌       | 5/20 [00:20<01:00,  4.00s/it, avg_loss=0.0892, num_batches=1/61, num_samples=1]  
      Epoch 5 train:  25%|██▌       | 5/20 [00:20<01:00,  4.00s/it, avg_loss=0.4040, num_batches=2/61, num_samples=2]
      Epoch 5 train:  25%|██▌       | 5/20 [00:20<01:00,  4.00s/it, avg_loss=0.4299, num_batches=3/61, num_samples=3]
      Epoch 5 train:  25%|██▌       | 5/20 [00:20<01:00,  4.00s/it, avg_loss=0.5130, num_batches=4/61, num_samples=4]
      Epoch 5 train:  25%|██▌       | 5/20 [00:20<01:00,  4.00s/it, avg_loss=0.5924, num_batches=5/61, num_samples=5]
      Epoch 5 train:  25%|██▌       | 5/20 [00:20<01:00,  4.00s/it, avg_loss=0.6143, num_batches=6/61, num_samples=6]
      Epoch 5 train:  25%|██▌       | 5/20 [00:20<01:00,  4.00s/it, avg_loss=0.5585, num_batches=7/61, num_samples=7]
      Epoch 5 train:  25%|██▌       | 5/20 [00:20<01:00,  4.00s/it, avg_loss=0.5065, num_batches=8/61, num_samples=8]
      Epoch 5 train:  25%|██▌       | 5/20 [00:20<01:00,  4.00s/it, avg_loss=0.4701, num_batches=9/61, num_samples=9]
      Epoch 5 train:  25%|██▌       | 5/20 [00:20<01:00,  4.00s/it, avg_loss=0.4294, num_batches=10/61, num_samples=10]
      Epoch 5 train:  25%|██▌       | 5/20 [00:20<01:00,  4.00s/it, avg_loss=0.4264, num_batches=11/61, num_samples=11]
      Epoch 5 train:  25%|██▌       | 5/20 [00:20<01:00,  4.00s/it, avg_loss=0.4257, num_batches=12/61, num_samples=12]
      Epoch 5 train:  25%|██▌       | 5/20 [00:20<01:00,  4.00s/it, avg_loss=0.4000, num_batches=13/61, num_samples=13]
      Epoch 5 train:  25%|██▌       | 5/20 [00:20<01:00,  4.00s/it, avg_loss=0.3776, num_batches=14/61, num_samples=14]
      Epoch 5 train:  25%|██▌       | 5/20 [00:20<01:00,  4.00s/it, avg_loss=0.3635, num_batches=15/61, num_samples=15]
      Epoch 5 train:  25%|██▌       | 5/20 [00:21<01:00,  4.00s/it, avg_loss=0.3633, num_batches=16/61, num_samples=16]
      Epoch 5 train:  25%|██▌       | 5/20 [00:21<01:00,  4.00s/it, avg_loss=0.3646, num_batches=17/61, num_samples=17]
      Epoch 5 train:  25%|██▌       | 5/20 [00:21<01:00,  4.00s/it, avg_loss=0.3498, num_batches=18/61, num_samples=18]
      Epoch 5 train:  25%|██▌       | 5/20 [00:21<01:00,  4.00s/it, avg_loss=0.3430, num_batches=19/61, num_samples=19]
      Epoch 5 train:  25%|██▌       | 5/20 [00:21<01:00,  4.00s/it, avg_loss=0.3553, num_batches=20/61, num_samples=20]
      Epoch 5 train:  25%|██▌       | 5/20 [00:21<01:00,  4.00s/it, avg_loss=0.3747, num_batches=21/61, num_samples=21]
      Epoch 5 train:  25%|██▌       | 5/20 [00:21<01:00,  4.00s/it, avg_loss=0.3599, num_batches=22/61, num_samples=22]
      Epoch 5 train:  25%|██▌       | 5/20 [00:21<01:00,  4.00s/it, avg_loss=0.3458, num_batches=23/61, num_samples=23]
      Epoch 5 train:  25%|██▌       | 5/20 [00:21<01:00,  4.00s/it, avg_loss=0.4259, num_batches=24/61, num_samples=24]
      Epoch 5 train:  25%|██▌       | 5/20 [00:21<01:00,  4.00s/it, avg_loss=0.4102, num_batches=25/61, num_samples=25]
      Epoch 5 train:  25%|██▌       | 5/20 [00:21<01:00,  4.00s/it, avg_loss=0.4141, num_batches=26/61, num_samples=26]
      Epoch 5 train:  25%|██▌       | 5/20 [00:21<01:00,  4.00s/it, avg_loss=0.4062, num_batches=27/61, num_samples=27]
      Epoch 5 train:  25%|██▌       | 5/20 [00:21<01:00,  4.00s/it, avg_loss=0.4054, num_batches=28/61, num_samples=28]
      Epoch 5 train:  25%|██▌       | 5/20 [00:21<01:00,  4.00s/it, avg_loss=0.3922, num_batches=29/61, num_samples=29]
      Epoch 5 train:  25%|██▌       | 5/20 [00:21<01:00,  4.00s/it, avg_loss=0.3793, num_batches=30/61, num_samples=30]
      Epoch 5 train:  25%|██▌       | 5/20 [00:21<01:00,  4.00s/it, avg_loss=0.3832, num_batches=31/61, num_samples=31]
      Epoch 5 train:  25%|██▌       | 5/20 [00:21<01:00,  4.00s/it, avg_loss=0.3870, num_batches=32/61, num_samples=32]
      Epoch 5 train:  25%|██▌       | 5/20 [00:21<01:00,  4.00s/it, avg_loss=0.3965, num_batches=33/61, num_samples=33]
      Epoch 5 train:  25%|██▌       | 5/20 [00:21<01:00,  4.00s/it, avg_loss=0.3856, num_batches=34/61, num_samples=34]
      Epoch 5 train:  25%|██▌       | 5/20 [00:21<01:00,  4.00s/it, avg_loss=0.3828, num_batches=35/61, num_samples=35]
      Epoch 5 train:  25%|██▌       | 5/20 [00:22<01:00,  4.00s/it, avg_loss=0.3730, num_batches=36/61, num_samples=36]
      Epoch 5 train:  25%|██▌       | 5/20 [00:22<01:00,  4.00s/it, avg_loss=0.4167, num_batches=37/61, num_samples=37]
      Epoch 5 train:  25%|██▌       | 5/20 [00:22<01:00,  4.00s/it, avg_loss=0.4078, num_batches=38/61, num_samples=38]
      Epoch 5 train:  25%|██▌       | 5/20 [00:22<01:00,  4.00s/it, avg_loss=0.3991, num_batches=39/61, num_samples=39]
      Epoch 5 train:  25%|██▌       | 5/20 [00:22<01:00,  4.00s/it, avg_loss=0.4174, num_batches=40/61, num_samples=40]
      Epoch 5 train:  25%|██▌       | 5/20 [00:22<01:00,  4.00s/it, avg_loss=0.4187, num_batches=41/61, num_samples=41]
      Epoch 5 train:  25%|██▌       | 5/20 [00:22<01:00,  4.00s/it, avg_loss=0.4101, num_batches=42/61, num_samples=42]
      Epoch 5 train:  25%|██▌       | 5/20 [00:22<01:00,  4.00s/it, avg_loss=0.4051, num_batches=43/61, num_samples=43]
      Epoch 5 train:  25%|██▌       | 5/20 [00:22<01:00,  4.00s/it, avg_loss=0.3961, num_batches=44/61, num_samples=44]
      Epoch 5 train:  25%|██▌       | 5/20 [00:22<01:00,  4.00s/it, avg_loss=0.3936, num_batches=45/61, num_samples=45]
      Epoch 5 train:  25%|██▌       | 5/20 [00:22<01:00,  4.00s/it, avg_loss=0.3930, num_batches=46/61, num_samples=46]
      Epoch 5 train:  25%|██▌       | 5/20 [00:22<01:00,  4.00s/it, avg_loss=0.3930, num_batches=47/61, num_samples=47]
      Epoch 5 train:  25%|██▌       | 5/20 [00:22<01:00,  4.00s/it, avg_loss=0.3853, num_batches=48/61, num_samples=48]
      Epoch 5 train:  25%|██▌       | 5/20 [00:22<01:00,  4.00s/it, avg_loss=0.3793, num_batches=49/61, num_samples=49]
      Epoch 5 train:  25%|██▌       | 5/20 [00:22<01:00,  4.00s/it, avg_loss=0.3780, num_batches=50/61, num_samples=50]
      Epoch 5 train:  25%|██▌       | 5/20 [00:22<01:00,  4.00s/it, avg_loss=0.3710, num_batches=51/61, num_samples=51]
      Epoch 5 train:  25%|██▌       | 5/20 [00:22<01:00,  4.00s/it, avg_loss=0.3644, num_batches=52/61, num_samples=52]
      Epoch 5 train:  25%|██▌       | 5/20 [00:22<01:00,  4.00s/it, avg_loss=0.3582, num_batches=53/61, num_samples=53]
      Epoch 5 train:  25%|██▌       | 5/20 [00:22<01:00,  4.00s/it, avg_loss=0.3533, num_batches=54/61, num_samples=54]
      Epoch 5 train:  25%|██▌       | 5/20 [00:22<01:00,  4.00s/it, avg_loss=0.3635, num_batches=55/61, num_samples=55]
      Epoch 5 train:  25%|██▌       | 5/20 [00:23<01:00,  4.00s/it, avg_loss=0.3602, num_batches=56/61, num_samples=56]
      Epoch 5 train:  25%|██▌       | 5/20 [00:23<01:00,  4.00s/it, avg_loss=0.3896, num_batches=57/61, num_samples=57]
      Epoch 5 train:  25%|██▌       | 5/20 [00:23<01:00,  4.00s/it, avg_loss=0.3897, num_batches=58/61, num_samples=58]
      Epoch 5 train:  25%|██▌       | 5/20 [00:23<01:00,  4.00s/it, avg_loss=0.3880, num_batches=59/61, num_samples=59]
      Epoch 5 train:  25%|██▌       | 5/20 [00:23<01:00,  4.00s/it, avg_loss=0.3833, num_batches=60/61, num_samples=60]
      Epoch 5 train:  25%|██▌       | 5/20 [00:23<01:00,  4.00s/it, avg_loss=0.3867, num_batches=61/61, num_samples=61]
      Epoch 5 val:  25%|██▌       | 5/20 [00:23<01:00,  4.00s/it, avg_loss=0.3867, num_batches=61/61, num_samples=61]  
      Epoch 5 val:  25%|██▌       | 5/20 [00:23<01:00,  4.00s/it, avg_loss=0.4408, num_batches=1/15, num_samples=1]  
      Epoch 5 val:  25%|██▌       | 5/20 [00:23<01:00,  4.00s/it, avg_loss=0.4388, num_batches=2/15, num_samples=2]
      Epoch 5 val:  25%|██▌       | 5/20 [00:23<01:00,  4.00s/it, avg_loss=1.0740, num_batches=3/15, num_samples=3]
      Epoch 5 val:  25%|██▌       | 5/20 [00:23<01:00,  4.00s/it, avg_loss=1.0387, num_batches=4/15, num_samples=4]
      Epoch 5 val:  25%|██▌       | 5/20 [00:23<01:00,  4.00s/it, avg_loss=1.7233, num_batches=5/15, num_samples=5]
      Epoch 5 val:  25%|██▌       | 5/20 [00:23<01:00,  4.00s/it, avg_loss=1.4376, num_batches=6/15, num_samples=6]
      Epoch 5 val:  25%|██▌       | 5/20 [00:23<01:00,  4.00s/it, avg_loss=1.4590, num_batches=7/15, num_samples=7]
      Epoch 5 val:  25%|██▌       | 5/20 [00:23<01:00,  4.00s/it, avg_loss=1.2840, num_batches=8/15, num_samples=8]
      Epoch 5 val:  25%|██▌       | 5/20 [00:23<01:00,  4.00s/it, avg_loss=1.2950, num_batches=9/15, num_samples=9]
      Epoch 5 val:  25%|██▌       | 5/20 [00:23<01:00,  4.00s/it, avg_loss=1.2463, num_batches=10/15, num_samples=10]
      Epoch 5 val:  25%|██▌       | 5/20 [00:23<01:00,  4.00s/it, avg_loss=1.1662, num_batches=11/15, num_samples=11]
      Epoch 5 val:  25%|██▌       | 5/20 [00:23<01:00,  4.00s/it, avg_loss=1.1182, num_batches=12/15, num_samples=12]
      Epoch 5 val:  25%|██▌       | 5/20 [00:23<01:00,  4.00s/it, avg_loss=1.1922, num_batches=13/15, num_samples=13]
      Epoch 5 val:  25%|██▌       | 5/20 [00:23<01:00,  4.00s/it, avg_loss=1.1241, num_batches=14/15, num_samples=14]
      Epoch 5 val:  25%|██▌       | 5/20 [00:23<01:00,  4.00s/it, avg_loss=1.0561, num_batches=15/15, num_samples=15]
      Epoch 5 val:  30%|███       | 6/20 [00:24<00:56,  4.03s/it, avg_loss=1.0561, num_batches=15/15, num_samples=15]
      Epoch 6 train:  30%|███       | 6/20 [00:24<00:56,  4.03s/it, avg_loss=1.0561, num_batches=15/15, num_samples=15]
      Epoch 6 train:  30%|███       | 6/20 [00:24<00:56,  4.03s/it, avg_loss=0.0205, num_batches=1/61, num_samples=1]  
      Epoch 6 train:  30%|███       | 6/20 [00:24<00:56,  4.03s/it, avg_loss=0.0988, num_batches=2/61, num_samples=2]
      Epoch 6 train:  30%|███       | 6/20 [00:24<00:56,  4.03s/it, avg_loss=0.0815, num_batches=3/61, num_samples=3]
      Epoch 6 train:  30%|███       | 6/20 [00:24<00:56,  4.03s/it, avg_loss=0.0750, num_batches=4/61, num_samples=4]
      Epoch 6 train:  30%|███       | 6/20 [00:24<00:56,  4.03s/it, avg_loss=0.0788, num_batches=5/61, num_samples=5]
      Epoch 6 train:  30%|███       | 6/20 [00:24<00:56,  4.03s/it, avg_loss=0.0719, num_batches=6/61, num_samples=6]
      Epoch 6 train:  30%|███       | 6/20 [00:24<00:56,  4.03s/it, avg_loss=0.0690, num_batches=7/61, num_samples=7]
      Epoch 6 train:  30%|███       | 6/20 [00:24<00:56,  4.03s/it, avg_loss=0.0787, num_batches=8/61, num_samples=8]
      Epoch 6 train:  30%|███       | 6/20 [00:24<00:56,  4.03s/it, avg_loss=0.0752, num_batches=9/61, num_samples=9]
      Epoch 6 train:  30%|███       | 6/20 [00:24<00:56,  4.03s/it, avg_loss=0.0701, num_batches=10/61, num_samples=10]
      Epoch 6 train:  30%|███       | 6/20 [00:24<00:56,  4.03s/it, avg_loss=0.0659, num_batches=11/61, num_samples=11]
      Epoch 6 train:  30%|███       | 6/20 [00:24<00:56,  4.03s/it, avg_loss=0.0780, num_batches=12/61, num_samples=12]
      Epoch 6 train:  30%|███       | 6/20 [00:25<00:56,  4.03s/it, avg_loss=0.0739, num_batches=13/61, num_samples=13]
      Epoch 6 train:  30%|███       | 6/20 [00:25<00:56,  4.03s/it, avg_loss=0.0694, num_batches=14/61, num_samples=14]
      Epoch 6 train:  30%|███       | 6/20 [00:25<00:56,  4.03s/it, avg_loss=0.1332, num_batches=15/61, num_samples=15]
      Epoch 6 train:  30%|███       | 6/20 [00:25<00:56,  4.03s/it, avg_loss=0.1900, num_batches=16/61, num_samples=16]
      Epoch 6 train:  30%|███       | 6/20 [00:25<00:56,  4.03s/it, avg_loss=0.1839, num_batches=17/61, num_samples=17]
      Epoch 6 train:  30%|███       | 6/20 [00:25<00:56,  4.03s/it, avg_loss=0.1794, num_batches=18/61, num_samples=18]
      Epoch 6 train:  30%|███       | 6/20 [00:25<00:56,  4.03s/it, avg_loss=0.1711, num_batches=19/61, num_samples=19]
      Epoch 6 train:  30%|███       | 6/20 [00:25<00:56,  4.03s/it, avg_loss=0.1661, num_batches=20/61, num_samples=20]
      Epoch 6 train:  30%|███       | 6/20 [00:25<00:56,  4.03s/it, avg_loss=0.1588, num_batches=21/61, num_samples=21]
      Epoch 6 train:  30%|███       | 6/20 [00:25<00:56,  4.03s/it, avg_loss=0.1518, num_batches=22/61, num_samples=22]
      Epoch 6 train:  30%|███       | 6/20 [00:25<00:56,  4.03s/it, avg_loss=0.1492, num_batches=23/61, num_samples=23]
      Epoch 6 train:  30%|███       | 6/20 [00:25<00:56,  4.03s/it, avg_loss=0.1433, num_batches=24/61, num_samples=24]
      Epoch 6 train:  30%|███       | 6/20 [00:25<00:56,  4.03s/it, avg_loss=0.1591, num_batches=25/61, num_samples=25]
      Epoch 6 train:  30%|███       | 6/20 [00:25<00:56,  4.03s/it, avg_loss=0.1533, num_batches=26/61, num_samples=26]
      Epoch 6 train:  30%|███       | 6/20 [00:25<00:56,  4.03s/it, avg_loss=0.1481, num_batches=27/61, num_samples=27]
      Epoch 6 train:  30%|███       | 6/20 [00:25<00:56,  4.03s/it, avg_loss=0.1438, num_batches=28/61, num_samples=28]
      Epoch 6 train:  30%|███       | 6/20 [00:25<00:56,  4.03s/it, avg_loss=0.1392, num_batches=29/61, num_samples=29]
      Epoch 6 train:  30%|███       | 6/20 [00:25<00:56,  4.03s/it, avg_loss=0.1525, num_batches=30/61, num_samples=30]
      Epoch 6 train:  30%|███       | 6/20 [00:25<00:56,  4.03s/it, avg_loss=0.1477, num_batches=31/61, num_samples=31]
      Epoch 6 train:  30%|███       | 6/20 [00:25<00:56,  4.03s/it, avg_loss=0.1505, num_batches=32/61, num_samples=32]
      Epoch 6 train:  30%|███       | 6/20 [00:26<00:56,  4.03s/it, avg_loss=0.1498, num_batches=33/61, num_samples=33]
      Epoch 6 train:  30%|███       | 6/20 [00:26<00:56,  4.03s/it, avg_loss=0.1688, num_batches=34/61, num_samples=34]
      Epoch 6 train:  30%|███       | 6/20 [00:26<00:56,  4.03s/it, avg_loss=0.1729, num_batches=35/61, num_samples=35]
      Epoch 6 train:  30%|███       | 6/20 [00:26<00:56,  4.03s/it, avg_loss=0.2658, num_batches=36/61, num_samples=36]
      Epoch 6 train:  30%|███       | 6/20 [00:26<00:56,  4.03s/it, avg_loss=0.2650, num_batches=37/61, num_samples=37]
      Epoch 6 train:  30%|███       | 6/20 [00:26<00:56,  4.03s/it, avg_loss=0.2676, num_batches=38/61, num_samples=38]
      Epoch 6 train:  30%|███       | 6/20 [00:26<00:56,  4.03s/it, avg_loss=0.2626, num_batches=39/61, num_samples=39]
      Epoch 6 train:  30%|███       | 6/20 [00:26<00:56,  4.03s/it, avg_loss=0.2562, num_batches=40/61, num_samples=40]
      Epoch 6 train:  30%|███       | 6/20 [00:26<00:56,  4.03s/it, avg_loss=0.2681, num_batches=41/61, num_samples=41]
      Epoch 6 train:  30%|███       | 6/20 [00:26<00:56,  4.03s/it, avg_loss=0.2622, num_batches=42/61, num_samples=42]
      Epoch 6 train:  30%|███       | 6/20 [00:26<00:56,  4.03s/it, avg_loss=0.2565, num_batches=43/61, num_samples=43]
      Epoch 6 train:  30%|███       | 6/20 [00:26<00:56,  4.03s/it, avg_loss=0.2681, num_batches=44/61, num_samples=44]
      Epoch 6 train:  30%|███       | 6/20 [00:26<00:56,  4.03s/it, avg_loss=0.2628, num_batches=45/61, num_samples=45]
      Epoch 6 train:  30%|███       | 6/20 [00:26<00:56,  4.03s/it, avg_loss=0.2571, num_batches=46/61, num_samples=46]
      Epoch 6 train:  30%|███       | 6/20 [00:26<00:56,  4.03s/it, avg_loss=0.2523, num_batches=47/61, num_samples=47]
      Epoch 6 train:  30%|███       | 6/20 [00:26<00:56,  4.03s/it, avg_loss=0.2474, num_batches=48/61, num_samples=48]
      Epoch 6 train:  30%|███       | 6/20 [00:26<00:56,  4.03s/it, avg_loss=0.2424, num_batches=49/61, num_samples=49]
      Epoch 6 train:  30%|███       | 6/20 [00:26<00:56,  4.03s/it, avg_loss=0.2376, num_batches=50/61, num_samples=50]
      Epoch 6 train:  30%|███       | 6/20 [00:26<00:56,  4.03s/it, avg_loss=0.2352, num_batches=51/61, num_samples=51]
      Epoch 6 train:  30%|███       | 6/20 [00:26<00:56,  4.03s/it, avg_loss=0.2318, num_batches=52/61, num_samples=52]
      Epoch 6 train:  30%|███       | 6/20 [00:26<00:56,  4.03s/it, avg_loss=0.2320, num_batches=53/61, num_samples=53]
      Epoch 6 train:  30%|███       | 6/20 [00:26<00:56,  4.03s/it, avg_loss=0.2322, num_batches=54/61, num_samples=54]
      Epoch 6 train:  30%|███       | 6/20 [00:26<00:56,  4.03s/it, avg_loss=0.2281, num_batches=55/61, num_samples=55]
      Epoch 6 train:  30%|███       | 6/20 [00:27<00:56,  4.03s/it, avg_loss=0.2264, num_batches=56/61, num_samples=56]
      Epoch 6 train:  30%|███       | 6/20 [00:27<00:56,  4.03s/it, avg_loss=0.2403, num_batches=57/61, num_samples=57]
      Epoch 6 train:  30%|███       | 6/20 [00:27<00:56,  4.03s/it, avg_loss=0.2365, num_batches=58/61, num_samples=58]
      Epoch 6 train:  30%|███       | 6/20 [00:27<00:56,  4.03s/it, avg_loss=0.2512, num_batches=59/61, num_samples=59]
      Epoch 6 train:  30%|███       | 6/20 [00:27<00:56,  4.03s/it, avg_loss=0.2471, num_batches=60/61, num_samples=60]
      Epoch 6 train:  30%|███       | 6/20 [00:27<00:56,  4.03s/it, avg_loss=0.2561, num_batches=61/61, num_samples=61]
      Epoch 6 val:  30%|███       | 6/20 [00:27<00:56,  4.03s/it, avg_loss=0.2561, num_batches=61/61, num_samples=61]  
      Epoch 6 val:  30%|███       | 6/20 [00:27<00:56,  4.03s/it, avg_loss=6.6246, num_batches=1/15, num_samples=1]  
      Epoch 6 val:  30%|███       | 6/20 [00:27<00:56,  4.03s/it, avg_loss=5.3049, num_batches=2/15, num_samples=2]
      Epoch 6 val:  30%|███       | 6/20 [00:27<00:56,  4.03s/it, avg_loss=3.9133, num_batches=3/15, num_samples=3]
      Epoch 6 val:  30%|███       | 6/20 [00:27<00:56,  4.03s/it, avg_loss=4.2847, num_batches=4/15, num_samples=4]
      Epoch 6 val:  30%|███       | 6/20 [00:27<00:56,  4.03s/it, avg_loss=3.4303, num_batches=5/15, num_samples=5]
      Epoch 6 val:  30%|███       | 6/20 [00:27<00:56,  4.03s/it, avg_loss=2.8595, num_batches=6/15, num_samples=6]
      Epoch 6 val:  30%|███       | 6/20 [00:27<00:56,  4.03s/it, avg_loss=3.5139, num_batches=7/15, num_samples=7]
      Epoch 6 val:  30%|███       | 6/20 [00:27<00:56,  4.03s/it, avg_loss=3.0747, num_batches=8/15, num_samples=8]
      Epoch 6 val:  30%|███       | 6/20 [00:27<00:56,  4.03s/it, avg_loss=3.0516, num_batches=9/15, num_samples=9]
      Epoch 6 val:  30%|███       | 6/20 [00:27<00:56,  4.03s/it, avg_loss=2.7466, num_batches=10/15, num_samples=10]
      Epoch 6 val:  30%|███       | 6/20 [00:27<00:56,  4.03s/it, avg_loss=2.8142, num_batches=11/15, num_samples=11]
      Epoch 6 val:  30%|███       | 6/20 [00:27<00:56,  4.03s/it, avg_loss=2.9555, num_batches=12/15, num_samples=12]
      Epoch 6 val:  30%|███       | 6/20 [00:27<00:56,  4.03s/it, avg_loss=3.0339, num_batches=13/15, num_samples=13]
      Epoch 6 val:  30%|███       | 6/20 [00:27<00:56,  4.03s/it, avg_loss=3.0929, num_batches=14/15, num_samples=14]
      Epoch 6 val:  30%|███       | 6/20 [00:27<00:56,  4.03s/it, avg_loss=2.8914, num_batches=15/15, num_samples=15]
      Epoch 6 val:  35%|███▌      | 7/20 [00:28<00:52,  4.02s/it, avg_loss=2.8914, num_batches=15/15, num_samples=15]
      Epoch 7 train:  35%|███▌      | 7/20 [00:28<00:52,  4.02s/it, avg_loss=2.8914, num_batches=15/15, num_samples=15]
      Epoch 7 train:  35%|███▌      | 7/20 [00:28<00:52,  4.02s/it, avg_loss=0.4787, num_batches=1/61, num_samples=1]  
      Epoch 7 train:  35%|███▌      | 7/20 [00:28<00:52,  4.02s/it, avg_loss=0.2485, num_batches=2/61, num_samples=2]
      Epoch 7 train:  35%|███▌      | 7/20 [00:28<00:52,  4.02s/it, avg_loss=0.1746, num_batches=3/61, num_samples=3]
      Epoch 7 train:  35%|███▌      | 7/20 [00:28<00:52,  4.02s/it, avg_loss=0.1374, num_batches=4/61, num_samples=4]
      Epoch 7 train:  35%|███▌      | 7/20 [00:28<00:52,  4.02s/it, avg_loss=0.1259, num_batches=5/61, num_samples=5]
      Epoch 7 train:  35%|███▌      | 7/20 [00:28<00:52,  4.02s/it, avg_loss=0.1299, num_batches=6/61, num_samples=6]
      Epoch 7 train:  35%|███▌      | 7/20 [00:28<00:52,  4.02s/it, avg_loss=0.1124, num_batches=7/61, num_samples=7]
      Epoch 7 train:  35%|███▌      | 7/20 [00:28<00:52,  4.02s/it, avg_loss=0.0985, num_batches=8/61, num_samples=8]
      Epoch 7 train:  35%|███▌      | 7/20 [00:28<00:52,  4.02s/it, avg_loss=0.0878, num_batches=9/61, num_samples=9]
      Epoch 7 train:  35%|███▌      | 7/20 [00:28<00:52,  4.02s/it, avg_loss=0.6804, num_batches=10/61, num_samples=10]
      Epoch 7 train:  35%|███▌      | 7/20 [00:28<00:52,  4.02s/it, avg_loss=0.8955, num_batches=11/61, num_samples=11]
      Epoch 7 train:  35%|███▌      | 7/20 [00:28<00:52,  4.02s/it, avg_loss=0.8210, num_batches=12/61, num_samples=12]
      Epoch 7 train:  35%|███▌      | 7/20 [00:29<00:52,  4.02s/it, avg_loss=0.7579, num_batches=13/61, num_samples=13]
      Epoch 7 train:  35%|███▌      | 7/20 [00:29<00:52,  4.02s/it, avg_loss=0.7174, num_batches=14/61, num_samples=14]
      Epoch 7 train:  35%|███▌      | 7/20 [00:29<00:52,  4.02s/it, avg_loss=0.6697, num_batches=15/61, num_samples=15]
      Epoch 7 train:  35%|███▌      | 7/20 [00:29<00:52,  4.02s/it, avg_loss=0.6280, num_batches=16/61, num_samples=16]
      Epoch 7 train:  35%|███▌      | 7/20 [00:29<00:52,  4.02s/it, avg_loss=0.5914, num_batches=17/61, num_samples=17]
      Epoch 7 train:  35%|███▌      | 7/20 [00:29<00:52,  4.02s/it, avg_loss=0.6987, num_batches=18/61, num_samples=18]
      Epoch 7 train:  35%|███▌      | 7/20 [00:29<00:52,  4.02s/it, avg_loss=0.6620, num_batches=19/61, num_samples=19]
      Epoch 7 train:  35%|███▌      | 7/20 [00:29<00:52,  4.02s/it, avg_loss=0.6295, num_batches=20/61, num_samples=20]
      Epoch 7 train:  35%|███▌      | 7/20 [00:29<00:52,  4.02s/it, avg_loss=0.5998, num_batches=21/61, num_samples=21]
      Epoch 7 train:  35%|███▌      | 7/20 [00:29<00:52,  4.02s/it, avg_loss=0.5874, num_batches=22/61, num_samples=22]
      Epoch 7 train:  35%|███▌      | 7/20 [00:29<00:52,  4.02s/it, avg_loss=0.5633, num_batches=23/61, num_samples=23]
      Epoch 7 train:  35%|███▌      | 7/20 [00:29<00:52,  4.02s/it, avg_loss=0.5423, num_batches=24/61, num_samples=24]
      Epoch 7 train:  35%|███▌      | 7/20 [00:29<00:52,  4.02s/it, avg_loss=0.5252, num_batches=25/61, num_samples=25]
      Epoch 7 train:  35%|███▌      | 7/20 [00:29<00:52,  4.02s/it, avg_loss=0.5117, num_batches=26/61, num_samples=26]
      Epoch 7 train:  35%|███▌      | 7/20 [00:29<00:52,  4.02s/it, avg_loss=0.4946, num_batches=27/61, num_samples=27]
      Epoch 7 train:  35%|███▌      | 7/20 [00:29<00:52,  4.02s/it, avg_loss=0.4790, num_batches=28/61, num_samples=28]
      Epoch 7 train:  35%|███▌      | 7/20 [00:29<00:52,  4.02s/it, avg_loss=0.4627, num_batches=29/61, num_samples=29]
      Epoch 7 train:  35%|███▌      | 7/20 [00:29<00:52,  4.02s/it, avg_loss=0.4527, num_batches=30/61, num_samples=30]
      Epoch 7 train:  35%|███▌      | 7/20 [00:29<00:52,  4.02s/it, avg_loss=0.4473, num_batches=31/61, num_samples=31]
      Epoch 7 train:  35%|███▌      | 7/20 [00:29<00:52,  4.02s/it, avg_loss=0.4359, num_batches=32/61, num_samples=32]
      Epoch 7 train:  35%|███▌      | 7/20 [00:29<00:52,  4.02s/it, avg_loss=0.4315, num_batches=33/61, num_samples=33]
      Epoch 7 train:  35%|███▌      | 7/20 [00:30<00:52,  4.02s/it, avg_loss=0.4211, num_batches=34/61, num_samples=34]
      Epoch 7 train:  35%|███▌      | 7/20 [00:30<00:52,  4.02s/it, avg_loss=0.4145, num_batches=35/61, num_samples=35]
      Epoch 7 train:  35%|███▌      | 7/20 [00:30<00:52,  4.02s/it, avg_loss=0.4037, num_batches=36/61, num_samples=36]
      Epoch 7 train:  35%|███▌      | 7/20 [00:30<00:52,  4.02s/it, avg_loss=0.4053, num_batches=37/61, num_samples=37]
      Epoch 7 train:  35%|███▌      | 7/20 [00:30<00:52,  4.02s/it, avg_loss=0.3949, num_batches=38/61, num_samples=38]
      Epoch 7 train:  35%|███▌      | 7/20 [00:30<00:52,  4.02s/it, avg_loss=0.3866, num_batches=39/61, num_samples=39]
      Epoch 7 train:  35%|███▌      | 7/20 [00:30<00:52,  4.02s/it, avg_loss=0.3775, num_batches=40/61, num_samples=40]
      Epoch 7 train:  35%|███▌      | 7/20 [00:30<00:52,  4.02s/it, avg_loss=0.3732, num_batches=41/61, num_samples=41]
      Epoch 7 train:  35%|███▌      | 7/20 [00:30<00:52,  4.02s/it, avg_loss=0.3663, num_batches=42/61, num_samples=42]
      Epoch 7 train:  35%|███▌      | 7/20 [00:30<00:52,  4.02s/it, avg_loss=0.3586, num_batches=43/61, num_samples=43]
      Epoch 7 train:  35%|███▌      | 7/20 [00:30<00:52,  4.02s/it, avg_loss=0.3506, num_batches=44/61, num_samples=44]
      Epoch 7 train:  35%|███▌      | 7/20 [00:30<00:52,  4.02s/it, avg_loss=0.3448, num_batches=45/61, num_samples=45]
      Epoch 7 train:  35%|███▌      | 7/20 [00:30<00:52,  4.02s/it, avg_loss=0.3381, num_batches=46/61, num_samples=46]
      Epoch 7 train:  35%|███▌      | 7/20 [00:30<00:52,  4.02s/it, avg_loss=0.3322, num_batches=47/61, num_samples=47]
      Epoch 7 train:  35%|███▌      | 7/20 [00:30<00:52,  4.02s/it, avg_loss=0.3254, num_batches=48/61, num_samples=48]
      Epoch 7 train:  35%|███▌      | 7/20 [00:30<00:52,  4.02s/it, avg_loss=0.3246, num_batches=49/61, num_samples=49]
      Epoch 7 train:  35%|███▌      | 7/20 [00:30<00:52,  4.02s/it, avg_loss=0.3190, num_batches=50/61, num_samples=50]
      Epoch 7 train:  35%|███▌      | 7/20 [00:30<00:52,  4.02s/it, avg_loss=0.3158, num_batches=51/61, num_samples=51]
      Epoch 7 train:  35%|███▌      | 7/20 [00:30<00:52,  4.02s/it, avg_loss=0.3104, num_batches=52/61, num_samples=52]
      Epoch 7 train:  35%|███▌      | 7/20 [00:30<00:52,  4.02s/it, avg_loss=0.3065, num_batches=53/61, num_samples=53]
      Epoch 7 train:  35%|███▌      | 7/20 [00:30<00:52,  4.02s/it, avg_loss=0.3013, num_batches=54/61, num_samples=54]
      Epoch 7 train:  35%|███▌      | 7/20 [00:31<00:52,  4.02s/it, avg_loss=0.2959, num_batches=55/61, num_samples=55]
      Epoch 7 train:  35%|███▌      | 7/20 [00:31<00:52,  4.02s/it, avg_loss=0.2926, num_batches=56/61, num_samples=56]
      Epoch 7 train:  35%|███▌      | 7/20 [00:31<00:52,  4.02s/it, avg_loss=0.2877, num_batches=57/61, num_samples=57]
      Epoch 7 train:  35%|███▌      | 7/20 [00:31<00:52,  4.02s/it, avg_loss=0.2835, num_batches=58/61, num_samples=58]
      Epoch 7 train:  35%|███▌      | 7/20 [00:31<00:52,  4.02s/it, avg_loss=0.2798, num_batches=59/61, num_samples=59]
      Epoch 7 train:  35%|███▌      | 7/20 [00:31<00:52,  4.02s/it, avg_loss=0.2755, num_batches=60/61, num_samples=60]
      Epoch 7 train:  35%|███▌      | 7/20 [00:31<00:52,  4.02s/it, avg_loss=0.2714, num_batches=61/61, num_samples=61]
      Epoch 7 val:  35%|███▌      | 7/20 [00:31<00:52,  4.02s/it, avg_loss=0.2714, num_batches=61/61, num_samples=61]  
      Epoch 7 val:  35%|███▌      | 7/20 [00:31<00:52,  4.02s/it, avg_loss=0.0893, num_batches=1/15, num_samples=1]  
      Epoch 7 val:  35%|███▌      | 7/20 [00:31<00:52,  4.02s/it, avg_loss=0.2227, num_batches=2/15, num_samples=2]
      Epoch 7 val:  35%|███▌      | 7/20 [00:31<00:52,  4.02s/it, avg_loss=0.4984, num_batches=3/15, num_samples=3]
      Epoch 7 val:  35%|███▌      | 7/20 [00:31<00:52,  4.02s/it, avg_loss=1.0067, num_batches=4/15, num_samples=4]
      Epoch 7 val:  35%|███▌      | 7/20 [00:31<00:52,  4.02s/it, avg_loss=0.8057, num_batches=5/15, num_samples=5]
      Epoch 7 val:  35%|███▌      | 7/20 [00:31<00:52,  4.02s/it, avg_loss=1.5522, num_batches=6/15, num_samples=6]
      Epoch 7 val:  35%|███▌      | 7/20 [00:31<00:52,  4.02s/it, avg_loss=1.5196, num_batches=7/15, num_samples=7]
      Epoch 7 val:  35%|███▌      | 7/20 [00:31<00:52,  4.02s/it, avg_loss=1.7179, num_batches=8/15, num_samples=8]
      Epoch 7 val:  35%|███▌      | 7/20 [00:31<00:52,  4.02s/it, avg_loss=1.5613, num_batches=9/15, num_samples=9]
      Epoch 7 val:  35%|███▌      | 7/20 [00:31<00:52,  4.02s/it, avg_loss=1.5735, num_batches=10/15, num_samples=10]
      Epoch 7 val:  35%|███▌      | 7/20 [00:31<00:52,  4.02s/it, avg_loss=1.4336, num_batches=11/15, num_samples=11]
      Epoch 7 val:  35%|███▌      | 7/20 [00:31<00:52,  4.02s/it, avg_loss=1.3887, num_batches=12/15, num_samples=12]
      Epoch 7 val:  35%|███▌      | 7/20 [00:31<00:52,  4.02s/it, avg_loss=1.3859, num_batches=13/15, num_samples=13]
      Epoch 7 val:  35%|███▌      | 7/20 [00:32<00:52,  4.02s/it, avg_loss=1.3792, num_batches=14/15, num_samples=14]
      Epoch 7 val:  35%|███▌      | 7/20 [00:32<00:52,  4.02s/it, avg_loss=1.3286, num_batches=15/15, num_samples=15]
      Epoch 7 val:  40%|████      | 8/20 [00:32<00:48,  4.02s/it, avg_loss=1.3286, num_batches=15/15, num_samples=15]
      Epoch 8 train:  40%|████      | 8/20 [00:32<00:48,  4.02s/it, avg_loss=1.3286, num_batches=15/15, num_samples=15]
      Epoch 8 train:  40%|████      | 8/20 [00:32<00:48,  4.02s/it, avg_loss=0.0196, num_batches=1/61, num_samples=1]  
      Epoch 8 train:  40%|████      | 8/20 [00:32<00:48,  4.02s/it, avg_loss=0.0207, num_batches=2/61, num_samples=2]
      Epoch 8 train:  40%|████      | 8/20 [00:32<00:48,  4.02s/it, avg_loss=0.0257, num_batches=3/61, num_samples=3]
      Epoch 8 train:  40%|████      | 8/20 [00:32<00:48,  4.02s/it, avg_loss=0.0490, num_batches=4/61, num_samples=4]
      Epoch 8 train:  40%|████      | 8/20 [00:32<00:48,  4.02s/it, avg_loss=0.0409, num_batches=5/61, num_samples=5]
      Epoch 8 train:  40%|████      | 8/20 [00:32<00:48,  4.02s/it, avg_loss=0.0348, num_batches=6/61, num_samples=6]
      Epoch 8 train:  40%|████      | 8/20 [00:32<00:48,  4.02s/it, avg_loss=0.0314, num_batches=7/61, num_samples=7]
      Epoch 8 train:  40%|████      | 8/20 [00:32<00:48,  4.02s/it, avg_loss=0.0303, num_batches=8/61, num_samples=8]
      Epoch 8 train:  40%|████      | 8/20 [00:32<00:48,  4.02s/it, avg_loss=0.0479, num_batches=9/61, num_samples=9]
      Epoch 8 train:  40%|████      | 8/20 [00:32<00:48,  4.02s/it, avg_loss=0.0443, num_batches=10/61, num_samples=10]
      Epoch 8 train:  40%|████      | 8/20 [00:32<00:48,  4.02s/it, avg_loss=0.0405, num_batches=11/61, num_samples=11]
      Epoch 8 train:  40%|████      | 8/20 [00:32<00:48,  4.02s/it, avg_loss=0.0402, num_batches=12/61, num_samples=12]
      Epoch 8 train:  40%|████      | 8/20 [00:32<00:48,  4.02s/it, avg_loss=0.0375, num_batches=13/61, num_samples=13]
      Epoch 8 train:  40%|████      | 8/20 [00:33<00:48,  4.02s/it, avg_loss=0.0369, num_batches=14/61, num_samples=14]
      Epoch 8 train:  40%|████      | 8/20 [00:33<00:48,  4.02s/it, avg_loss=0.0349, num_batches=15/61, num_samples=15]
      Epoch 8 train:  40%|████      | 8/20 [00:33<00:48,  4.02s/it, avg_loss=0.0349, num_batches=16/61, num_samples=16]
      Epoch 8 train:  40%|████      | 8/20 [00:33<00:48,  4.02s/it, avg_loss=0.0333, num_batches=17/61, num_samples=17]
      Epoch 8 train:  40%|████      | 8/20 [00:33<00:48,  4.02s/it, avg_loss=0.0330, num_batches=18/61, num_samples=18]
      Epoch 8 train:  40%|████      | 8/20 [00:33<00:48,  4.02s/it, avg_loss=0.0316, num_batches=19/61, num_samples=19]
      Epoch 8 train:  40%|████      | 8/20 [00:33<00:48,  4.02s/it, avg_loss=0.0307, num_batches=20/61, num_samples=20]
      Epoch 8 train:  40%|████      | 8/20 [00:33<00:48,  4.02s/it, avg_loss=0.0296, num_batches=21/61, num_samples=21]
      Epoch 8 train:  40%|████      | 8/20 [00:33<00:48,  4.02s/it, avg_loss=0.0288, num_batches=22/61, num_samples=22]
      Epoch 8 train:  40%|████      | 8/20 [00:33<00:48,  4.02s/it, avg_loss=0.0281, num_batches=23/61, num_samples=23]
      Epoch 8 train:  40%|████      | 8/20 [00:33<00:48,  4.02s/it, avg_loss=0.0271, num_batches=24/61, num_samples=24]
      Epoch 8 train:  40%|████      | 8/20 [00:33<00:48,  4.02s/it, avg_loss=0.0291, num_batches=25/61, num_samples=25]
      Epoch 8 train:  40%|████      | 8/20 [00:33<00:48,  4.02s/it, avg_loss=0.0280, num_batches=26/61, num_samples=26]
      Epoch 8 train:  40%|████      | 8/20 [00:33<00:48,  4.02s/it, avg_loss=0.0271, num_batches=27/61, num_samples=27]
      Epoch 8 train:  40%|████      | 8/20 [00:33<00:48,  4.02s/it, avg_loss=0.0264, num_batches=28/61, num_samples=28]
      Epoch 8 train:  40%|████      | 8/20 [00:33<00:48,  4.02s/it, avg_loss=0.0258, num_batches=29/61, num_samples=29]
      Epoch 8 train:  40%|████      | 8/20 [00:33<00:48,  4.02s/it, avg_loss=0.0251, num_batches=30/61, num_samples=30]
      Epoch 8 train:  40%|████      | 8/20 [00:33<00:48,  4.02s/it, avg_loss=0.0317, num_batches=31/61, num_samples=31]
      Epoch 8 train:  40%|████      | 8/20 [00:33<00:48,  4.02s/it, avg_loss=0.0307, num_batches=32/61, num_samples=32]
      Epoch 8 train:  40%|████      | 8/20 [00:33<00:48,  4.02s/it, avg_loss=0.0308, num_batches=33/61, num_samples=33]
      Epoch 8 train:  40%|████      | 8/20 [00:34<00:48,  4.02s/it, avg_loss=0.0304, num_batches=34/61, num_samples=34]
      Epoch 8 train:  40%|████      | 8/20 [00:34<00:48,  4.02s/it, avg_loss=0.0345, num_batches=35/61, num_samples=35]
      Epoch 8 train:  40%|████      | 8/20 [00:34<00:48,  4.02s/it, avg_loss=0.0338, num_batches=36/61, num_samples=36]
      Epoch 8 train:  40%|████      | 8/20 [00:34<00:48,  4.02s/it, avg_loss=0.0332, num_batches=37/61, num_samples=37]
      Epoch 8 train:  40%|████      | 8/20 [00:34<00:48,  4.02s/it, avg_loss=0.0323, num_batches=38/61, num_samples=38]
      Epoch 8 train:  40%|████      | 8/20 [00:34<00:48,  4.02s/it, avg_loss=0.0317, num_batches=39/61, num_samples=39]
      Epoch 8 train:  40%|████      | 8/20 [00:34<00:48,  4.02s/it, avg_loss=0.0310, num_batches=40/61, num_samples=40]
      Epoch 8 train:  40%|████      | 8/20 [00:34<00:48,  4.02s/it, avg_loss=0.0304, num_batches=41/61, num_samples=41]
      Epoch 8 train:  40%|████      | 8/20 [00:34<00:48,  4.02s/it, avg_loss=0.0315, num_batches=42/61, num_samples=42]
      Epoch 8 train:  40%|████      | 8/20 [00:34<00:48,  4.02s/it, avg_loss=0.0308, num_batches=43/61, num_samples=43]
      Epoch 8 train:  40%|████      | 8/20 [00:34<00:48,  4.02s/it, avg_loss=0.0302, num_batches=44/61, num_samples=44]
      Epoch 8 train:  40%|████      | 8/20 [00:34<00:48,  4.02s/it, avg_loss=0.0301, num_batches=45/61, num_samples=45]
      Epoch 8 train:  40%|████      | 8/20 [00:34<00:48,  4.02s/it, avg_loss=0.0300, num_batches=46/61, num_samples=46]
      Epoch 8 train:  40%|████      | 8/20 [00:34<00:48,  4.02s/it, avg_loss=0.0295, num_batches=47/61, num_samples=47]
      Epoch 8 train:  40%|████      | 8/20 [00:34<00:48,  4.02s/it, avg_loss=0.0290, num_batches=48/61, num_samples=48]
      Epoch 8 train:  40%|████      | 8/20 [00:34<00:48,  4.02s/it, avg_loss=0.0361, num_batches=49/61, num_samples=49]
      Epoch 8 train:  40%|████      | 8/20 [00:34<00:48,  4.02s/it, avg_loss=0.0357, num_batches=50/61, num_samples=50]
      Epoch 8 train:  40%|████      | 8/20 [00:34<00:48,  4.02s/it, avg_loss=0.0351, num_batches=51/61, num_samples=51]
      Epoch 8 train:  40%|████      | 8/20 [00:34<00:48,  4.02s/it, avg_loss=0.0345, num_batches=52/61, num_samples=52]
      Epoch 8 train:  40%|████      | 8/20 [00:34<00:48,  4.02s/it, avg_loss=0.0340, num_batches=53/61, num_samples=53]
      Epoch 8 train:  40%|████      | 8/20 [00:35<00:48,  4.02s/it, avg_loss=0.0334, num_batches=54/61, num_samples=54]
      Epoch 8 train:  40%|████      | 8/20 [00:35<00:48,  4.02s/it, avg_loss=0.0392, num_batches=55/61, num_samples=55]
      Epoch 8 train:  40%|████      | 8/20 [00:35<00:48,  4.02s/it, avg_loss=0.0385, num_batches=56/61, num_samples=56]
      Epoch 8 train:  40%|████      | 8/20 [00:35<00:48,  4.02s/it, avg_loss=0.0379, num_batches=57/61, num_samples=57]
      Epoch 8 train:  40%|████      | 8/20 [00:35<00:48,  4.02s/it, avg_loss=0.0373, num_batches=58/61, num_samples=58]
      Epoch 8 train:  40%|████      | 8/20 [00:35<00:48,  4.02s/it, avg_loss=0.0372, num_batches=59/61, num_samples=59]
      Epoch 8 train:  40%|████      | 8/20 [00:35<00:48,  4.02s/it, avg_loss=0.0369, num_batches=60/61, num_samples=60]
      Epoch 8 train:  40%|████      | 8/20 [00:35<00:48,  4.02s/it, avg_loss=0.0363, num_batches=61/61, num_samples=61]
      Epoch 8 val:  40%|████      | 8/20 [00:35<00:48,  4.02s/it, avg_loss=0.0363, num_batches=61/61, num_samples=61]  
      Epoch 8 val:  40%|████      | 8/20 [00:35<00:48,  4.02s/it, avg_loss=0.5532, num_batches=1/15, num_samples=1]  
      Epoch 8 val:  40%|████      | 8/20 [00:35<00:48,  4.02s/it, avg_loss=0.3019, num_batches=2/15, num_samples=2]
      Epoch 8 val:  40%|████      | 8/20 [00:35<00:48,  4.02s/it, avg_loss=0.9376, num_batches=3/15, num_samples=3]
      Epoch 8 val:  40%|████      | 8/20 [00:35<00:48,  4.02s/it, avg_loss=1.6287, num_batches=4/15, num_samples=4]
      Epoch 8 val:  40%|████      | 8/20 [00:35<00:48,  4.02s/it, avg_loss=1.3609, num_batches=5/15, num_samples=5]
      Epoch 8 val:  40%|████      | 8/20 [00:35<00:48,  4.02s/it, avg_loss=1.1342, num_batches=6/15, num_samples=6]
      Epoch 8 val:  40%|████      | 8/20 [00:35<00:48,  4.02s/it, avg_loss=1.4440, num_batches=7/15, num_samples=7]
      Epoch 8 val:  40%|████      | 8/20 [00:35<00:48,  4.02s/it, avg_loss=1.3553, num_batches=8/15, num_samples=8]
      Epoch 8 val:  40%|████      | 8/20 [00:35<00:48,  4.02s/it, avg_loss=1.2240, num_batches=9/15, num_samples=9]
      Epoch 8 val:  40%|████      | 8/20 [00:35<00:48,  4.02s/it, avg_loss=1.6819, num_batches=10/15, num_samples=10]
      Epoch 8 val:  40%|████      | 8/20 [00:35<00:48,  4.02s/it, avg_loss=1.5332, num_batches=11/15, num_samples=11]
      Epoch 8 val:  40%|████      | 8/20 [00:35<00:48,  4.02s/it, avg_loss=1.5473, num_batches=12/15, num_samples=12]
      Epoch 8 val:  40%|████      | 8/20 [00:35<00:48,  4.02s/it, avg_loss=1.4591, num_batches=13/15, num_samples=13]
      Epoch 8 val:  40%|████      | 8/20 [00:36<00:48,  4.02s/it, avg_loss=1.3826, num_batches=14/15, num_samples=14]
      Epoch 8 val:  40%|████      | 8/20 [00:36<00:48,  4.02s/it, avg_loss=1.4060, num_batches=15/15, num_samples=15]
      Epoch 8 val:  45%|████▌     | 9/20 [00:36<00:44,  4.02s/it, avg_loss=1.4060, num_batches=15/15, num_samples=15]
      Epoch 9 train:  45%|████▌     | 9/20 [00:36<00:44,  4.02s/it, avg_loss=1.4060, num_batches=15/15, num_samples=15]
      Epoch 9 train:  45%|████▌     | 9/20 [00:36<00:44,  4.02s/it, avg_loss=0.0139, num_batches=1/61, num_samples=1]  
      Epoch 9 train:  45%|████▌     | 9/20 [00:36<00:44,  4.02s/it, avg_loss=0.0281, num_batches=2/61, num_samples=2]
      Epoch 9 train:  45%|████▌     | 9/20 [00:36<00:44,  4.02s/it, avg_loss=0.0202, num_batches=3/61, num_samples=3]
      Epoch 9 train:  45%|████▌     | 9/20 [00:36<00:44,  4.02s/it, avg_loss=0.0182, num_batches=4/61, num_samples=4]
      Epoch 9 train:  45%|████▌     | 9/20 [00:36<00:44,  4.02s/it, avg_loss=0.0151, num_batches=5/61, num_samples=5]
      Epoch 9 train:  45%|████▌     | 9/20 [00:36<00:44,  4.02s/it, avg_loss=0.0127, num_batches=6/61, num_samples=6]
      Epoch 9 train:  45%|████▌     | 9/20 [00:36<00:44,  4.02s/it, avg_loss=0.0116, num_batches=7/61, num_samples=7]
      Epoch 9 train:  45%|████▌     | 9/20 [00:36<00:44,  4.02s/it, avg_loss=0.0106, num_batches=8/61, num_samples=8]
      Epoch 9 train:  45%|████▌     | 9/20 [00:36<00:44,  4.02s/it, avg_loss=0.0097, num_batches=9/61, num_samples=9]
      Epoch 9 train:  45%|████▌     | 9/20 [00:36<00:44,  4.02s/it, avg_loss=0.0111, num_batches=10/61, num_samples=10]
      Epoch 9 train:  45%|████▌     | 9/20 [00:36<00:44,  4.02s/it, avg_loss=0.0114, num_batches=11/61, num_samples=11]
      Epoch 9 train:  45%|████▌     | 9/20 [00:36<00:44,  4.02s/it, avg_loss=0.0106, num_batches=12/61, num_samples=12]
      Epoch 9 train:  45%|████▌     | 9/20 [00:37<00:44,  4.02s/it, avg_loss=0.0100, num_batches=13/61, num_samples=13]
      Epoch 9 train:  45%|████▌     | 9/20 [00:37<00:44,  4.02s/it, avg_loss=0.0120, num_batches=14/61, num_samples=14]
      Epoch 9 train:  45%|████▌     | 9/20 [00:37<00:44,  4.02s/it, avg_loss=0.0114, num_batches=15/61, num_samples=15]
      Epoch 9 train:  45%|████▌     | 9/20 [00:37<00:44,  4.02s/it, avg_loss=0.0114, num_batches=16/61, num_samples=16]
      Epoch 9 train:  45%|████▌     | 9/20 [00:37<00:44,  4.02s/it, avg_loss=0.0131, num_batches=17/61, num_samples=17]
      Epoch 9 train:  45%|████▌     | 9/20 [00:37<00:44,  4.02s/it, avg_loss=0.0125, num_batches=18/61, num_samples=18]
      Epoch 9 train:  45%|████▌     | 9/20 [00:37<00:44,  4.02s/it, avg_loss=0.0121, num_batches=19/61, num_samples=19]
      Epoch 9 train:  45%|████▌     | 9/20 [00:37<00:44,  4.02s/it, avg_loss=0.0119, num_batches=20/61, num_samples=20]
      Epoch 9 train:  45%|████▌     | 9/20 [00:37<00:44,  4.02s/it, avg_loss=0.0114, num_batches=21/61, num_samples=21]
      Epoch 9 train:  45%|████▌     | 9/20 [00:37<00:44,  4.02s/it, avg_loss=0.0111, num_batches=22/61, num_samples=22]
      Epoch 9 train:  45%|████▌     | 9/20 [00:37<00:44,  4.02s/it, avg_loss=0.0109, num_batches=23/61, num_samples=23]
      Epoch 9 train:  45%|████▌     | 9/20 [00:37<00:44,  4.02s/it, avg_loss=0.0108, num_batches=24/61, num_samples=24]
      Epoch 9 train:  45%|████▌     | 9/20 [00:37<00:44,  4.02s/it, avg_loss=0.0104, num_batches=25/61, num_samples=25]
      Epoch 9 train:  45%|████▌     | 9/20 [00:37<00:44,  4.02s/it, avg_loss=0.0100, num_batches=26/61, num_samples=26]
      Epoch 9 train:  45%|████▌     | 9/20 [00:37<00:44,  4.02s/it, avg_loss=0.0097, num_batches=27/61, num_samples=27]
      Epoch 9 train:  45%|████▌     | 9/20 [00:37<00:44,  4.02s/it, avg_loss=0.0118, num_batches=28/61, num_samples=28]
      Epoch 9 train:  45%|████▌     | 9/20 [00:37<00:44,  4.02s/it, avg_loss=0.0115, num_batches=29/61, num_samples=29]
      Epoch 9 train:  45%|████▌     | 9/20 [00:37<00:44,  4.02s/it, avg_loss=0.0122, num_batches=30/61, num_samples=30]
      Epoch 9 train:  45%|████▌     | 9/20 [00:37<00:44,  4.02s/it, avg_loss=0.0119, num_batches=31/61, num_samples=31]
      Epoch 9 train:  45%|████▌     | 9/20 [00:37<00:44,  4.02s/it, avg_loss=0.0119, num_batches=32/61, num_samples=32]
      Epoch 9 train:  45%|████▌     | 9/20 [00:37<00:44,  4.02s/it, avg_loss=0.0119, num_batches=33/61, num_samples=33]
      Epoch 9 train:  45%|████▌     | 9/20 [00:38<00:44,  4.02s/it, avg_loss=0.0116, num_batches=34/61, num_samples=34]
      Epoch 9 train:  45%|████▌     | 9/20 [00:38<00:44,  4.02s/it, avg_loss=0.0113, num_batches=35/61, num_samples=35]
      Epoch 9 train:  45%|████▌     | 9/20 [00:38<00:44,  4.02s/it, avg_loss=0.0111, num_batches=36/61, num_samples=36]
      Epoch 9 train:  45%|████▌     | 9/20 [00:38<00:44,  4.02s/it, avg_loss=0.0110, num_batches=37/61, num_samples=37]
      Epoch 9 train:  45%|████▌     | 9/20 [00:38<00:44,  4.02s/it, avg_loss=0.0108, num_batches=38/61, num_samples=38]
      Epoch 9 train:  45%|████▌     | 9/20 [00:38<00:44,  4.02s/it, avg_loss=0.0106, num_batches=39/61, num_samples=39]
      Epoch 9 train:  45%|████▌     | 9/20 [00:38<00:44,  4.02s/it, avg_loss=0.0104, num_batches=40/61, num_samples=40]
      Epoch 9 train:  45%|████▌     | 9/20 [00:38<00:44,  4.02s/it, avg_loss=0.0114, num_batches=41/61, num_samples=41]
      Epoch 9 train:  45%|████▌     | 9/20 [00:38<00:44,  4.02s/it, avg_loss=0.0112, num_batches=42/61, num_samples=42]
      Epoch 9 train:  45%|████▌     | 9/20 [00:38<00:44,  4.02s/it, avg_loss=0.0111, num_batches=43/61, num_samples=43]
      Epoch 9 train:  45%|████▌     | 9/20 [00:38<00:44,  4.02s/it, avg_loss=0.0108, num_batches=44/61, num_samples=44]
      Epoch 9 train:  45%|████▌     | 9/20 [00:38<00:44,  4.02s/it, avg_loss=0.0106, num_batches=45/61, num_samples=45]
      Epoch 9 train:  45%|████▌     | 9/20 [00:38<00:44,  4.02s/it, avg_loss=0.0104, num_batches=46/61, num_samples=46]
      Epoch 9 train:  45%|████▌     | 9/20 [00:38<00:44,  4.02s/it, avg_loss=0.0103, num_batches=47/61, num_samples=47]
      Epoch 9 train:  45%|████▌     | 9/20 [00:38<00:44,  4.02s/it, avg_loss=0.0103, num_batches=48/61, num_samples=48]
      Epoch 9 train:  45%|████▌     | 9/20 [00:38<00:44,  4.02s/it, avg_loss=0.0102, num_batches=49/61, num_samples=49]
      Epoch 9 train:  45%|████▌     | 9/20 [00:38<00:44,  4.02s/it, avg_loss=0.0103, num_batches=50/61, num_samples=50]
      Epoch 9 train:  45%|████▌     | 9/20 [00:38<00:44,  4.02s/it, avg_loss=0.0101, num_batches=51/61, num_samples=51]
      Epoch 9 train:  45%|████▌     | 9/20 [00:38<00:44,  4.02s/it, avg_loss=0.0100, num_batches=52/61, num_samples=52]
      Epoch 9 train:  45%|████▌     | 9/20 [00:38<00:44,  4.02s/it, avg_loss=0.0098, num_batches=53/61, num_samples=53]
      Epoch 9 train:  45%|████▌     | 9/20 [00:38<00:44,  4.02s/it, avg_loss=0.0096, num_batches=54/61, num_samples=54]
      Epoch 9 train:  45%|████▌     | 9/20 [00:39<00:44,  4.02s/it, avg_loss=0.0098, num_batches=55/61, num_samples=55]
      Epoch 9 train:  45%|████▌     | 9/20 [00:39<00:44,  4.02s/it, avg_loss=0.0096, num_batches=56/61, num_samples=56]
      Epoch 9 train:  45%|████▌     | 9/20 [00:39<00:44,  4.02s/it, avg_loss=0.0097, num_batches=57/61, num_samples=57]
      Epoch 9 train:  45%|████▌     | 9/20 [00:39<00:44,  4.02s/it, avg_loss=0.0095, num_batches=58/61, num_samples=58]
      Epoch 9 train:  45%|████▌     | 9/20 [00:39<00:44,  4.02s/it, avg_loss=0.0094, num_batches=59/61, num_samples=59]
      Epoch 9 train:  45%|████▌     | 9/20 [00:39<00:44,  4.02s/it, avg_loss=0.0093, num_batches=60/61, num_samples=60]
      Epoch 9 train:  45%|████▌     | 9/20 [00:39<00:44,  4.02s/it, avg_loss=0.0105, num_batches=61/61, num_samples=61]
      Epoch 9 val:  45%|████▌     | 9/20 [00:39<00:44,  4.02s/it, avg_loss=0.0105, num_batches=61/61, num_samples=61]  
      Epoch 9 val:  45%|████▌     | 9/20 [00:39<00:44,  4.02s/it, avg_loss=1.9134, num_batches=1/15, num_samples=1]  
      Epoch 9 val:  45%|████▌     | 9/20 [00:39<00:44,  4.02s/it, avg_loss=1.0882, num_batches=2/15, num_samples=2]
      Epoch 9 val:  45%|████▌     | 9/20 [00:39<00:44,  4.02s/it, avg_loss=0.7990, num_batches=3/15, num_samples=3]
      Epoch 9 val:  45%|████▌     | 9/20 [00:39<00:44,  4.02s/it, avg_loss=1.5644, num_batches=4/15, num_samples=4]
      Epoch 9 val:  45%|████▌     | 9/20 [00:39<00:44,  4.02s/it, avg_loss=1.6084, num_batches=5/15, num_samples=5]
      Epoch 9 val:  45%|████▌     | 9/20 [00:39<00:44,  4.02s/it, avg_loss=1.3404, num_batches=6/15, num_samples=6]
      Epoch 9 val:  45%|████▌     | 9/20 [00:39<00:44,  4.02s/it, avg_loss=2.0559, num_batches=7/15, num_samples=7]
      Epoch 9 val:  45%|████▌     | 9/20 [00:39<00:44,  4.02s/it, avg_loss=1.8515, num_batches=8/15, num_samples=8]
      Epoch 9 val:  45%|████▌     | 9/20 [00:39<00:44,  4.02s/it, avg_loss=1.7098, num_batches=9/15, num_samples=9]
      Epoch 9 val:  45%|████▌     | 9/20 [00:39<00:44,  4.02s/it, avg_loss=1.9668, num_batches=10/15, num_samples=10]
      Epoch 9 val:  45%|████▌     | 9/20 [00:39<00:44,  4.02s/it, avg_loss=1.8085, num_batches=11/15, num_samples=11]
      Epoch 9 val:  45%|████▌     | 9/20 [00:39<00:44,  4.02s/it, avg_loss=1.6602, num_batches=12/15, num_samples=12]
      Epoch 9 val:  45%|████▌     | 9/20 [00:39<00:44,  4.02s/it, avg_loss=1.7541, num_batches=13/15, num_samples=13]
      Epoch 9 val:  45%|████▌     | 9/20 [00:39<00:44,  4.02s/it, avg_loss=1.6335, num_batches=14/15, num_samples=14]
      Epoch 9 val:  45%|████▌     | 9/20 [00:40<00:44,  4.02s/it, avg_loss=1.5321, num_batches=15/15, num_samples=15]
      Epoch 9 val:  50%|█████     | 10/20 [00:40<00:40,  4.01s/it, avg_loss=1.5321, num_batches=15/15, num_samples=15]
      Epoch 10 train:  50%|█████     | 10/20 [00:40<00:40,  4.01s/it, avg_loss=1.5321, num_batches=15/15, num_samples=15]
      Epoch 10 train:  50%|█████     | 10/20 [00:40<00:40,  4.01s/it, avg_loss=0.0149, num_batches=1/61, num_samples=1]  
      Epoch 10 train:  50%|█████     | 10/20 [00:40<00:40,  4.01s/it, avg_loss=0.0105, num_batches=2/61, num_samples=2]
      Epoch 10 train:  50%|█████     | 10/20 [00:40<00:40,  4.01s/it, avg_loss=0.0078, num_batches=3/61, num_samples=3]
      Epoch 10 train:  50%|█████     | 10/20 [00:40<00:40,  4.01s/it, avg_loss=0.0059, num_batches=4/61, num_samples=4]
      Epoch 10 train:  50%|█████     | 10/20 [00:40<00:40,  4.01s/it, avg_loss=0.0048, num_batches=5/61, num_samples=5]
      Epoch 10 train:  50%|█████     | 10/20 [00:40<00:40,  4.01s/it, avg_loss=0.0068, num_batches=6/61, num_samples=6]
      Epoch 10 train:  50%|█████     | 10/20 [00:40<00:40,  4.01s/it, avg_loss=0.0113, num_batches=7/61, num_samples=7]
      Epoch 10 train:  50%|█████     | 10/20 [00:40<00:40,  4.01s/it, avg_loss=0.0102, num_batches=8/61, num_samples=8]
      Epoch 10 train:  50%|█████     | 10/20 [00:40<00:40,  4.01s/it, avg_loss=0.0115, num_batches=9/61, num_samples=9]
      Epoch 10 train:  50%|█████     | 10/20 [00:40<00:40,  4.01s/it, avg_loss=0.0107, num_batches=10/61, num_samples=10]
      Epoch 10 train:  50%|█████     | 10/20 [00:40<00:40,  4.01s/it, avg_loss=0.0098, num_batches=11/61, num_samples=11]
      Epoch 10 train:  50%|█████     | 10/20 [00:40<00:40,  4.01s/it, avg_loss=0.0091, num_batches=12/61, num_samples=12]
      Epoch 10 train:  50%|█████     | 10/20 [00:41<00:40,  4.01s/it, avg_loss=0.0085, num_batches=13/61, num_samples=13]
      Epoch 10 train:  50%|█████     | 10/20 [00:41<00:40,  4.01s/it, avg_loss=0.0080, num_batches=14/61, num_samples=14]
      Epoch 10 train:  50%|█████     | 10/20 [00:41<00:40,  4.01s/it, avg_loss=0.0078, num_batches=15/61, num_samples=15]
      Epoch 10 train:  50%|█████     | 10/20 [00:41<00:40,  4.01s/it, avg_loss=0.0074, num_batches=16/61, num_samples=16]
      Epoch 10 train:  50%|█████     | 10/20 [00:41<00:40,  4.01s/it, avg_loss=0.0069, num_batches=17/61, num_samples=17]
      Epoch 10 train:  50%|█████     | 10/20 [00:41<00:40,  4.01s/it, avg_loss=0.0076, num_batches=18/61, num_samples=18]
      Epoch 10 train:  50%|█████     | 10/20 [00:41<00:40,  4.01s/it, avg_loss=0.0072, num_batches=19/61, num_samples=19]
      Epoch 10 train:  50%|█████     | 10/20 [00:41<00:40,  4.01s/it, avg_loss=0.0073, num_batches=20/61, num_samples=20]
      Epoch 10 train:  50%|█████     | 10/20 [00:41<00:40,  4.01s/it, avg_loss=0.0073, num_batches=21/61, num_samples=21]
      Epoch 10 train:  50%|█████     | 10/20 [00:41<00:40,  4.01s/it, avg_loss=0.0071, num_batches=22/61, num_samples=22]
      Epoch 10 train:  50%|█████     | 10/20 [00:41<00:40,  4.01s/it, avg_loss=0.0068, num_batches=23/61, num_samples=23]
      Epoch 10 train:  50%|█████     | 10/20 [00:41<00:40,  4.01s/it, avg_loss=0.0066, num_batches=24/61, num_samples=24]
      Epoch 10 train:  50%|█████     | 10/20 [00:41<00:40,  4.01s/it, avg_loss=0.0064, num_batches=25/61, num_samples=25]
      Epoch 10 train:  50%|█████     | 10/20 [00:41<00:40,  4.01s/it, avg_loss=0.0062, num_batches=26/61, num_samples=26]
      Epoch 10 train:  50%|█████     | 10/20 [00:41<00:40,  4.01s/it, avg_loss=0.0060, num_batches=27/61, num_samples=27]
      Epoch 10 train:  50%|█████     | 10/20 [00:41<00:40,  4.01s/it, avg_loss=0.0060, num_batches=28/61, num_samples=28]
      Epoch 10 train:  50%|█████     | 10/20 [00:41<00:40,  4.01s/it, avg_loss=0.0062, num_batches=29/61, num_samples=29]
      Epoch 10 train:  50%|█████     | 10/20 [00:41<00:40,  4.01s/it, avg_loss=0.0065, num_batches=30/61, num_samples=30]
      Epoch 10 train:  50%|█████     | 10/20 [00:41<00:40,  4.01s/it, avg_loss=0.0064, num_batches=31/61, num_samples=31]
      Epoch 10 train:  50%|█████     | 10/20 [00:42<00:40,  4.01s/it, avg_loss=0.0064, num_batches=32/61, num_samples=32]
      Epoch 10 train:  50%|█████     | 10/20 [00:42<00:40,  4.01s/it, avg_loss=0.0064, num_batches=33/61, num_samples=33]
      Epoch 10 train:  50%|█████     | 10/20 [00:42<00:40,  4.01s/it, avg_loss=0.0063, num_batches=34/61, num_samples=34]
      Epoch 10 train:  50%|█████     | 10/20 [00:42<00:40,  4.01s/it, avg_loss=0.0062, num_batches=35/61, num_samples=35]
      Epoch 10 train:  50%|█████     | 10/20 [00:42<00:40,  4.01s/it, avg_loss=0.0061, num_batches=36/61, num_samples=36]
      Epoch 10 train:  50%|█████     | 10/20 [00:42<00:40,  4.01s/it, avg_loss=0.0060, num_batches=37/61, num_samples=37]
      Epoch 10 train:  50%|█████     | 10/20 [00:42<00:40,  4.01s/it, avg_loss=0.0059, num_batches=38/61, num_samples=38]
      Epoch 10 train:  50%|█████     | 10/20 [00:42<00:40,  4.01s/it, avg_loss=0.0058, num_batches=39/61, num_samples=39]
      Epoch 10 train:  50%|█████     | 10/20 [00:42<00:40,  4.01s/it, avg_loss=0.0056, num_batches=40/61, num_samples=40]
      Epoch 10 train:  50%|█████     | 10/20 [00:42<00:40,  4.01s/it, avg_loss=0.0055, num_batches=41/61, num_samples=41]
      Epoch 10 train:  50%|█████     | 10/20 [00:42<00:40,  4.01s/it, avg_loss=0.0062, num_batches=42/61, num_samples=42]
      Epoch 10 train:  50%|█████     | 10/20 [00:42<00:40,  4.01s/it, avg_loss=0.0068, num_batches=43/61, num_samples=43]
      Epoch 10 train:  50%|█████     | 10/20 [00:42<00:40,  4.01s/it, avg_loss=0.0066, num_batches=44/61, num_samples=44]
      Epoch 10 train:  50%|█████     | 10/20 [00:42<00:40,  4.01s/it, avg_loss=0.0065, num_batches=45/61, num_samples=45]
      Epoch 10 train:  50%|█████     | 10/20 [00:42<00:40,  4.01s/it, avg_loss=0.0064, num_batches=46/61, num_samples=46]
      Epoch 10 train:  50%|█████     | 10/20 [00:42<00:40,  4.01s/it, avg_loss=0.0063, num_batches=47/61, num_samples=47]
      Epoch 10 train:  50%|█████     | 10/20 [00:42<00:40,  4.01s/it, avg_loss=0.0062, num_batches=48/61, num_samples=48]
      Epoch 10 train:  50%|█████     | 10/20 [00:42<00:40,  4.01s/it, avg_loss=0.0062, num_batches=49/61, num_samples=49]
      Epoch 10 train:  50%|█████     | 10/20 [00:42<00:40,  4.01s/it, avg_loss=0.0061, num_batches=50/61, num_samples=50]
      Epoch 10 train:  50%|█████     | 10/20 [00:42<00:40,  4.01s/it, avg_loss=0.0060, num_batches=51/61, num_samples=51]
      Epoch 10 train:  50%|█████     | 10/20 [00:42<00:40,  4.01s/it, avg_loss=0.0059, num_batches=52/61, num_samples=52]
      Epoch 10 train:  50%|█████     | 10/20 [00:43<00:40,  4.01s/it, avg_loss=0.0058, num_batches=53/61, num_samples=53]
      Epoch 10 train:  50%|█████     | 10/20 [00:43<00:40,  4.01s/it, avg_loss=0.0058, num_batches=54/61, num_samples=54]
      Epoch 10 train:  50%|█████     | 10/20 [00:43<00:40,  4.01s/it, avg_loss=0.0057, num_batches=55/61, num_samples=55]
      Epoch 10 train:  50%|█████     | 10/20 [00:43<00:40,  4.01s/it, avg_loss=0.0056, num_batches=56/61, num_samples=56]
      Epoch 10 train:  50%|█████     | 10/20 [00:43<00:40,  4.01s/it, avg_loss=0.0057, num_batches=57/61, num_samples=57]
      Epoch 10 train:  50%|█████     | 10/20 [00:43<00:40,  4.01s/it, avg_loss=0.0056, num_batches=58/61, num_samples=58]
      Epoch 10 train:  50%|█████     | 10/20 [00:43<00:40,  4.01s/it, avg_loss=0.0055, num_batches=59/61, num_samples=59]
      Epoch 10 train:  50%|█████     | 10/20 [00:43<00:40,  4.01s/it, avg_loss=0.0054, num_batches=60/61, num_samples=60]
      Epoch 10 train:  50%|█████     | 10/20 [00:43<00:40,  4.01s/it, avg_loss=0.0054, num_batches=61/61, num_samples=61]
      Epoch 10 val:  50%|█████     | 10/20 [00:43<00:40,  4.01s/it, avg_loss=0.0054, num_batches=61/61, num_samples=61]  
      Epoch 10 val:  50%|█████     | 10/20 [00:43<00:40,  4.01s/it, avg_loss=4.4878, num_batches=1/15, num_samples=1]  
      Epoch 10 val:  50%|█████     | 10/20 [00:43<00:40,  4.01s/it, avg_loss=2.3917, num_batches=2/15, num_samples=2]
      Epoch 10 val:  50%|█████     | 10/20 [00:43<00:40,  4.01s/it, avg_loss=2.5577, num_batches=3/15, num_samples=3]
      Epoch 10 val:  50%|█████     | 10/20 [00:43<00:40,  4.01s/it, avg_loss=2.0381, num_batches=4/15, num_samples=4]
      Epoch 10 val:  50%|█████     | 10/20 [00:43<00:40,  4.01s/it, avg_loss=1.6811, num_batches=5/15, num_samples=5]
      Epoch 10 val:  50%|█████     | 10/20 [00:43<00:40,  4.01s/it, avg_loss=1.7595, num_batches=6/15, num_samples=6]
      Epoch 10 val:  50%|█████     | 10/20 [00:43<00:40,  4.01s/it, avg_loss=2.0727, num_batches=7/15, num_samples=7]
      Epoch 10 val:  50%|█████     | 10/20 [00:43<00:40,  4.01s/it, avg_loss=1.8166, num_batches=8/15, num_samples=8]
      Epoch 10 val:  50%|█████     | 10/20 [00:43<00:40,  4.01s/it, avg_loss=1.6313, num_batches=9/15, num_samples=9]
      Epoch 10 val:  50%|█████     | 10/20 [00:43<00:40,  4.01s/it, avg_loss=1.6960, num_batches=10/15, num_samples=10]
      Epoch 10 val:  50%|█████     | 10/20 [00:43<00:40,  4.01s/it, avg_loss=2.1455, num_batches=11/15, num_samples=11]
      Epoch 10 val:  50%|█████     | 10/20 [00:43<00:40,  4.01s/it, avg_loss=1.9668, num_batches=12/15, num_samples=12]
      Epoch 10 val:  50%|█████     | 10/20 [00:43<00:40,  4.01s/it, avg_loss=1.8437, num_batches=13/15, num_samples=13]
      Epoch 10 val:  50%|█████     | 10/20 [00:44<00:40,  4.01s/it, avg_loss=1.7154, num_batches=14/15, num_samples=14]
      Epoch 10 val:  50%|█████     | 10/20 [00:44<00:40,  4.01s/it, avg_loss=1.6124, num_batches=15/15, num_samples=15]
      Epoch 10 val:  55%|█████▌    | 11/20 [00:44<00:36,  4.00s/it, avg_loss=1.6124, num_batches=15/15, num_samples=15]
      Epoch 11 train:  55%|█████▌    | 11/20 [00:44<00:36,  4.00s/it, avg_loss=1.6124, num_batches=15/15, num_samples=15]
      Epoch 11 train:  55%|█████▌    | 11/20 [00:44<00:36,  4.00s/it, avg_loss=0.0012, num_batches=1/61, num_samples=1]  
      Epoch 11 train:  55%|█████▌    | 11/20 [00:44<00:36,  4.00s/it, avg_loss=0.0017, num_batches=2/61, num_samples=2]
      Epoch 11 train:  55%|█████▌    | 11/20 [00:44<00:36,  4.00s/it, avg_loss=0.0056, num_batches=3/61, num_samples=3]
      Epoch 11 train:  55%|█████▌    | 11/20 [00:44<00:36,  4.00s/it, avg_loss=0.0042, num_batches=4/61, num_samples=4]
      Epoch 11 train:  55%|█████▌    | 11/20 [00:44<00:36,  4.00s/it, avg_loss=0.0034, num_batches=5/61, num_samples=5]
      Epoch 11 train:  55%|█████▌    | 11/20 [00:44<00:36,  4.00s/it, avg_loss=0.0048, num_batches=6/61, num_samples=6]
      Epoch 11 train:  55%|█████▌    | 11/20 [00:44<00:36,  4.00s/it, avg_loss=0.0042, num_batches=7/61, num_samples=7]
      Epoch 11 train:  55%|█████▌    | 11/20 [00:44<00:36,  4.00s/it, avg_loss=0.0060, num_batches=8/61, num_samples=8]
      Epoch 11 train:  55%|█████▌    | 11/20 [00:44<00:36,  4.00s/it, avg_loss=0.0055, num_batches=9/61, num_samples=9]
      Epoch 11 train:  55%|█████▌    | 11/20 [00:44<00:36,  4.00s/it, avg_loss=0.0050, num_batches=10/61, num_samples=10]
      Epoch 11 train:  55%|█████▌    | 11/20 [00:44<00:36,  4.00s/it, avg_loss=0.0047, num_batches=11/61, num_samples=11]
      Epoch 11 train:  55%|█████▌    | 11/20 [00:44<00:36,  4.00s/it, avg_loss=0.0043, num_batches=12/61, num_samples=12]
      Epoch 11 train:  55%|█████▌    | 11/20 [00:44<00:36,  4.00s/it, avg_loss=0.0044, num_batches=13/61, num_samples=13]
      Epoch 11 train:  55%|█████▌    | 11/20 [00:44<00:36,  4.00s/it, avg_loss=0.0043, num_batches=14/61, num_samples=14]
      Epoch 11 train:  55%|█████▌    | 11/20 [00:45<00:36,  4.00s/it, avg_loss=0.0044, num_batches=15/61, num_samples=15]
      Epoch 11 train:  55%|█████▌    | 11/20 [00:45<00:36,  4.00s/it, avg_loss=0.0042, num_batches=16/61, num_samples=16]
      Epoch 11 train:  55%|█████▌    | 11/20 [00:45<00:36,  4.00s/it, avg_loss=0.0040, num_batches=17/61, num_samples=17]
      Epoch 11 train:  55%|█████▌    | 11/20 [00:45<00:36,  4.00s/it, avg_loss=0.0039, num_batches=18/61, num_samples=18]
      Epoch 11 train:  55%|█████▌    | 11/20 [00:45<00:36,  4.00s/it, avg_loss=0.0037, num_batches=19/61, num_samples=19]
      Epoch 11 train:  55%|█████▌    | 11/20 [00:45<00:36,  4.00s/it, avg_loss=0.0036, num_batches=20/61, num_samples=20]
      Epoch 11 train:  55%|█████▌    | 11/20 [00:45<00:36,  4.00s/it, avg_loss=0.0035, num_batches=21/61, num_samples=21]
      Epoch 11 train:  55%|█████▌    | 11/20 [00:45<00:36,  4.00s/it, avg_loss=0.0034, num_batches=22/61, num_samples=22]
      Epoch 11 train:  55%|█████▌    | 11/20 [00:45<00:36,  4.00s/it, avg_loss=0.0033, num_batches=23/61, num_samples=23]
      Epoch 11 train:  55%|█████▌    | 11/20 [00:45<00:36,  4.00s/it, avg_loss=0.0033, num_batches=24/61, num_samples=24]
      Epoch 11 train:  55%|█████▌    | 11/20 [00:45<00:36,  4.00s/it, avg_loss=0.0032, num_batches=25/61, num_samples=25]
      Epoch 11 train:  55%|█████▌    | 11/20 [00:45<00:36,  4.00s/it, avg_loss=0.0031, num_batches=26/61, num_samples=26]
      Epoch 11 train:  55%|█████▌    | 11/20 [00:45<00:36,  4.00s/it, avg_loss=0.0030, num_batches=27/61, num_samples=27]
      Epoch 11 train:  55%|█████▌    | 11/20 [00:45<00:36,  4.00s/it, avg_loss=0.0029, num_batches=28/61, num_samples=28]
      Epoch 11 train:  55%|█████▌    | 11/20 [00:45<00:36,  4.00s/it, avg_loss=0.0031, num_batches=29/61, num_samples=29]
      Epoch 11 train:  55%|█████▌    | 11/20 [00:45<00:36,  4.00s/it, avg_loss=0.0031, num_batches=30/61, num_samples=30]
      Epoch 11 train:  55%|█████▌    | 11/20 [00:45<00:36,  4.00s/it, avg_loss=0.0031, num_batches=31/61, num_samples=31]
      Epoch 11 train:  55%|█████▌    | 11/20 [00:45<00:36,  4.00s/it, avg_loss=0.0030, num_batches=32/61, num_samples=32]
      Epoch 11 train:  55%|█████▌    | 11/20 [00:45<00:36,  4.00s/it, avg_loss=0.0029, num_batches=33/61, num_samples=33]
      Epoch 11 train:  55%|█████▌    | 11/20 [00:45<00:36,  4.00s/it, avg_loss=0.0030, num_batches=34/61, num_samples=34]
      Epoch 11 train:  55%|█████▌    | 11/20 [00:45<00:36,  4.00s/it, avg_loss=0.0030, num_batches=35/61, num_samples=35]
      Epoch 11 train:  55%|█████▌    | 11/20 [00:46<00:36,  4.00s/it, avg_loss=0.0031, num_batches=36/61, num_samples=36]
      Epoch 11 train:  55%|█████▌    | 11/20 [00:46<00:36,  4.00s/it, avg_loss=0.0030, num_batches=37/61, num_samples=37]
      Epoch 11 train:  55%|█████▌    | 11/20 [00:46<00:36,  4.00s/it, avg_loss=0.0029, num_batches=38/61, num_samples=38]
      Epoch 11 train:  55%|█████▌    | 11/20 [00:46<00:36,  4.00s/it, avg_loss=0.0035, num_batches=39/61, num_samples=39]
      Epoch 11 train:  55%|█████▌    | 11/20 [00:46<00:36,  4.00s/it, avg_loss=0.0034, num_batches=40/61, num_samples=40]
      Epoch 11 train:  55%|█████▌    | 11/20 [00:46<00:36,  4.00s/it, avg_loss=0.0034, num_batches=41/61, num_samples=41]
      Epoch 11 train:  55%|█████▌    | 11/20 [00:46<00:36,  4.00s/it, avg_loss=0.0033, num_batches=42/61, num_samples=42]
      Epoch 11 train:  55%|█████▌    | 11/20 [00:46<00:36,  4.00s/it, avg_loss=0.0033, num_batches=43/61, num_samples=43]
      Epoch 11 train:  55%|█████▌    | 11/20 [00:46<00:36,  4.00s/it, avg_loss=0.0035, num_batches=44/61, num_samples=44]
      Epoch 11 train:  55%|█████▌    | 11/20 [00:46<00:36,  4.00s/it, avg_loss=0.0037, num_batches=45/61, num_samples=45]
      Epoch 11 train:  55%|█████▌    | 11/20 [00:46<00:36,  4.00s/it, avg_loss=0.0041, num_batches=46/61, num_samples=46]
      Epoch 11 train:  55%|█████▌    | 11/20 [00:46<00:36,  4.00s/it, avg_loss=0.0040, num_batches=47/61, num_samples=47]
      Epoch 11 train:  55%|█████▌    | 11/20 [00:46<00:36,  4.00s/it, avg_loss=0.0039, num_batches=48/61, num_samples=48]
      Epoch 11 train:  55%|█████▌    | 11/20 [00:46<00:36,  4.00s/it, avg_loss=0.0039, num_batches=49/61, num_samples=49]
      Epoch 11 train:  55%|█████▌    | 11/20 [00:46<00:36,  4.00s/it, avg_loss=0.0038, num_batches=50/61, num_samples=50]
      Epoch 11 train:  55%|█████▌    | 11/20 [00:46<00:36,  4.00s/it, avg_loss=0.0038, num_batches=51/61, num_samples=51]
      Epoch 11 train:  55%|█████▌    | 11/20 [00:46<00:36,  4.00s/it, avg_loss=0.0037, num_batches=52/61, num_samples=52]
      Epoch 11 train:  55%|█████▌    | 11/20 [00:46<00:36,  4.00s/it, avg_loss=0.0037, num_batches=53/61, num_samples=53]
      Epoch 11 train:  55%|█████▌    | 11/20 [00:46<00:36,  4.00s/it, avg_loss=0.0036, num_batches=54/61, num_samples=54]
      Epoch 11 train:  55%|█████▌    | 11/20 [00:47<00:36,  4.00s/it, avg_loss=0.0036, num_batches=55/61, num_samples=55]
      Epoch 11 train:  55%|█████▌    | 11/20 [00:47<00:36,  4.00s/it, avg_loss=0.0035, num_batches=56/61, num_samples=56]
      Epoch 11 train:  55%|█████▌    | 11/20 [00:47<00:36,  4.00s/it, avg_loss=0.0035, num_batches=57/61, num_samples=57]
      Epoch 11 train:  55%|█████▌    | 11/20 [00:47<00:36,  4.00s/it, avg_loss=0.0035, num_batches=58/61, num_samples=58]
      Epoch 11 train:  55%|█████▌    | 11/20 [00:47<00:36,  4.00s/it, avg_loss=0.0036, num_batches=59/61, num_samples=59]
      Epoch 11 train:  55%|█████▌    | 11/20 [00:47<00:36,  4.00s/it, avg_loss=0.0035, num_batches=60/61, num_samples=60]
      Epoch 11 train:  55%|█████▌    | 11/20 [00:47<00:36,  4.00s/it, avg_loss=0.0035, num_batches=61/61, num_samples=61]
      Epoch 11 val:  55%|█████▌    | 11/20 [00:47<00:36,  4.00s/it, avg_loss=0.0035, num_batches=61/61, num_samples=61]  
      Epoch 11 val:  55%|█████▌    | 11/20 [00:47<00:36,  4.00s/it, avg_loss=0.4176, num_batches=1/15, num_samples=1]  
      Epoch 11 val:  55%|█████▌    | 11/20 [00:47<00:36,  4.00s/it, avg_loss=2.5777, num_batches=2/15, num_samples=2]
      Epoch 11 val:  55%|█████▌    | 11/20 [00:47<00:36,  4.00s/it, avg_loss=1.7905, num_batches=3/15, num_samples=3]
      Epoch 11 val:  55%|█████▌    | 11/20 [00:47<00:36,  4.00s/it, avg_loss=3.0689, num_batches=4/15, num_samples=4]
      Epoch 11 val:  55%|█████▌    | 11/20 [00:47<00:36,  4.00s/it, avg_loss=2.4590, num_batches=5/15, num_samples=5]
      Epoch 11 val:  55%|█████▌    | 11/20 [00:47<00:36,  4.00s/it, avg_loss=2.0567, num_batches=6/15, num_samples=6]
      Epoch 11 val:  55%|█████▌    | 11/20 [00:47<00:36,  4.00s/it, avg_loss=1.7629, num_batches=7/15, num_samples=7]
      Epoch 11 val:  55%|█████▌    | 11/20 [00:47<00:36,  4.00s/it, avg_loss=1.9343, num_batches=8/15, num_samples=8]
      Epoch 11 val:  55%|█████▌    | 11/20 [00:47<00:36,  4.00s/it, avg_loss=1.7290, num_batches=9/15, num_samples=9]
      Epoch 11 val:  55%|█████▌    | 11/20 [00:47<00:36,  4.00s/it, avg_loss=1.5969, num_batches=10/15, num_samples=10]
      Epoch 11 val:  55%|█████▌    | 11/20 [00:47<00:36,  4.00s/it, avg_loss=1.4667, num_batches=11/15, num_samples=11]
      Epoch 11 val:  55%|█████▌    | 11/20 [00:47<00:36,  4.00s/it, avg_loss=1.5148, num_batches=12/15, num_samples=12]
      Epoch 11 val:  55%|█████▌    | 11/20 [00:47<00:36,  4.00s/it, avg_loss=1.7537, num_batches=13/15, num_samples=13]
      Epoch 11 val:  55%|█████▌    | 11/20 [00:47<00:36,  4.00s/it, avg_loss=1.7796, num_batches=14/15, num_samples=14]
      Epoch 11 val:  55%|█████▌    | 11/20 [00:47<00:36,  4.00s/it, avg_loss=1.6780, num_batches=15/15, num_samples=15]
      Epoch 11 val:  60%|██████    | 12/20 [00:48<00:31,  3.99s/it, avg_loss=1.6780, num_batches=15/15, num_samples=15]
      Epoch 12 train:  60%|██████    | 12/20 [00:48<00:31,  3.99s/it, avg_loss=1.6780, num_batches=15/15, num_samples=15]
      Epoch 12 train:  60%|██████    | 12/20 [00:48<00:31,  3.99s/it, avg_loss=0.0001, num_batches=1/61, num_samples=1]  
      Epoch 12 train:  60%|██████    | 12/20 [00:48<00:31,  3.99s/it, avg_loss=0.0007, num_batches=2/61, num_samples=2]
      Epoch 12 train:  60%|██████    | 12/20 [00:48<00:31,  3.99s/it, avg_loss=0.0010, num_batches=3/61, num_samples=3]
      Epoch 12 train:  60%|██████    | 12/20 [00:48<00:31,  3.99s/it, avg_loss=0.0008, num_batches=4/61, num_samples=4]
      Epoch 12 train:  60%|██████    | 12/20 [00:48<00:31,  3.99s/it, avg_loss=0.0027, num_batches=5/61, num_samples=5]
      Epoch 12 train:  60%|██████    | 12/20 [00:48<00:31,  3.99s/it, avg_loss=0.0024, num_batches=6/61, num_samples=6]
      Epoch 12 train:  60%|██████    | 12/20 [00:48<00:31,  3.99s/it, avg_loss=0.0022, num_batches=7/61, num_samples=7]
      Epoch 12 train:  60%|██████    | 12/20 [00:48<00:31,  3.99s/it, avg_loss=0.0020, num_batches=8/61, num_samples=8]
      Epoch 12 train:  60%|██████    | 12/20 [00:48<00:31,  3.99s/it, avg_loss=0.0036, num_batches=9/61, num_samples=9]
      Epoch 12 train:  60%|██████    | 12/20 [00:48<00:31,  3.99s/it, avg_loss=0.0036, num_batches=10/61, num_samples=10]
      Epoch 12 train:  60%|██████    | 12/20 [00:48<00:31,  3.99s/it, avg_loss=0.0035, num_batches=11/61, num_samples=11]
      Epoch 12 train:  60%|██████    | 12/20 [00:48<00:31,  3.99s/it, avg_loss=0.0033, num_batches=12/61, num_samples=12]
      Epoch 12 train:  60%|██████    | 12/20 [00:48<00:31,  3.99s/it, avg_loss=0.0036, num_batches=13/61, num_samples=13]
      Epoch 12 train:  60%|██████    | 12/20 [00:48<00:31,  3.99s/it, avg_loss=0.0034, num_batches=14/61, num_samples=14]
      Epoch 12 train:  60%|██████    | 12/20 [00:48<00:31,  3.99s/it, avg_loss=0.0032, num_batches=15/61, num_samples=15]
      Epoch 12 train:  60%|██████    | 12/20 [00:49<00:31,  3.99s/it, avg_loss=0.0031, num_batches=16/61, num_samples=16]
      Epoch 12 train:  60%|██████    | 12/20 [00:49<00:31,  3.99s/it, avg_loss=0.0029, num_batches=17/61, num_samples=17]
      Epoch 12 train:  60%|██████    | 12/20 [00:49<00:31,  3.99s/it, avg_loss=0.0028, num_batches=18/61, num_samples=18]
      Epoch 12 train:  60%|██████    | 12/20 [00:49<00:31,  3.99s/it, avg_loss=0.0029, num_batches=19/61, num_samples=19]
      Epoch 12 train:  60%|██████    | 12/20 [00:49<00:31,  3.99s/it, avg_loss=0.0028, num_batches=20/61, num_samples=20]
      Epoch 12 train:  60%|██████    | 12/20 [00:49<00:31,  3.99s/it, avg_loss=0.0029, num_batches=21/61, num_samples=21]
      Epoch 12 train:  60%|██████    | 12/20 [00:49<00:31,  3.99s/it, avg_loss=0.0028, num_batches=22/61, num_samples=22]
      Epoch 12 train:  60%|██████    | 12/20 [00:49<00:31,  3.99s/it, avg_loss=0.0029, num_batches=23/61, num_samples=23]
      Epoch 12 train:  60%|██████    | 12/20 [00:49<00:31,  3.99s/it, avg_loss=0.0028, num_batches=24/61, num_samples=24]
      Epoch 12 train:  60%|██████    | 12/20 [00:49<00:31,  3.99s/it, avg_loss=0.0027, num_batches=25/61, num_samples=25]
      Epoch 12 train:  60%|██████    | 12/20 [00:49<00:31,  3.99s/it, avg_loss=0.0026, num_batches=26/61, num_samples=26]
      Epoch 12 train:  60%|██████    | 12/20 [00:49<00:31,  3.99s/it, avg_loss=0.0027, num_batches=27/61, num_samples=27]
      Epoch 12 train:  60%|██████    | 12/20 [00:49<00:31,  3.99s/it, avg_loss=0.0026, num_batches=28/61, num_samples=28]
      Epoch 12 train:  60%|██████    | 12/20 [00:49<00:31,  3.99s/it, avg_loss=0.0025, num_batches=29/61, num_samples=29]
      Epoch 12 train:  60%|██████    | 12/20 [00:49<00:31,  3.99s/it, avg_loss=0.0025, num_batches=30/61, num_samples=30]
      Epoch 12 train:  60%|██████    | 12/20 [00:49<00:31,  3.99s/it, avg_loss=0.0024, num_batches=31/61, num_samples=31]
      Epoch 12 train:  60%|██████    | 12/20 [00:49<00:31,  3.99s/it, avg_loss=0.0023, num_batches=32/61, num_samples=32]
      Epoch 12 train:  60%|██████    | 12/20 [00:49<00:31,  3.99s/it, avg_loss=0.0023, num_batches=33/61, num_samples=33]
      Epoch 12 train:  60%|██████    | 12/20 [00:49<00:31,  3.99s/it, avg_loss=0.0026, num_batches=34/61, num_samples=34]
      Epoch 12 train:  60%|██████    | 12/20 [00:50<00:31,  3.99s/it, avg_loss=0.0031, num_batches=35/61, num_samples=35]
      Epoch 12 train:  60%|██████    | 12/20 [00:50<00:31,  3.99s/it, avg_loss=0.0030, num_batches=36/61, num_samples=36]
      Epoch 12 train:  60%|██████    | 12/20 [00:50<00:31,  3.99s/it, avg_loss=0.0029, num_batches=37/61, num_samples=37]
      Epoch 12 train:  60%|██████    | 12/20 [00:50<00:31,  3.99s/it, avg_loss=0.0029, num_batches=38/61, num_samples=38]
      Epoch 12 train:  60%|██████    | 12/20 [00:50<00:31,  3.99s/it, avg_loss=0.0028, num_batches=39/61, num_samples=39]
      Epoch 12 train:  60%|██████    | 12/20 [00:50<00:31,  3.99s/it, avg_loss=0.0029, num_batches=40/61, num_samples=40]
      Epoch 12 train:  60%|██████    | 12/20 [00:50<00:31,  3.99s/it, avg_loss=0.0028, num_batches=41/61, num_samples=41]
      Epoch 12 train:  60%|██████    | 12/20 [00:50<00:31,  3.99s/it, avg_loss=0.0028, num_batches=42/61, num_samples=42]
      Epoch 12 train:  60%|██████    | 12/20 [00:50<00:31,  3.99s/it, avg_loss=0.0027, num_batches=43/61, num_samples=43]
      Epoch 12 train:  60%|██████    | 12/20 [00:50<00:31,  3.99s/it, avg_loss=0.0026, num_batches=44/61, num_samples=44]
      Epoch 12 train:  60%|██████    | 12/20 [00:50<00:31,  3.99s/it, avg_loss=0.0026, num_batches=45/61, num_samples=45]
      Epoch 12 train:  60%|██████    | 12/20 [00:50<00:31,  3.99s/it, avg_loss=0.0027, num_batches=46/61, num_samples=46]
      Epoch 12 train:  60%|██████    | 12/20 [00:50<00:31,  3.99s/it, avg_loss=0.0027, num_batches=47/61, num_samples=47]
      Epoch 12 train:  60%|██████    | 12/20 [00:50<00:31,  3.99s/it, avg_loss=0.0027, num_batches=48/61, num_samples=48]
      Epoch 12 train:  60%|██████    | 12/20 [00:50<00:31,  3.99s/it, avg_loss=0.0026, num_batches=49/61, num_samples=49]
      Epoch 12 train:  60%|██████    | 12/20 [00:50<00:31,  3.99s/it, avg_loss=0.0026, num_batches=50/61, num_samples=50]
      Epoch 12 train:  60%|██████    | 12/20 [00:50<00:31,  3.99s/it, avg_loss=0.0025, num_batches=51/61, num_samples=51]
      Epoch 12 train:  60%|██████    | 12/20 [00:50<00:31,  3.99s/it, avg_loss=0.0025, num_batches=52/61, num_samples=52]
      Epoch 12 train:  60%|██████    | 12/20 [00:50<00:31,  3.99s/it, avg_loss=0.0025, num_batches=53/61, num_samples=53]
      Epoch 12 train:  60%|██████    | 12/20 [00:50<00:31,  3.99s/it, avg_loss=0.0025, num_batches=54/61, num_samples=54]
      Epoch 12 train:  60%|██████    | 12/20 [00:50<00:31,  3.99s/it, avg_loss=0.0025, num_batches=55/61, num_samples=55]
      Epoch 12 train:  60%|██████    | 12/20 [00:51<00:31,  3.99s/it, avg_loss=0.0024, num_batches=56/61, num_samples=56]
      Epoch 12 train:  60%|██████    | 12/20 [00:51<00:31,  3.99s/it, avg_loss=0.0024, num_batches=57/61, num_samples=57]
      Epoch 12 train:  60%|██████    | 12/20 [00:51<00:31,  3.99s/it, avg_loss=0.0024, num_batches=58/61, num_samples=58]
      Epoch 12 train:  60%|██████    | 12/20 [00:51<00:31,  3.99s/it, avg_loss=0.0023, num_batches=59/61, num_samples=59]
      Epoch 12 train:  60%|██████    | 12/20 [00:51<00:31,  3.99s/it, avg_loss=0.0023, num_batches=60/61, num_samples=60]
      Epoch 12 train:  60%|██████    | 12/20 [00:51<00:31,  3.99s/it, avg_loss=0.0023, num_batches=61/61, num_samples=61]
      Epoch 12 val:  60%|██████    | 12/20 [00:51<00:31,  3.99s/it, avg_loss=0.0023, num_batches=61/61, num_samples=61]  
      Epoch 12 val:  60%|██████    | 12/20 [00:51<00:31,  3.99s/it, avg_loss=0.0003, num_batches=1/15, num_samples=1]  
      Epoch 12 val:  60%|██████    | 12/20 [00:51<00:31,  3.99s/it, avg_loss=0.0325, num_batches=2/15, num_samples=2]
      Epoch 12 val:  60%|██████    | 12/20 [00:51<00:31,  3.99s/it, avg_loss=0.7067, num_batches=3/15, num_samples=3]
      Epoch 12 val:  60%|██████    | 12/20 [00:51<00:31,  3.99s/it, avg_loss=0.6252, num_batches=4/15, num_samples=4]
      Epoch 12 val:  60%|██████    | 12/20 [00:51<00:31,  3.99s/it, avg_loss=0.5035, num_batches=5/15, num_samples=5]
      Epoch 12 val:  60%|██████    | 12/20 [00:51<00:31,  3.99s/it, avg_loss=1.5972, num_batches=6/15, num_samples=6]
      Epoch 12 val:  60%|██████    | 12/20 [00:51<00:31,  3.99s/it, avg_loss=1.6842, num_batches=7/15, num_samples=7]
      Epoch 12 val:  60%|██████    | 12/20 [00:51<00:31,  3.99s/it, avg_loss=2.1142, num_batches=8/15, num_samples=8]
      Epoch 12 val:  60%|██████    | 12/20 [00:51<00:31,  3.99s/it, avg_loss=1.9244, num_batches=9/15, num_samples=9]
      Epoch 12 val:  60%|██████    | 12/20 [00:51<00:31,  3.99s/it, avg_loss=2.0623, num_batches=10/15, num_samples=10]
      Epoch 12 val:  60%|██████    | 12/20 [00:51<00:31,  3.99s/it, avg_loss=2.3196, num_batches=11/15, num_samples=11]
      Epoch 12 val:  60%|██████    | 12/20 [00:51<00:31,  3.99s/it, avg_loss=2.1438, num_batches=12/15, num_samples=12]
      Epoch 12 val:  60%|██████    | 12/20 [00:51<00:31,  3.99s/it, avg_loss=1.9977, num_batches=13/15, num_samples=13]
      Epoch 12 val:  60%|██████    | 12/20 [00:51<00:31,  3.99s/it, avg_loss=1.8655, num_batches=14/15, num_samples=14]
      Epoch 12 val:  60%|██████    | 12/20 [00:51<00:31,  3.99s/it, avg_loss=1.7438, num_batches=15/15, num_samples=15]
      Epoch 12 val:  65%|██████▌   | 13/20 [00:52<00:27,  3.97s/it, avg_loss=1.7438, num_batches=15/15, num_samples=15]
      Epoch 13 train:  65%|██████▌   | 13/20 [00:52<00:27,  3.97s/it, avg_loss=1.7438, num_batches=15/15, num_samples=15]
      Epoch 13 train:  65%|██████▌   | 13/20 [00:52<00:27,  3.97s/it, avg_loss=0.0066, num_batches=1/61, num_samples=1]  
      Epoch 13 train:  65%|██████▌   | 13/20 [00:52<00:27,  3.97s/it, avg_loss=0.0058, num_batches=2/61, num_samples=2]
      Epoch 13 train:  65%|██████▌   | 13/20 [00:52<00:27,  3.97s/it, avg_loss=0.0039, num_batches=3/61, num_samples=3]
      Epoch 13 train:  65%|██████▌   | 13/20 [00:52<00:27,  3.97s/it, avg_loss=0.0030, num_batches=4/61, num_samples=4]
      Epoch 13 train:  65%|██████▌   | 13/20 [00:52<00:27,  3.97s/it, avg_loss=0.0024, num_batches=5/61, num_samples=5]
      Epoch 13 train:  65%|██████▌   | 13/20 [00:52<00:27,  3.97s/it, avg_loss=0.0021, num_batches=6/61, num_samples=6]
      Epoch 13 train:  65%|██████▌   | 13/20 [00:52<00:27,  3.97s/it, avg_loss=0.0022, num_batches=7/61, num_samples=7]
      Epoch 13 train:  65%|██████▌   | 13/20 [00:52<00:27,  3.97s/it, avg_loss=0.0026, num_batches=8/61, num_samples=8]
      Epoch 13 train:  65%|██████▌   | 13/20 [00:52<00:27,  3.97s/it, avg_loss=0.0025, num_batches=9/61, num_samples=9]
      Epoch 13 train:  65%|██████▌   | 13/20 [00:52<00:27,  3.97s/it, avg_loss=0.0032, num_batches=10/61, num_samples=10]
      Epoch 13 train:  65%|██████▌   | 13/20 [00:52<00:27,  3.97s/it, avg_loss=0.0032, num_batches=11/61, num_samples=11]
      Epoch 13 train:  65%|██████▌   | 13/20 [00:52<00:27,  3.97s/it, avg_loss=0.0029, num_batches=12/61, num_samples=12]
      Epoch 13 train:  65%|██████▌   | 13/20 [00:52<00:27,  3.97s/it, avg_loss=0.0032, num_batches=13/61, num_samples=13]
      Epoch 13 train:  65%|██████▌   | 13/20 [00:52<00:27,  3.97s/it, avg_loss=0.0030, num_batches=14/61, num_samples=14]
      Epoch 13 train:  65%|██████▌   | 13/20 [00:52<00:27,  3.97s/it, avg_loss=0.0028, num_batches=15/61, num_samples=15]
      Epoch 13 train:  65%|██████▌   | 13/20 [00:52<00:27,  3.97s/it, avg_loss=0.0028, num_batches=16/61, num_samples=16]
      Epoch 13 train:  65%|██████▌   | 13/20 [00:53<00:27,  3.97s/it, avg_loss=0.0026, num_batches=17/61, num_samples=17]
      Epoch 13 train:  65%|██████▌   | 13/20 [00:53<00:27,  3.97s/it, avg_loss=0.0025, num_batches=18/61, num_samples=18]
      Epoch 13 train:  65%|██████▌   | 13/20 [00:53<00:27,  3.97s/it, avg_loss=0.0024, num_batches=19/61, num_samples=19]
      Epoch 13 train:  65%|██████▌   | 13/20 [00:53<00:27,  3.97s/it, avg_loss=0.0023, num_batches=20/61, num_samples=20]
      Epoch 13 train:  65%|██████▌   | 13/20 [00:53<00:27,  3.97s/it, avg_loss=0.0022, num_batches=21/61, num_samples=21]
      Epoch 13 train:  65%|██████▌   | 13/20 [00:53<00:27,  3.97s/it, avg_loss=0.0022, num_batches=22/61, num_samples=22]
      Epoch 13 train:  65%|██████▌   | 13/20 [00:53<00:27,  3.97s/it, avg_loss=0.0022, num_batches=23/61, num_samples=23]
      Epoch 13 train:  65%|██████▌   | 13/20 [00:53<00:27,  3.97s/it, avg_loss=0.0021, num_batches=24/61, num_samples=24]
      Epoch 13 train:  65%|██████▌   | 13/20 [00:53<00:27,  3.97s/it, avg_loss=0.0020, num_batches=25/61, num_samples=25]
      Epoch 13 train:  65%|██████▌   | 13/20 [00:53<00:27,  3.97s/it, avg_loss=0.0020, num_batches=26/61, num_samples=26]
      Epoch 13 train:  65%|██████▌   | 13/20 [00:53<00:27,  3.97s/it, avg_loss=0.0020, num_batches=27/61, num_samples=27]
      Epoch 13 train:  65%|██████▌   | 13/20 [00:53<00:27,  3.97s/it, avg_loss=0.0020, num_batches=28/61, num_samples=28]
      Epoch 13 train:  65%|██████▌   | 13/20 [00:53<00:27,  3.97s/it, avg_loss=0.0020, num_batches=29/61, num_samples=29]
      Epoch 13 train:  65%|██████▌   | 13/20 [00:53<00:27,  3.97s/it, avg_loss=0.0020, num_batches=30/61, num_samples=30]
      Epoch 13 train:  65%|██████▌   | 13/20 [00:53<00:27,  3.97s/it, avg_loss=0.0019, num_batches=31/61, num_samples=31]
      Epoch 13 train:  65%|██████▌   | 13/20 [00:53<00:27,  3.97s/it, avg_loss=0.0019, num_batches=32/61, num_samples=32]
      Epoch 13 train:  65%|██████▌   | 13/20 [00:53<00:27,  3.97s/it, avg_loss=0.0018, num_batches=33/61, num_samples=33]
      Epoch 13 train:  65%|██████▌   | 13/20 [00:53<00:27,  3.97s/it, avg_loss=0.0018, num_batches=34/61, num_samples=34]
      Epoch 13 train:  65%|██████▌   | 13/20 [00:53<00:27,  3.97s/it, avg_loss=0.0017, num_batches=35/61, num_samples=35]
      Epoch 13 train:  65%|██████▌   | 13/20 [00:54<00:27,  3.97s/it, avg_loss=0.0017, num_batches=36/61, num_samples=36]
      Epoch 13 train:  65%|██████▌   | 13/20 [00:54<00:27,  3.97s/it, avg_loss=0.0017, num_batches=37/61, num_samples=37]
      Epoch 13 train:  65%|██████▌   | 13/20 [00:54<00:27,  3.97s/it, avg_loss=0.0019, num_batches=38/61, num_samples=38]
      Epoch 13 train:  65%|██████▌   | 13/20 [00:54<00:27,  3.97s/it, avg_loss=0.0019, num_batches=39/61, num_samples=39]
      Epoch 13 train:  65%|██████▌   | 13/20 [00:54<00:27,  3.97s/it, avg_loss=0.0019, num_batches=40/61, num_samples=40]
      Epoch 13 train:  65%|██████▌   | 13/20 [00:54<00:27,  3.97s/it, avg_loss=0.0018, num_batches=41/61, num_samples=41]
      Epoch 13 train:  65%|██████▌   | 13/20 [00:54<00:27,  3.97s/it, avg_loss=0.0018, num_batches=42/61, num_samples=42]
      Epoch 13 train:  65%|██████▌   | 13/20 [00:54<00:27,  3.97s/it, avg_loss=0.0018, num_batches=43/61, num_samples=43]
      Epoch 13 train:  65%|██████▌   | 13/20 [00:54<00:27,  3.97s/it, avg_loss=0.0018, num_batches=44/61, num_samples=44]
      Epoch 13 train:  65%|██████▌   | 13/20 [00:54<00:27,  3.97s/it, avg_loss=0.0017, num_batches=45/61, num_samples=45]
      Epoch 13 train:  65%|██████▌   | 13/20 [00:54<00:27,  3.97s/it, avg_loss=0.0017, num_batches=46/61, num_samples=46]
      Epoch 13 train:  65%|██████▌   | 13/20 [00:54<00:27,  3.97s/it, avg_loss=0.0017, num_batches=47/61, num_samples=47]
      Epoch 13 train:  65%|██████▌   | 13/20 [00:54<00:27,  3.97s/it, avg_loss=0.0017, num_batches=48/61, num_samples=48]
      Epoch 13 train:  65%|██████▌   | 13/20 [00:54<00:27,  3.97s/it, avg_loss=0.0016, num_batches=49/61, num_samples=49]
      Epoch 13 train:  65%|██████▌   | 13/20 [00:54<00:27,  3.97s/it, avg_loss=0.0016, num_batches=50/61, num_samples=50]
      Epoch 13 train:  65%|██████▌   | 13/20 [00:54<00:27,  3.97s/it, avg_loss=0.0017, num_batches=51/61, num_samples=51]
      Epoch 13 train:  65%|██████▌   | 13/20 [00:54<00:27,  3.97s/it, avg_loss=0.0017, num_batches=52/61, num_samples=52]
      Epoch 13 train:  65%|██████▌   | 13/20 [00:54<00:27,  3.97s/it, avg_loss=0.0016, num_batches=53/61, num_samples=53]
      Epoch 13 train:  65%|██████▌   | 13/20 [00:54<00:27,  3.97s/it, avg_loss=0.0016, num_batches=54/61, num_samples=54]
      Epoch 13 train:  65%|██████▌   | 13/20 [00:54<00:27,  3.97s/it, avg_loss=0.0016, num_batches=55/61, num_samples=55]
      Epoch 13 train:  65%|██████▌   | 13/20 [00:54<00:27,  3.97s/it, avg_loss=0.0016, num_batches=56/61, num_samples=56]
      Epoch 13 train:  65%|██████▌   | 13/20 [00:55<00:27,  3.97s/it, avg_loss=0.0018, num_batches=57/61, num_samples=57]
      Epoch 13 train:  65%|██████▌   | 13/20 [00:55<00:27,  3.97s/it, avg_loss=0.0018, num_batches=58/61, num_samples=58]
      Epoch 13 train:  65%|██████▌   | 13/20 [00:55<00:27,  3.97s/it, avg_loss=0.0018, num_batches=59/61, num_samples=59]
      Epoch 13 train:  65%|██████▌   | 13/20 [00:55<00:27,  3.97s/it, avg_loss=0.0017, num_batches=60/61, num_samples=60]
      Epoch 13 train:  65%|██████▌   | 13/20 [00:55<00:27,  3.97s/it, avg_loss=0.0017, num_batches=61/61, num_samples=61]
      Epoch 13 val:  65%|██████▌   | 13/20 [00:55<00:27,  3.97s/it, avg_loss=0.0017, num_batches=61/61, num_samples=61]  
      Epoch 13 val:  65%|██████▌   | 13/20 [00:55<00:27,  3.97s/it, avg_loss=5.4063, num_batches=1/15, num_samples=1]  
      Epoch 13 val:  65%|██████▌   | 13/20 [00:55<00:27,  3.97s/it, avg_loss=2.8874, num_batches=2/15, num_samples=2]
      Epoch 13 val:  65%|██████▌   | 13/20 [00:55<00:27,  3.97s/it, avg_loss=1.9373, num_batches=3/15, num_samples=3]
      Epoch 13 val:  65%|██████▌   | 13/20 [00:55<00:27,  3.97s/it, avg_loss=2.3094, num_batches=4/15, num_samples=4]
      Epoch 13 val:  65%|██████▌   | 13/20 [00:55<00:27,  3.97s/it, avg_loss=2.2966, num_batches=5/15, num_samples=5]
      Epoch 13 val:  65%|██████▌   | 13/20 [00:55<00:27,  3.97s/it, avg_loss=1.9374, num_batches=6/15, num_samples=6]
      Epoch 13 val:  65%|██████▌   | 13/20 [00:55<00:27,  3.97s/it, avg_loss=2.6862, num_batches=7/15, num_samples=7]
      Epoch 13 val:  65%|██████▌   | 13/20 [00:55<00:27,  3.97s/it, avg_loss=2.6086, num_batches=8/15, num_samples=8]
      Epoch 13 val:  65%|██████▌   | 13/20 [00:55<00:27,  3.97s/it, avg_loss=2.8721, num_batches=9/15, num_samples=9]
      Epoch 13 val:  65%|██████▌   | 13/20 [00:55<00:27,  3.97s/it, avg_loss=2.5902, num_batches=10/15, num_samples=10]
      Epoch 13 val:  65%|██████▌   | 13/20 [00:55<00:27,  3.97s/it, avg_loss=2.3728, num_batches=11/15, num_samples=11]
      Epoch 13 val:  65%|██████▌   | 13/20 [00:55<00:27,  3.97s/it, avg_loss=2.1764, num_batches=12/15, num_samples=12]
      Epoch 13 val:  65%|██████▌   | 13/20 [00:55<00:27,  3.97s/it, avg_loss=2.0389, num_batches=13/15, num_samples=13]
      Epoch 13 val:  65%|██████▌   | 13/20 [00:55<00:27,  3.97s/it, avg_loss=1.8933, num_batches=14/15, num_samples=14]
      Epoch 13 val:  65%|██████▌   | 13/20 [00:55<00:27,  3.97s/it, avg_loss=1.7825, num_batches=15/15, num_samples=15]
      Epoch 13 val:  70%|███████   | 14/20 [00:55<00:23,  3.96s/it, avg_loss=1.7825, num_batches=15/15, num_samples=15]
      Epoch 14 train:  70%|███████   | 14/20 [00:55<00:23,  3.96s/it, avg_loss=1.7825, num_batches=15/15, num_samples=15]
      Epoch 14 train:  70%|███████   | 14/20 [00:56<00:23,  3.96s/it, avg_loss=0.0005, num_batches=1/61, num_samples=1]  
      Epoch 14 train:  70%|███████   | 14/20 [00:56<00:23,  3.96s/it, avg_loss=0.0007, num_batches=2/61, num_samples=2]
      Epoch 14 train:  70%|███████   | 14/20 [00:56<00:23,  3.96s/it, avg_loss=0.0005, num_batches=3/61, num_samples=3]
      Epoch 14 train:  70%|███████   | 14/20 [00:56<00:23,  3.96s/it, avg_loss=0.0005, num_batches=4/61, num_samples=4]
      Epoch 14 train:  70%|███████   | 14/20 [00:56<00:23,  3.96s/it, avg_loss=0.0004, num_batches=5/61, num_samples=5]
      Epoch 14 train:  70%|███████   | 14/20 [00:56<00:23,  3.96s/it, avg_loss=0.0004, num_batches=6/61, num_samples=6]
      Epoch 14 train:  70%|███████   | 14/20 [00:56<00:23,  3.96s/it, avg_loss=0.0005, num_batches=7/61, num_samples=7]
      Epoch 14 train:  70%|███████   | 14/20 [00:56<00:23,  3.96s/it, avg_loss=0.0004, num_batches=8/61, num_samples=8]
      Epoch 14 train:  70%|███████   | 14/20 [00:56<00:23,  3.96s/it, avg_loss=0.0004, num_batches=9/61, num_samples=9]
      Epoch 14 train:  70%|███████   | 14/20 [00:56<00:23,  3.96s/it, avg_loss=0.0004, num_batches=10/61, num_samples=10]
      Epoch 14 train:  70%|███████   | 14/20 [00:56<00:23,  3.96s/it, avg_loss=0.0003, num_batches=11/61, num_samples=11]
      Epoch 14 train:  70%|███████   | 14/20 [00:56<00:23,  3.96s/it, avg_loss=0.0003, num_batches=12/61, num_samples=12]
      Epoch 14 train:  70%|███████   | 14/20 [00:56<00:23,  3.96s/it, avg_loss=0.0004, num_batches=13/61, num_samples=13]
      Epoch 14 train:  70%|███████   | 14/20 [00:56<00:23,  3.96s/it, avg_loss=0.0004, num_batches=14/61, num_samples=14]
      Epoch 14 train:  70%|███████   | 14/20 [00:56<00:23,  3.96s/it, avg_loss=0.0006, num_batches=15/61, num_samples=15]
      Epoch 14 train:  70%|███████   | 14/20 [00:56<00:23,  3.96s/it, avg_loss=0.0010, num_batches=16/61, num_samples=16]
      Epoch 14 train:  70%|███████   | 14/20 [00:57<00:23,  3.96s/it, avg_loss=0.0010, num_batches=17/61, num_samples=17]
      Epoch 14 train:  70%|███████   | 14/20 [00:57<00:23,  3.96s/it, avg_loss=0.0010, num_batches=18/61, num_samples=18]
      Epoch 14 train:  70%|███████   | 14/20 [00:57<00:23,  3.96s/it, avg_loss=0.0009, num_batches=19/61, num_samples=19]
      Epoch 14 train:  70%|███████   | 14/20 [00:57<00:23,  3.96s/it, avg_loss=0.0009, num_batches=20/61, num_samples=20]
      Epoch 14 train:  70%|███████   | 14/20 [00:57<00:23,  3.96s/it, avg_loss=0.0010, num_batches=21/61, num_samples=21]
      Epoch 14 train:  70%|███████   | 14/20 [00:57<00:23,  3.96s/it, avg_loss=0.0010, num_batches=22/61, num_samples=22]
      Epoch 14 train:  70%|███████   | 14/20 [00:57<00:23,  3.96s/it, avg_loss=0.0011, num_batches=23/61, num_samples=23]
      Epoch 14 train:  70%|███████   | 14/20 [00:57<00:23,  3.96s/it, avg_loss=0.0011, num_batches=24/61, num_samples=24]
      Epoch 14 train:  70%|███████   | 14/20 [00:57<00:23,  3.96s/it, avg_loss=0.0010, num_batches=25/61, num_samples=25]
      Epoch 14 train:  70%|███████   | 14/20 [00:57<00:23,  3.96s/it, avg_loss=0.0010, num_batches=26/61, num_samples=26]
      Epoch 14 train:  70%|███████   | 14/20 [00:57<00:23,  3.96s/it, avg_loss=0.0010, num_batches=27/61, num_samples=27]
      Epoch 14 train:  70%|███████   | 14/20 [00:57<00:23,  3.96s/it, avg_loss=0.0010, num_batches=28/61, num_samples=28]
      Epoch 14 train:  70%|███████   | 14/20 [00:57<00:23,  3.96s/it, avg_loss=0.0013, num_batches=29/61, num_samples=29]
      Epoch 14 train:  70%|███████   | 14/20 [00:57<00:23,  3.96s/it, avg_loss=0.0014, num_batches=30/61, num_samples=30]
      Epoch 14 train:  70%|███████   | 14/20 [00:57<00:23,  3.96s/it, avg_loss=0.0015, num_batches=31/61, num_samples=31]
      Epoch 14 train:  70%|███████   | 14/20 [00:57<00:23,  3.96s/it, avg_loss=0.0014, num_batches=32/61, num_samples=32]
      Epoch 14 train:  70%|███████   | 14/20 [00:57<00:23,  3.96s/it, avg_loss=0.0014, num_batches=33/61, num_samples=33]
      Epoch 14 train:  70%|███████   | 14/20 [00:57<00:23,  3.96s/it, avg_loss=0.0014, num_batches=34/61, num_samples=34]
      Epoch 14 train:  70%|███████   | 14/20 [00:57<00:23,  3.96s/it, avg_loss=0.0014, num_batches=35/61, num_samples=35]
      Epoch 14 train:  70%|███████   | 14/20 [00:57<00:23,  3.96s/it, avg_loss=0.0014, num_batches=36/61, num_samples=36]
      Epoch 14 train:  70%|███████   | 14/20 [00:57<00:23,  3.96s/it, avg_loss=0.0014, num_batches=37/61, num_samples=37]
      Epoch 14 train:  70%|███████   | 14/20 [00:57<00:23,  3.96s/it, avg_loss=0.0014, num_batches=38/61, num_samples=38]
      Epoch 14 train:  70%|███████   | 14/20 [00:58<00:23,  3.96s/it, avg_loss=0.0013, num_batches=39/61, num_samples=39]
      Epoch 14 train:  70%|███████   | 14/20 [00:58<00:23,  3.96s/it, avg_loss=0.0013, num_batches=40/61, num_samples=40]
      Epoch 14 train:  70%|███████   | 14/20 [00:58<00:23,  3.96s/it, avg_loss=0.0014, num_batches=41/61, num_samples=41]
      Epoch 14 train:  70%|███████   | 14/20 [00:58<00:23,  3.96s/it, avg_loss=0.0013, num_batches=42/61, num_samples=42]
      Epoch 14 train:  70%|███████   | 14/20 [00:58<00:23,  3.96s/it, avg_loss=0.0013, num_batches=43/61, num_samples=43]
      Epoch 14 train:  70%|███████   | 14/20 [00:58<00:23,  3.96s/it, avg_loss=0.0013, num_batches=44/61, num_samples=44]
      Epoch 14 train:  70%|███████   | 14/20 [00:58<00:23,  3.96s/it, avg_loss=0.0013, num_batches=45/61, num_samples=45]
      Epoch 14 train:  70%|███████   | 14/20 [00:58<00:23,  3.96s/it, avg_loss=0.0014, num_batches=46/61, num_samples=46]
      Epoch 14 train:  70%|███████   | 14/20 [00:58<00:23,  3.96s/it, avg_loss=0.0013, num_batches=47/61, num_samples=47]
      Epoch 14 train:  70%|███████   | 14/20 [00:58<00:23,  3.96s/it, avg_loss=0.0013, num_batches=48/61, num_samples=48]
      Epoch 14 train:  70%|███████   | 14/20 [00:58<00:23,  3.96s/it, avg_loss=0.0013, num_batches=49/61, num_samples=49]
      Epoch 14 train:  70%|███████   | 14/20 [00:58<00:23,  3.96s/it, avg_loss=0.0013, num_batches=50/61, num_samples=50]
      Epoch 14 train:  70%|███████   | 14/20 [00:58<00:23,  3.96s/it, avg_loss=0.0013, num_batches=51/61, num_samples=51]
      Epoch 14 train:  70%|███████   | 14/20 [00:58<00:23,  3.96s/it, avg_loss=0.0013, num_batches=52/61, num_samples=52]
      Epoch 14 train:  70%|███████   | 14/20 [00:58<00:23,  3.96s/it, avg_loss=0.0013, num_batches=53/61, num_samples=53]
      Epoch 14 train:  70%|███████   | 14/20 [00:58<00:23,  3.96s/it, avg_loss=0.0013, num_batches=54/61, num_samples=54]
      Epoch 14 train:  70%|███████   | 14/20 [00:58<00:23,  3.96s/it, avg_loss=0.0013, num_batches=55/61, num_samples=55]
      Epoch 14 train:  70%|███████   | 14/20 [00:58<00:23,  3.96s/it, avg_loss=0.0012, num_batches=56/61, num_samples=56]
      Epoch 14 train:  70%|███████   | 14/20 [00:58<00:23,  3.96s/it, avg_loss=0.0013, num_batches=57/61, num_samples=57]
      Epoch 14 train:  70%|███████   | 14/20 [00:59<00:23,  3.96s/it, avg_loss=0.0015, num_batches=58/61, num_samples=58]
      Epoch 14 train:  70%|███████   | 14/20 [00:59<00:23,  3.96s/it, avg_loss=0.0015, num_batches=59/61, num_samples=59]
      Epoch 14 train:  70%|███████   | 14/20 [00:59<00:23,  3.96s/it, avg_loss=0.0015, num_batches=60/61, num_samples=60]
      Epoch 14 train:  70%|███████   | 14/20 [00:59<00:23,  3.96s/it, avg_loss=0.0015, num_batches=61/61, num_samples=61]
      Epoch 14 val:  70%|███████   | 14/20 [00:59<00:23,  3.96s/it, avg_loss=0.0015, num_batches=61/61, num_samples=61]  
      Epoch 14 val:  70%|███████   | 14/20 [00:59<00:23,  3.96s/it, avg_loss=2.2409, num_batches=1/15, num_samples=1]  
      Epoch 14 val:  70%|███████   | 14/20 [00:59<00:23,  3.96s/it, avg_loss=1.3058, num_batches=2/15, num_samples=2]
      Epoch 14 val:  70%|███████   | 14/20 [00:59<00:23,  3.96s/it, avg_loss=1.5845, num_batches=3/15, num_samples=3]
      Epoch 14 val:  70%|███████   | 14/20 [00:59<00:23,  3.96s/it, avg_loss=1.1967, num_batches=4/15, num_samples=4]
      Epoch 14 val:  70%|███████   | 14/20 [00:59<00:23,  3.96s/it, avg_loss=1.0381, num_batches=5/15, num_samples=5]
      Epoch 14 val:  70%|███████   | 14/20 [00:59<00:23,  3.96s/it, avg_loss=1.7106, num_batches=6/15, num_samples=6]
      Epoch 14 val:  70%|███████   | 14/20 [00:59<00:23,  3.96s/it, avg_loss=2.2516, num_batches=7/15, num_samples=7]
      Epoch 14 val:  70%|███████   | 14/20 [00:59<00:23,  3.96s/it, avg_loss=1.9702, num_batches=8/15, num_samples=8]
      Epoch 14 val:  70%|███████   | 14/20 [00:59<00:23,  3.96s/it, avg_loss=1.7655, num_batches=9/15, num_samples=9]
      Epoch 14 val:  70%|███████   | 14/20 [00:59<00:23,  3.96s/it, avg_loss=1.9357, num_batches=10/15, num_samples=10]
      Epoch 14 val:  70%|███████   | 14/20 [00:59<00:23,  3.96s/it, avg_loss=1.7786, num_batches=11/15, num_samples=11]
      Epoch 14 val:  70%|███████   | 14/20 [00:59<00:23,  3.96s/it, avg_loss=1.6346, num_batches=12/15, num_samples=12]
      Epoch 14 val:  70%|███████   | 14/20 [00:59<00:23,  3.96s/it, avg_loss=1.5100, num_batches=13/15, num_samples=13]
      Epoch 14 val:  70%|███████   | 14/20 [00:59<00:23,  3.96s/it, avg_loss=1.9219, num_batches=14/15, num_samples=14]
      Epoch 14 val:  70%|███████   | 14/20 [00:59<00:23,  3.96s/it, avg_loss=1.8098, num_batches=15/15, num_samples=15]
      Epoch 14 val:  75%|███████▌  | 15/20 [00:59<00:19,  3.97s/it, avg_loss=1.8098, num_batches=15/15, num_samples=15]
      Epoch 15 train:  75%|███████▌  | 15/20 [00:59<00:19,  3.97s/it, avg_loss=1.8098, num_batches=15/15, num_samples=15]
      Epoch 15 train:  75%|███████▌  | 15/20 [01:00<00:19,  3.97s/it, avg_loss=0.0020, num_batches=1/61, num_samples=1]  
      Epoch 15 train:  75%|███████▌  | 15/20 [01:00<00:19,  3.97s/it, avg_loss=0.0010, num_batches=2/61, num_samples=2]
      Epoch 15 train:  75%|███████▌  | 15/20 [01:00<00:19,  3.97s/it, avg_loss=0.0011, num_batches=3/61, num_samples=3]
      Epoch 15 train:  75%|███████▌  | 15/20 [01:00<00:19,  3.97s/it, avg_loss=0.0020, num_batches=4/61, num_samples=4]
      Epoch 15 train:  75%|███████▌  | 15/20 [01:00<00:19,  3.97s/it, avg_loss=0.0017, num_batches=5/61, num_samples=5]
      Epoch 15 train:  75%|███████▌  | 15/20 [01:00<00:19,  3.97s/it, avg_loss=0.0018, num_batches=6/61, num_samples=6]
      Epoch 15 train:  75%|███████▌  | 15/20 [01:00<00:19,  3.97s/it, avg_loss=0.0021, num_batches=7/61, num_samples=7]
      Epoch 15 train:  75%|███████▌  | 15/20 [01:00<00:19,  3.97s/it, avg_loss=0.0019, num_batches=8/61, num_samples=8]
      Epoch 15 train:  75%|███████▌  | 15/20 [01:00<00:19,  3.97s/it, avg_loss=0.0017, num_batches=9/61, num_samples=9]
      Epoch 15 train:  75%|███████▌  | 15/20 [01:00<00:19,  3.97s/it, avg_loss=0.0016, num_batches=10/61, num_samples=10]
      Epoch 15 train:  75%|███████▌  | 15/20 [01:00<00:19,  3.97s/it, avg_loss=0.0014, num_batches=11/61, num_samples=11]
      Epoch 15 train:  75%|███████▌  | 15/20 [01:00<00:19,  3.97s/it, avg_loss=0.0014, num_batches=12/61, num_samples=12]
      Epoch 15 train:  75%|███████▌  | 15/20 [01:00<00:19,  3.97s/it, avg_loss=0.0013, num_batches=13/61, num_samples=13]
      Epoch 15 train:  75%|███████▌  | 15/20 [01:00<00:19,  3.97s/it, avg_loss=0.0013, num_batches=14/61, num_samples=14]
      Epoch 15 train:  75%|███████▌  | 15/20 [01:00<00:19,  3.97s/it, avg_loss=0.0012, num_batches=15/61, num_samples=15]
      Epoch 15 train:  75%|███████▌  | 15/20 [01:00<00:19,  3.97s/it, avg_loss=0.0012, num_batches=16/61, num_samples=16]
      Epoch 15 train:  75%|███████▌  | 15/20 [01:00<00:19,  3.97s/it, avg_loss=0.0011, num_batches=17/61, num_samples=17]
      Epoch 15 train:  75%|███████▌  | 15/20 [01:00<00:19,  3.97s/it, avg_loss=0.0011, num_batches=18/61, num_samples=18]
      Epoch 15 train:  75%|███████▌  | 15/20 [01:01<00:19,  3.97s/it, avg_loss=0.0010, num_batches=19/61, num_samples=19]
      Epoch 15 train:  75%|███████▌  | 15/20 [01:01<00:19,  3.97s/it, avg_loss=0.0010, num_batches=20/61, num_samples=20]
      Epoch 15 train:  75%|███████▌  | 15/20 [01:01<00:19,  3.97s/it, avg_loss=0.0010, num_batches=21/61, num_samples=21]
      Epoch 15 train:  75%|███████▌  | 15/20 [01:01<00:19,  3.97s/it, avg_loss=0.0009, num_batches=22/61, num_samples=22]
      Epoch 15 train:  75%|███████▌  | 15/20 [01:01<00:19,  3.97s/it, avg_loss=0.0009, num_batches=23/61, num_samples=23]
      Epoch 15 train:  75%|███████▌  | 15/20 [01:01<00:19,  3.97s/it, avg_loss=0.0009, num_batches=24/61, num_samples=24]
      Epoch 15 train:  75%|███████▌  | 15/20 [01:01<00:19,  3.97s/it, avg_loss=0.0009, num_batches=25/61, num_samples=25]
      Epoch 15 train:  75%|███████▌  | 15/20 [01:01<00:19,  3.97s/it, avg_loss=0.0009, num_batches=26/61, num_samples=26]
      Epoch 15 train:  75%|███████▌  | 15/20 [01:01<00:19,  3.97s/it, avg_loss=0.0009, num_batches=27/61, num_samples=27]
      Epoch 15 train:  75%|███████▌  | 15/20 [01:01<00:19,  3.97s/it, avg_loss=0.0009, num_batches=28/61, num_samples=28]
      Epoch 15 train:  75%|███████▌  | 15/20 [01:01<00:19,  3.97s/it, avg_loss=0.0008, num_batches=29/61, num_samples=29]
      Epoch 15 train:  75%|███████▌  | 15/20 [01:01<00:19,  3.97s/it, avg_loss=0.0009, num_batches=30/61, num_samples=30]
      Epoch 15 train:  75%|███████▌  | 15/20 [01:01<00:19,  3.97s/it, avg_loss=0.0011, num_batches=31/61, num_samples=31]
      Epoch 15 train:  75%|███████▌  | 15/20 [01:01<00:19,  3.97s/it, avg_loss=0.0010, num_batches=32/61, num_samples=32]
      Epoch 15 train:  75%|███████▌  | 15/20 [01:01<00:19,  3.97s/it, avg_loss=0.0010, num_batches=33/61, num_samples=33]
      Epoch 15 train:  75%|███████▌  | 15/20 [01:01<00:19,  3.97s/it, avg_loss=0.0011, num_batches=34/61, num_samples=34]
      Epoch 15 train:  75%|███████▌  | 15/20 [01:01<00:19,  3.97s/it, avg_loss=0.0010, num_batches=35/61, num_samples=35]
      Epoch 15 train:  75%|███████▌  | 15/20 [01:01<00:19,  3.97s/it, avg_loss=0.0010, num_batches=36/61, num_samples=36]
      Epoch 15 train:  75%|███████▌  | 15/20 [01:01<00:19,  3.97s/it, avg_loss=0.0010, num_batches=37/61, num_samples=37]
      Epoch 15 train:  75%|███████▌  | 15/20 [01:01<00:19,  3.97s/it, avg_loss=0.0010, num_batches=38/61, num_samples=38]
      Epoch 15 train:  75%|███████▌  | 15/20 [01:02<00:19,  3.97s/it, avg_loss=0.0010, num_batches=39/61, num_samples=39]
      Epoch 15 train:  75%|███████▌  | 15/20 [01:02<00:19,  3.97s/it, avg_loss=0.0010, num_batches=40/61, num_samples=40]
      Epoch 15 train:  75%|███████▌  | 15/20 [01:02<00:19,  3.97s/it, avg_loss=0.0009, num_batches=41/61, num_samples=41]
      Epoch 15 train:  75%|███████▌  | 15/20 [01:02<00:19,  3.97s/it, avg_loss=0.0010, num_batches=42/61, num_samples=42]
      Epoch 15 train:  75%|███████▌  | 15/20 [01:02<00:19,  3.97s/it, avg_loss=0.0009, num_batches=43/61, num_samples=43]
      Epoch 15 train:  75%|███████▌  | 15/20 [01:02<00:19,  3.97s/it, avg_loss=0.0009, num_batches=44/61, num_samples=44]
      Epoch 15 train:  75%|███████▌  | 15/20 [01:02<00:19,  3.97s/it, avg_loss=0.0009, num_batches=45/61, num_samples=45]
      Epoch 15 train:  75%|███████▌  | 15/20 [01:02<00:19,  3.97s/it, avg_loss=0.0010, num_batches=46/61, num_samples=46]
      Epoch 15 train:  75%|███████▌  | 15/20 [01:02<00:19,  3.97s/it, avg_loss=0.0010, num_batches=47/61, num_samples=47]
      Epoch 15 train:  75%|███████▌  | 15/20 [01:02<00:19,  3.97s/it, avg_loss=0.0010, num_batches=48/61, num_samples=48]
      Epoch 15 train:  75%|███████▌  | 15/20 [01:02<00:19,  3.97s/it, avg_loss=0.0010, num_batches=49/61, num_samples=49]
      Epoch 15 train:  75%|███████▌  | 15/20 [01:02<00:19,  3.97s/it, avg_loss=0.0010, num_batches=50/61, num_samples=50]
      Epoch 15 train:  75%|███████▌  | 15/20 [01:02<00:19,  3.97s/it, avg_loss=0.0012, num_batches=51/61, num_samples=51]
      Epoch 15 train:  75%|███████▌  | 15/20 [01:02<00:19,  3.97s/it, avg_loss=0.0012, num_batches=52/61, num_samples=52]
      Epoch 15 train:  75%|███████▌  | 15/20 [01:02<00:19,  3.97s/it, avg_loss=0.0011, num_batches=53/61, num_samples=53]
      Epoch 15 train:  75%|███████▌  | 15/20 [01:02<00:19,  3.97s/it, avg_loss=0.0013, num_batches=54/61, num_samples=54]
      Epoch 15 train:  75%|███████▌  | 15/20 [01:02<00:19,  3.97s/it, avg_loss=0.0013, num_batches=55/61, num_samples=55]
      Epoch 15 train:  75%|███████▌  | 15/20 [01:02<00:19,  3.97s/it, avg_loss=0.0013, num_batches=56/61, num_samples=56]
      Epoch 15 train:  75%|███████▌  | 15/20 [01:02<00:19,  3.97s/it, avg_loss=0.0013, num_batches=57/61, num_samples=57]
      Epoch 15 train:  75%|███████▌  | 15/20 [01:02<00:19,  3.97s/it, avg_loss=0.0013, num_batches=58/61, num_samples=58]
      Epoch 15 train:  75%|███████▌  | 15/20 [01:03<00:19,  3.97s/it, avg_loss=0.0013, num_batches=59/61, num_samples=59]
      Epoch 15 train:  75%|███████▌  | 15/20 [01:03<00:19,  3.97s/it, avg_loss=0.0013, num_batches=60/61, num_samples=60]
      Epoch 15 train:  75%|███████▌  | 15/20 [01:03<00:19,  3.97s/it, avg_loss=0.0013, num_batches=61/61, num_samples=61]
      Epoch 15 val:  75%|███████▌  | 15/20 [01:03<00:19,  3.97s/it, avg_loss=0.0013, num_batches=61/61, num_samples=61]  
      Epoch 15 val:  75%|███████▌  | 15/20 [01:03<00:19,  3.97s/it, avg_loss=3.5106, num_batches=1/15, num_samples=1]  
      Epoch 15 val:  75%|███████▌  | 15/20 [01:03<00:19,  3.97s/it, avg_loss=1.8592, num_batches=2/15, num_samples=2]
      Epoch 15 val:  75%|███████▌  | 15/20 [01:03<00:19,  3.97s/it, avg_loss=2.9580, num_batches=3/15, num_samples=3]
      Epoch 15 val:  75%|███████▌  | 15/20 [01:03<00:19,  3.97s/it, avg_loss=2.2788, num_batches=4/15, num_samples=4]
      Epoch 15 val:  75%|███████▌  | 15/20 [01:03<00:19,  3.97s/it, avg_loss=1.8256, num_batches=5/15, num_samples=5]
      Epoch 15 val:  75%|███████▌  | 15/20 [01:03<00:19,  3.97s/it, avg_loss=1.5294, num_batches=6/15, num_samples=6]
      Epoch 15 val:  75%|███████▌  | 15/20 [01:03<00:19,  3.97s/it, avg_loss=1.3110, num_batches=7/15, num_samples=7]
      Epoch 15 val:  75%|███████▌  | 15/20 [01:03<00:19,  3.97s/it, avg_loss=1.4198, num_batches=8/15, num_samples=8]
      Epoch 15 val:  75%|███████▌  | 15/20 [01:03<00:19,  3.97s/it, avg_loss=1.3054, num_batches=9/15, num_samples=9]
      Epoch 15 val:  75%|███████▌  | 15/20 [01:03<00:19,  3.97s/it, avg_loss=1.1780, num_batches=10/15, num_samples=10]
      Epoch 15 val:  75%|███████▌  | 15/20 [01:03<00:19,  3.97s/it, avg_loss=1.1079, num_batches=11/15, num_samples=11]
      Epoch 15 val:  75%|███████▌  | 15/20 [01:03<00:19,  3.97s/it, avg_loss=1.4804, num_batches=12/15, num_samples=12]
      Epoch 15 val:  75%|███████▌  | 15/20 [01:03<00:19,  3.97s/it, avg_loss=1.9321, num_batches=13/15, num_samples=13]
      Epoch 15 val:  75%|███████▌  | 15/20 [01:03<00:19,  3.97s/it, avg_loss=1.8028, num_batches=14/15, num_samples=14]
      Epoch 15 val:  75%|███████▌  | 15/20 [01:03<00:19,  3.97s/it, avg_loss=1.8273, num_batches=15/15, num_samples=15]
      Epoch 15 val:  80%|████████  | 16/20 [01:03<00:15,  3.98s/it, avg_loss=1.8273, num_batches=15/15, num_samples=15]
      Epoch 16 train:  80%|████████  | 16/20 [01:03<00:15,  3.98s/it, avg_loss=1.8273, num_batches=15/15, num_samples=15]
      Epoch 16 train:  80%|████████  | 16/20 [01:04<00:15,  3.98s/it, avg_loss=0.0003, num_batches=1/61, num_samples=1]  
      Epoch 16 train:  80%|████████  | 16/20 [01:04<00:15,  3.98s/it, avg_loss=0.0002, num_batches=2/61, num_samples=2]
      Epoch 16 train:  80%|████████  | 16/20 [01:04<00:15,  3.98s/it, avg_loss=0.0004, num_batches=3/61, num_samples=3]
      Epoch 16 train:  80%|████████  | 16/20 [01:04<00:15,  3.98s/it, avg_loss=0.0004, num_batches=4/61, num_samples=4]
      Epoch 16 train:  80%|████████  | 16/20 [01:04<00:15,  3.98s/it, avg_loss=0.0003, num_batches=5/61, num_samples=5]
      Epoch 16 train:  80%|████████  | 16/20 [01:04<00:15,  3.98s/it, avg_loss=0.0004, num_batches=6/61, num_samples=6]
      Epoch 16 train:  80%|████████  | 16/20 [01:04<00:15,  3.98s/it, avg_loss=0.0010, num_batches=7/61, num_samples=7]
      Epoch 16 train:  80%|████████  | 16/20 [01:04<00:15,  3.98s/it, avg_loss=0.0009, num_batches=8/61, num_samples=8]
      Epoch 16 train:  80%|████████  | 16/20 [01:04<00:15,  3.98s/it, avg_loss=0.0009, num_batches=9/61, num_samples=9]
      Epoch 16 train:  80%|████████  | 16/20 [01:04<00:15,  3.98s/it, avg_loss=0.0009, num_batches=10/61, num_samples=10]
      Epoch 16 train:  80%|████████  | 16/20 [01:04<00:15,  3.98s/it, avg_loss=0.0008, num_batches=11/61, num_samples=11]
      Epoch 16 train:  80%|████████  | 16/20 [01:04<00:15,  3.98s/it, avg_loss=0.0010, num_batches=12/61, num_samples=12]
      Epoch 16 train:  80%|████████  | 16/20 [01:04<00:15,  3.98s/it, avg_loss=0.0010, num_batches=13/61, num_samples=13]
      Epoch 16 train:  80%|████████  | 16/20 [01:04<00:15,  3.98s/it, avg_loss=0.0009, num_batches=14/61, num_samples=14]
      Epoch 16 train:  80%|████████  | 16/20 [01:04<00:15,  3.98s/it, avg_loss=0.0010, num_batches=15/61, num_samples=15]
      Epoch 16 train:  80%|████████  | 16/20 [01:05<00:15,  3.98s/it, avg_loss=0.0010, num_batches=16/61, num_samples=16]
      Epoch 16 train:  80%|████████  | 16/20 [01:05<00:15,  3.98s/it, avg_loss=0.0009, num_batches=17/61, num_samples=17]
      Epoch 16 train:  80%|████████  | 16/20 [01:05<00:15,  3.98s/it, avg_loss=0.0011, num_batches=18/61, num_samples=18]
      Epoch 16 train:  80%|████████  | 16/20 [01:05<00:15,  3.98s/it, avg_loss=0.0011, num_batches=19/61, num_samples=19]
      Epoch 16 train:  80%|████████  | 16/20 [01:05<00:15,  3.98s/it, avg_loss=0.0010, num_batches=20/61, num_samples=20]
      Epoch 16 train:  80%|████████  | 16/20 [01:05<00:15,  3.98s/it, avg_loss=0.0013, num_batches=21/61, num_samples=21]
      Epoch 16 train:  80%|████████  | 16/20 [01:05<00:15,  3.98s/it, avg_loss=0.0013, num_batches=22/61, num_samples=22]
      Epoch 16 train:  80%|████████  | 16/20 [01:05<00:15,  3.98s/it, avg_loss=0.0012, num_batches=23/61, num_samples=23]
      Epoch 16 train:  80%|████████  | 16/20 [01:05<00:15,  3.98s/it, avg_loss=0.0012, num_batches=24/61, num_samples=24]
      Epoch 16 train:  80%|████████  | 16/20 [01:05<00:15,  3.98s/it, avg_loss=0.0012, num_batches=25/61, num_samples=25]
      Epoch 16 train:  80%|████████  | 16/20 [01:05<00:15,  3.98s/it, avg_loss=0.0012, num_batches=26/61, num_samples=26]
      Epoch 16 train:  80%|████████  | 16/20 [01:05<00:15,  3.98s/it, avg_loss=0.0012, num_batches=27/61, num_samples=27]
      Epoch 16 train:  80%|████████  | 16/20 [01:05<00:15,  3.98s/it, avg_loss=0.0012, num_batches=28/61, num_samples=28]
      Epoch 16 train:  80%|████████  | 16/20 [01:05<00:15,  3.98s/it, avg_loss=0.0012, num_batches=29/61, num_samples=29]
      Epoch 16 train:  80%|████████  | 16/20 [01:05<00:15,  3.98s/it, avg_loss=0.0011, num_batches=30/61, num_samples=30]
      Epoch 16 train:  80%|████████  | 16/20 [01:05<00:15,  3.98s/it, avg_loss=0.0011, num_batches=31/61, num_samples=31]
      Epoch 16 train:  80%|████████  | 16/20 [01:05<00:15,  3.98s/it, avg_loss=0.0014, num_batches=32/61, num_samples=32]
      Epoch 16 train:  80%|████████  | 16/20 [01:05<00:15,  3.98s/it, avg_loss=0.0014, num_batches=33/61, num_samples=33]
      Epoch 16 train:  80%|████████  | 16/20 [01:05<00:15,  3.98s/it, avg_loss=0.0014, num_batches=34/61, num_samples=34]
      Epoch 16 train:  80%|████████  | 16/20 [01:05<00:15,  3.98s/it, avg_loss=0.0013, num_batches=35/61, num_samples=35]
      Epoch 16 train:  80%|████████  | 16/20 [01:06<00:15,  3.98s/it, avg_loss=0.0014, num_batches=36/61, num_samples=36]
      Epoch 16 train:  80%|████████  | 16/20 [01:06<00:15,  3.98s/it, avg_loss=0.0015, num_batches=37/61, num_samples=37]
      Epoch 16 train:  80%|████████  | 16/20 [01:06<00:15,  3.98s/it, avg_loss=0.0014, num_batches=38/61, num_samples=38]
      Epoch 16 train:  80%|████████  | 16/20 [01:06<00:15,  3.98s/it, avg_loss=0.0014, num_batches=39/61, num_samples=39]
      Epoch 16 train:  80%|████████  | 16/20 [01:06<00:15,  3.98s/it, avg_loss=0.0014, num_batches=40/61, num_samples=40]
      Epoch 16 train:  80%|████████  | 16/20 [01:06<00:15,  3.98s/it, avg_loss=0.0014, num_batches=41/61, num_samples=41]
      Epoch 16 train:  80%|████████  | 16/20 [01:06<00:15,  3.98s/it, avg_loss=0.0014, num_batches=42/61, num_samples=42]
      Epoch 16 train:  80%|████████  | 16/20 [01:06<00:15,  3.98s/it, avg_loss=0.0014, num_batches=43/61, num_samples=43]
      Epoch 16 train:  80%|████████  | 16/20 [01:06<00:15,  3.98s/it, avg_loss=0.0014, num_batches=44/61, num_samples=44]
      Epoch 16 train:  80%|████████  | 16/20 [01:06<00:15,  3.98s/it, avg_loss=0.0015, num_batches=45/61, num_samples=45]
      Epoch 16 train:  80%|████████  | 16/20 [01:06<00:15,  3.98s/it, avg_loss=0.0015, num_batches=46/61, num_samples=46]
      Epoch 16 train:  80%|████████  | 16/20 [01:06<00:15,  3.98s/it, avg_loss=0.0015, num_batches=47/61, num_samples=47]
      Epoch 16 train:  80%|████████  | 16/20 [01:06<00:15,  3.98s/it, avg_loss=0.0014, num_batches=48/61, num_samples=48]
      Epoch 16 train:  80%|████████  | 16/20 [01:06<00:15,  3.98s/it, avg_loss=0.0014, num_batches=49/61, num_samples=49]
      Epoch 16 train:  80%|████████  | 16/20 [01:06<00:15,  3.98s/it, avg_loss=0.0014, num_batches=50/61, num_samples=50]
      Epoch 16 train:  80%|████████  | 16/20 [01:06<00:15,  3.98s/it, avg_loss=0.0014, num_batches=51/61, num_samples=51]
      Epoch 16 train:  80%|████████  | 16/20 [01:06<00:15,  3.98s/it, avg_loss=0.0014, num_batches=52/61, num_samples=52]
      Epoch 16 train:  80%|████████  | 16/20 [01:06<00:15,  3.98s/it, avg_loss=0.0014, num_batches=53/61, num_samples=53]
      Epoch 16 train:  80%|████████  | 16/20 [01:06<00:15,  3.98s/it, avg_loss=0.0013, num_batches=54/61, num_samples=54]
      Epoch 16 train:  80%|████████  | 16/20 [01:06<00:15,  3.98s/it, avg_loss=0.0013, num_batches=55/61, num_samples=55]
      Epoch 16 train:  80%|████████  | 16/20 [01:06<00:15,  3.98s/it, avg_loss=0.0013, num_batches=56/61, num_samples=56]
      Epoch 16 train:  80%|████████  | 16/20 [01:06<00:15,  3.98s/it, avg_loss=0.0013, num_batches=57/61, num_samples=57]
      Epoch 16 train:  80%|████████  | 16/20 [01:07<00:15,  3.98s/it, avg_loss=0.0013, num_batches=58/61, num_samples=58]
      Epoch 16 train:  80%|████████  | 16/20 [01:07<00:15,  3.98s/it, avg_loss=0.0013, num_batches=59/61, num_samples=59]
      Epoch 16 train:  80%|████████  | 16/20 [01:07<00:15,  3.98s/it, avg_loss=0.0013, num_batches=60/61, num_samples=60]
      Epoch 16 train:  80%|████████  | 16/20 [01:07<00:15,  3.98s/it, avg_loss=0.0012, num_batches=61/61, num_samples=61]
      Epoch 16 val:  80%|████████  | 16/20 [01:07<00:15,  3.98s/it, avg_loss=0.0012, num_batches=61/61, num_samples=61]  
      Epoch 16 val:  80%|████████  | 16/20 [01:07<00:15,  3.98s/it, avg_loss=0.0002, num_batches=1/15, num_samples=1]  
      Epoch 16 val:  80%|████████  | 16/20 [01:07<00:15,  3.98s/it, avg_loss=3.6994, num_batches=2/15, num_samples=2]
      Epoch 16 val:  80%|████████  | 16/20 [01:07<00:15,  3.98s/it, avg_loss=4.3372, num_batches=3/15, num_samples=3]
      Epoch 16 val:  80%|████████  | 16/20 [01:07<00:15,  3.98s/it, avg_loss=4.5539, num_batches=4/15, num_samples=4]
      Epoch 16 val:  80%|████████  | 16/20 [01:07<00:15,  3.98s/it, avg_loss=3.6527, num_batches=5/15, num_samples=5]
      Epoch 16 val:  80%|████████  | 16/20 [01:07<00:15,  3.98s/it, avg_loss=3.1125, num_batches=6/15, num_samples=6]
      Epoch 16 val:  80%|████████  | 16/20 [01:07<00:15,  3.98s/it, avg_loss=2.6979, num_batches=7/15, num_samples=7]
      Epoch 16 val:  80%|████████  | 16/20 [01:07<00:15,  3.98s/it, avg_loss=2.6359, num_batches=8/15, num_samples=8]
      Epoch 16 val:  80%|████████  | 16/20 [01:07<00:15,  3.98s/it, avg_loss=2.5842, num_batches=9/15, num_samples=9]
      Epoch 16 val:  80%|████████  | 16/20 [01:07<00:15,  3.98s/it, avg_loss=2.3503, num_batches=10/15, num_samples=10]
      Epoch 16 val:  80%|████████  | 16/20 [01:07<00:15,  3.98s/it, avg_loss=2.1471, num_batches=11/15, num_samples=11]
      Epoch 16 val:  80%|████████  | 16/20 [01:07<00:15,  3.98s/it, avg_loss=1.9692, num_batches=12/15, num_samples=12]
      Epoch 16 val:  80%|████████  | 16/20 [01:07<00:15,  3.98s/it, avg_loss=1.8201, num_batches=13/15, num_samples=13]
      Epoch 16 val:  80%|████████  | 16/20 [01:07<00:15,  3.98s/it, avg_loss=1.7181, num_batches=14/15, num_samples=14]
      Epoch 16 val:  80%|████████  | 16/20 [01:07<00:15,  3.98s/it, avg_loss=1.8392, num_batches=15/15, num_samples=15]
      Epoch 16 val:  85%|████████▌ | 17/20 [01:07<00:11,  3.98s/it, avg_loss=1.8392, num_batches=15/15, num_samples=15]
      Epoch 17 train:  85%|████████▌ | 17/20 [01:07<00:11,  3.98s/it, avg_loss=1.8392, num_batches=15/15, num_samples=15]
      Epoch 17 train:  85%|████████▌ | 17/20 [01:08<00:11,  3.98s/it, avg_loss=0.0003, num_batches=1/61, num_samples=1]  
      Epoch 17 train:  85%|████████▌ | 17/20 [01:08<00:11,  3.98s/it, avg_loss=0.0005, num_batches=2/61, num_samples=2]
      Epoch 17 train:  85%|████████▌ | 17/20 [01:08<00:11,  3.98s/it, avg_loss=0.0017, num_batches=3/61, num_samples=3]
      Epoch 17 train:  85%|████████▌ | 17/20 [01:08<00:11,  3.98s/it, avg_loss=0.0014, num_batches=4/61, num_samples=4]
      Epoch 17 train:  85%|████████▌ | 17/20 [01:08<00:11,  3.98s/it, avg_loss=0.0012, num_batches=5/61, num_samples=5]
      Epoch 17 train:  85%|████████▌ | 17/20 [01:08<00:11,  3.98s/it, avg_loss=0.0016, num_batches=6/61, num_samples=6]
      Epoch 17 train:  85%|████████▌ | 17/20 [01:08<00:11,  3.98s/it, avg_loss=0.0014, num_batches=7/61, num_samples=7]
      Epoch 17 train:  85%|████████▌ | 17/20 [01:08<00:11,  3.98s/it, avg_loss=0.0012, num_batches=8/61, num_samples=8]
      Epoch 17 train:  85%|████████▌ | 17/20 [01:08<00:11,  3.98s/it, avg_loss=0.0011, num_batches=9/61, num_samples=9]
      Epoch 17 train:  85%|████████▌ | 17/20 [01:08<00:11,  3.98s/it, avg_loss=0.0010, num_batches=10/61, num_samples=10]
      Epoch 17 train:  85%|████████▌ | 17/20 [01:08<00:11,  3.98s/it, avg_loss=0.0011, num_batches=11/61, num_samples=11]
      Epoch 17 train:  85%|████████▌ | 17/20 [01:08<00:11,  3.98s/it, avg_loss=0.0014, num_batches=12/61, num_samples=12]
      Epoch 17 train:  85%|████████▌ | 17/20 [01:08<00:11,  3.98s/it, avg_loss=0.0014, num_batches=13/61, num_samples=13]
      Epoch 17 train:  85%|████████▌ | 17/20 [01:08<00:11,  3.98s/it, avg_loss=0.0014, num_batches=14/61, num_samples=14]
      Epoch 17 train:  85%|████████▌ | 17/20 [01:08<00:11,  3.98s/it, avg_loss=0.0013, num_batches=15/61, num_samples=15]
      Epoch 17 train:  85%|████████▌ | 17/20 [01:08<00:11,  3.98s/it, avg_loss=0.0013, num_batches=16/61, num_samples=16]
      Epoch 17 train:  85%|████████▌ | 17/20 [01:08<00:11,  3.98s/it, avg_loss=0.0012, num_batches=17/61, num_samples=17]
      Epoch 17 train:  85%|████████▌ | 17/20 [01:08<00:11,  3.98s/it, avg_loss=0.0012, num_batches=18/61, num_samples=18]
      Epoch 17 train:  85%|████████▌ | 17/20 [01:09<00:11,  3.98s/it, avg_loss=0.0011, num_batches=19/61, num_samples=19]
      Epoch 17 train:  85%|████████▌ | 17/20 [01:09<00:11,  3.98s/it, avg_loss=0.0011, num_batches=20/61, num_samples=20]
      Epoch 17 train:  85%|████████▌ | 17/20 [01:09<00:11,  3.98s/it, avg_loss=0.0011, num_batches=21/61, num_samples=21]
      Epoch 17 train:  85%|████████▌ | 17/20 [01:09<00:11,  3.98s/it, avg_loss=0.0010, num_batches=22/61, num_samples=22]
      Epoch 17 train:  85%|████████▌ | 17/20 [01:09<00:11,  3.98s/it, avg_loss=0.0010, num_batches=23/61, num_samples=23]
      Epoch 17 train:  85%|████████▌ | 17/20 [01:09<00:11,  3.98s/it, avg_loss=0.0010, num_batches=24/61, num_samples=24]
      Epoch 17 train:  85%|████████▌ | 17/20 [01:09<00:11,  3.98s/it, avg_loss=0.0009, num_batches=25/61, num_samples=25]
      Epoch 17 train:  85%|████████▌ | 17/20 [01:09<00:11,  3.98s/it, avg_loss=0.0009, num_batches=26/61, num_samples=26]
      Epoch 17 train:  85%|████████▌ | 17/20 [01:09<00:11,  3.98s/it, avg_loss=0.0009, num_batches=27/61, num_samples=27]
      Epoch 17 train:  85%|████████▌ | 17/20 [01:09<00:11,  3.98s/it, avg_loss=0.0009, num_batches=28/61, num_samples=28]
      Epoch 17 train:  85%|████████▌ | 17/20 [01:09<00:11,  3.98s/it, avg_loss=0.0009, num_batches=29/61, num_samples=29]
      Epoch 17 train:  85%|████████▌ | 17/20 [01:09<00:11,  3.98s/it, avg_loss=0.0009, num_batches=30/61, num_samples=30]
      Epoch 17 train:  85%|████████▌ | 17/20 [01:09<00:11,  3.98s/it, avg_loss=0.0012, num_batches=31/61, num_samples=31]
      Epoch 17 train:  85%|████████▌ | 17/20 [01:09<00:11,  3.98s/it, avg_loss=0.0012, num_batches=32/61, num_samples=32]
      Epoch 17 train:  85%|████████▌ | 17/20 [01:09<00:11,  3.98s/it, avg_loss=0.0012, num_batches=33/61, num_samples=33]
      Epoch 17 train:  85%|████████▌ | 17/20 [01:09<00:11,  3.98s/it, avg_loss=0.0011, num_batches=34/61, num_samples=34]
      Epoch 17 train:  85%|████████▌ | 17/20 [01:09<00:11,  3.98s/it, avg_loss=0.0011, num_batches=35/61, num_samples=35]
      Epoch 17 train:  85%|████████▌ | 17/20 [01:09<00:11,  3.98s/it, avg_loss=0.0011, num_batches=36/61, num_samples=36]
      Epoch 17 train:  85%|████████▌ | 17/20 [01:09<00:11,  3.98s/it, avg_loss=0.0011, num_batches=37/61, num_samples=37]
      Epoch 17 train:  85%|████████▌ | 17/20 [01:10<00:11,  3.98s/it, avg_loss=0.0012, num_batches=38/61, num_samples=38]
      Epoch 17 train:  85%|████████▌ | 17/20 [01:10<00:11,  3.98s/it, avg_loss=0.0011, num_batches=39/61, num_samples=39]
      Epoch 17 train:  85%|████████▌ | 17/20 [01:10<00:11,  3.98s/it, avg_loss=0.0012, num_batches=40/61, num_samples=40]
      Epoch 17 train:  85%|████████▌ | 17/20 [01:10<00:11,  3.98s/it, avg_loss=0.0013, num_batches=41/61, num_samples=41]
      Epoch 17 train:  85%|████████▌ | 17/20 [01:10<00:11,  3.98s/it, avg_loss=0.0013, num_batches=42/61, num_samples=42]
      Epoch 17 train:  85%|████████▌ | 17/20 [01:10<00:11,  3.98s/it, avg_loss=0.0013, num_batches=43/61, num_samples=43]
      Epoch 17 train:  85%|████████▌ | 17/20 [01:10<00:11,  3.98s/it, avg_loss=0.0014, num_batches=44/61, num_samples=44]
      Epoch 17 train:  85%|████████▌ | 17/20 [01:10<00:11,  3.98s/it, avg_loss=0.0014, num_batches=45/61, num_samples=45]
      Epoch 17 train:  85%|████████▌ | 17/20 [01:10<00:11,  3.98s/it, avg_loss=0.0014, num_batches=46/61, num_samples=46]
      Epoch 17 train:  85%|████████▌ | 17/20 [01:10<00:11,  3.98s/it, avg_loss=0.0014, num_batches=47/61, num_samples=47]
      Epoch 17 train:  85%|████████▌ | 17/20 [01:10<00:11,  3.98s/it, avg_loss=0.0014, num_batches=48/61, num_samples=48]
      Epoch 17 train:  85%|████████▌ | 17/20 [01:10<00:11,  3.98s/it, avg_loss=0.0013, num_batches=49/61, num_samples=49]
      Epoch 17 train:  85%|████████▌ | 17/20 [01:10<00:11,  3.98s/it, avg_loss=0.0013, num_batches=50/61, num_samples=50]
      Epoch 17 train:  85%|████████▌ | 17/20 [01:10<00:11,  3.98s/it, avg_loss=0.0013, num_batches=51/61, num_samples=51]
      Epoch 17 train:  85%|████████▌ | 17/20 [01:10<00:11,  3.98s/it, avg_loss=0.0013, num_batches=52/61, num_samples=52]
      Epoch 17 train:  85%|████████▌ | 17/20 [01:10<00:11,  3.98s/it, avg_loss=0.0013, num_batches=53/61, num_samples=53]
      Epoch 17 train:  85%|████████▌ | 17/20 [01:10<00:11,  3.98s/it, avg_loss=0.0012, num_batches=54/61, num_samples=54]
      Epoch 17 train:  85%|████████▌ | 17/20 [01:10<00:11,  3.98s/it, avg_loss=0.0012, num_batches=55/61, num_samples=55]
      Epoch 17 train:  85%|████████▌ | 17/20 [01:10<00:11,  3.98s/it, avg_loss=0.0012, num_batches=56/61, num_samples=56]
      Epoch 17 train:  85%|████████▌ | 17/20 [01:10<00:11,  3.98s/it, avg_loss=0.0012, num_batches=57/61, num_samples=57]
      Epoch 17 train:  85%|████████▌ | 17/20 [01:10<00:11,  3.98s/it, avg_loss=0.0012, num_batches=58/61, num_samples=58]
      Epoch 17 train:  85%|████████▌ | 17/20 [01:11<00:11,  3.98s/it, avg_loss=0.0012, num_batches=59/61, num_samples=59]
      Epoch 17 train:  85%|████████▌ | 17/20 [01:11<00:11,  3.98s/it, avg_loss=0.0012, num_batches=60/61, num_samples=60]
      Epoch 17 train:  85%|████████▌ | 17/20 [01:11<00:11,  3.98s/it, avg_loss=0.0012, num_batches=61/61, num_samples=61]
      Epoch 17 val:  85%|████████▌ | 17/20 [01:11<00:11,  3.98s/it, avg_loss=0.0012, num_batches=61/61, num_samples=61]  
      Epoch 17 val:  85%|████████▌ | 17/20 [01:11<00:11,  3.98s/it, avg_loss=0.4095, num_batches=1/15, num_samples=1]  
      Epoch 17 val:  85%|████████▌ | 17/20 [01:11<00:11,  3.98s/it, avg_loss=0.2283, num_batches=2/15, num_samples=2]
      Epoch 17 val:  85%|████████▌ | 17/20 [01:11<00:11,  3.98s/it, avg_loss=1.8920, num_batches=3/15, num_samples=3]
      Epoch 17 val:  85%|████████▌ | 17/20 [01:11<00:11,  3.98s/it, avg_loss=2.3066, num_batches=4/15, num_samples=4]
      Epoch 17 val:  85%|████████▌ | 17/20 [01:11<00:11,  3.98s/it, avg_loss=1.9236, num_batches=5/15, num_samples=5]
      Epoch 17 val:  85%|████████▌ | 17/20 [01:11<00:11,  3.98s/it, avg_loss=1.9653, num_batches=6/15, num_samples=6]
      Epoch 17 val:  85%|████████▌ | 17/20 [01:11<00:11,  3.98s/it, avg_loss=1.6888, num_batches=7/15, num_samples=7]
      Epoch 17 val:  85%|████████▌ | 17/20 [01:11<00:11,  3.98s/it, avg_loss=2.4046, num_batches=8/15, num_samples=8]
      Epoch 17 val:  85%|████████▌ | 17/20 [01:11<00:11,  3.98s/it, avg_loss=2.1502, num_batches=9/15, num_samples=9]
      Epoch 17 val:  85%|████████▌ | 17/20 [01:11<00:11,  3.98s/it, avg_loss=2.1555, num_batches=10/15, num_samples=10]
      Epoch 17 val:  85%|████████▌ | 17/20 [01:11<00:11,  3.98s/it, avg_loss=1.9817, num_batches=11/15, num_samples=11]
      Epoch 17 val:  85%|████████▌ | 17/20 [01:11<00:11,  3.98s/it, avg_loss=1.8176, num_batches=12/15, num_samples=12]
      Epoch 17 val:  85%|████████▌ | 17/20 [01:11<00:11,  3.98s/it, avg_loss=2.1119, num_batches=13/15, num_samples=13]
      Epoch 17 val:  85%|████████▌ | 17/20 [01:11<00:11,  3.98s/it, avg_loss=1.9610, num_batches=14/15, num_samples=14]
      Epoch 17 val:  85%|████████▌ | 17/20 [01:11<00:11,  3.98s/it, avg_loss=1.8442, num_batches=15/15, num_samples=15]
      Epoch 17 val:  90%|█████████ | 18/20 [01:11<00:07,  3.98s/it, avg_loss=1.8442, num_batches=15/15, num_samples=15]
      Epoch 18 train:  90%|█████████ | 18/20 [01:11<00:07,  3.98s/it, avg_loss=1.8442, num_batches=15/15, num_samples=15]
      Epoch 18 train:  90%|█████████ | 18/20 [01:12<00:07,  3.98s/it, avg_loss=0.0005, num_batches=1/61, num_samples=1]  
      Epoch 18 train:  90%|█████████ | 18/20 [01:12<00:07,  3.98s/it, avg_loss=0.0003, num_batches=2/61, num_samples=2]
      Epoch 18 train:  90%|█████████ | 18/20 [01:12<00:07,  3.98s/it, avg_loss=0.0004, num_batches=3/61, num_samples=3]
      Epoch 18 train:  90%|█████████ | 18/20 [01:12<00:07,  3.98s/it, avg_loss=0.0005, num_batches=4/61, num_samples=4]
      Epoch 18 train:  90%|█████████ | 18/20 [01:12<00:07,  3.98s/it, avg_loss=0.0004, num_batches=5/61, num_samples=5]
      Epoch 18 train:  90%|█████████ | 18/20 [01:12<00:07,  3.98s/it, avg_loss=0.0004, num_batches=6/61, num_samples=6]
      Epoch 18 train:  90%|█████████ | 18/20 [01:12<00:07,  3.98s/it, avg_loss=0.0004, num_batches=7/61, num_samples=7]
      Epoch 18 train:  90%|█████████ | 18/20 [01:12<00:07,  3.98s/it, avg_loss=0.0004, num_batches=8/61, num_samples=8]
      Epoch 18 train:  90%|█████████ | 18/20 [01:12<00:07,  3.98s/it, avg_loss=0.0004, num_batches=9/61, num_samples=9]
      Epoch 18 train:  90%|█████████ | 18/20 [01:12<00:07,  3.98s/it, avg_loss=0.0003, num_batches=10/61, num_samples=10]
      Epoch 18 train:  90%|█████████ | 18/20 [01:12<00:07,  3.98s/it, avg_loss=0.0003, num_batches=11/61, num_samples=11]
      Epoch 18 train:  90%|█████████ | 18/20 [01:12<00:07,  3.98s/it, avg_loss=0.0005, num_batches=12/61, num_samples=12]
      Epoch 18 train:  90%|█████████ | 18/20 [01:12<00:07,  3.98s/it, avg_loss=0.0005, num_batches=13/61, num_samples=13]
      Epoch 18 train:  90%|█████████ | 18/20 [01:12<00:07,  3.98s/it, avg_loss=0.0004, num_batches=14/61, num_samples=14]
      Epoch 18 train:  90%|█████████ | 18/20 [01:12<00:07,  3.98s/it, avg_loss=0.0005, num_batches=15/61, num_samples=15]
      Epoch 18 train:  90%|█████████ | 18/20 [01:12<00:07,  3.98s/it, avg_loss=0.0004, num_batches=16/61, num_samples=16]
      Epoch 18 train:  90%|█████████ | 18/20 [01:12<00:07,  3.98s/it, avg_loss=0.0004, num_batches=17/61, num_samples=17]
      Epoch 18 train:  90%|█████████ | 18/20 [01:12<00:07,  3.98s/it, avg_loss=0.0004, num_batches=18/61, num_samples=18]
      Epoch 18 train:  90%|█████████ | 18/20 [01:12<00:07,  3.98s/it, avg_loss=0.0004, num_batches=19/61, num_samples=19]
      Epoch 18 train:  90%|█████████ | 18/20 [01:12<00:07,  3.98s/it, avg_loss=0.0004, num_batches=20/61, num_samples=20]
      Epoch 18 train:  90%|█████████ | 18/20 [01:13<00:07,  3.98s/it, avg_loss=0.0006, num_batches=21/61, num_samples=21]
      Epoch 18 train:  90%|█████████ | 18/20 [01:13<00:07,  3.98s/it, avg_loss=0.0006, num_batches=22/61, num_samples=22]
      Epoch 18 train:  90%|█████████ | 18/20 [01:13<00:07,  3.98s/it, avg_loss=0.0006, num_batches=23/61, num_samples=23]
      Epoch 18 train:  90%|█████████ | 18/20 [01:13<00:07,  3.98s/it, avg_loss=0.0005, num_batches=24/61, num_samples=24]
      Epoch 18 train:  90%|█████████ | 18/20 [01:13<00:07,  3.98s/it, avg_loss=0.0006, num_batches=25/61, num_samples=25]
      Epoch 18 train:  90%|█████████ | 18/20 [01:13<00:07,  3.98s/it, avg_loss=0.0006, num_batches=26/61, num_samples=26]
      Epoch 18 train:  90%|█████████ | 18/20 [01:13<00:07,  3.98s/it, avg_loss=0.0005, num_batches=27/61, num_samples=27]
      Epoch 18 train:  90%|█████████ | 18/20 [01:13<00:07,  3.98s/it, avg_loss=0.0005, num_batches=28/61, num_samples=28]
      Epoch 18 train:  90%|█████████ | 18/20 [01:13<00:07,  3.98s/it, avg_loss=0.0005, num_batches=29/61, num_samples=29]
      Epoch 18 train:  90%|█████████ | 18/20 [01:13<00:07,  3.98s/it, avg_loss=0.0006, num_batches=30/61, num_samples=30]
      Epoch 18 train:  90%|█████████ | 18/20 [01:13<00:07,  3.98s/it, avg_loss=0.0006, num_batches=31/61, num_samples=31]
      Epoch 18 train:  90%|█████████ | 18/20 [01:13<00:07,  3.98s/it, avg_loss=0.0005, num_batches=32/61, num_samples=32]
      Epoch 18 train:  90%|█████████ | 18/20 [01:13<00:07,  3.98s/it, avg_loss=0.0006, num_batches=33/61, num_samples=33]
      Epoch 18 train:  90%|█████████ | 18/20 [01:13<00:07,  3.98s/it, avg_loss=0.0009, num_batches=34/61, num_samples=34]
      Epoch 18 train:  90%|█████████ | 18/20 [01:13<00:07,  3.98s/it, avg_loss=0.0008, num_batches=35/61, num_samples=35]
      Epoch 18 train:  90%|█████████ | 18/20 [01:13<00:07,  3.98s/it, avg_loss=0.0010, num_batches=36/61, num_samples=36]
      Epoch 18 train:  90%|█████████ | 18/20 [01:13<00:07,  3.98s/it, avg_loss=0.0010, num_batches=37/61, num_samples=37]
      Epoch 18 train:  90%|█████████ | 18/20 [01:13<00:07,  3.98s/it, avg_loss=0.0009, num_batches=38/61, num_samples=38]
      Epoch 18 train:  90%|█████████ | 18/20 [01:13<00:07,  3.98s/it, avg_loss=0.0009, num_batches=39/61, num_samples=39]
      Epoch 18 train:  90%|█████████ | 18/20 [01:14<00:07,  3.98s/it, avg_loss=0.0009, num_batches=40/61, num_samples=40]
      Epoch 18 train:  90%|█████████ | 18/20 [01:14<00:07,  3.98s/it, avg_loss=0.0010, num_batches=41/61, num_samples=41]
      Epoch 18 train:  90%|█████████ | 18/20 [01:14<00:07,  3.98s/it, avg_loss=0.0011, num_batches=42/61, num_samples=42]
      Epoch 18 train:  90%|█████████ | 18/20 [01:14<00:07,  3.98s/it, avg_loss=0.0012, num_batches=43/61, num_samples=43]
      Epoch 18 train:  90%|█████████ | 18/20 [01:14<00:07,  3.98s/it, avg_loss=0.0012, num_batches=44/61, num_samples=44]
      Epoch 18 train:  90%|█████████ | 18/20 [01:14<00:07,  3.98s/it, avg_loss=0.0012, num_batches=45/61, num_samples=45]
      Epoch 18 train:  90%|█████████ | 18/20 [01:14<00:07,  3.98s/it, avg_loss=0.0012, num_batches=46/61, num_samples=46]
      Epoch 18 train:  90%|█████████ | 18/20 [01:14<00:07,  3.98s/it, avg_loss=0.0012, num_batches=47/61, num_samples=47]
      Epoch 18 train:  90%|█████████ | 18/20 [01:14<00:07,  3.98s/it, avg_loss=0.0012, num_batches=48/61, num_samples=48]
      Epoch 18 train:  90%|█████████ | 18/20 [01:14<00:07,  3.98s/it, avg_loss=0.0012, num_batches=49/61, num_samples=49]
      Epoch 18 train:  90%|█████████ | 18/20 [01:14<00:07,  3.98s/it, avg_loss=0.0012, num_batches=50/61, num_samples=50]
      Epoch 18 train:  90%|█████████ | 18/20 [01:14<00:07,  3.98s/it, avg_loss=0.0012, num_batches=51/61, num_samples=51]
      Epoch 18 train:  90%|█████████ | 18/20 [01:14<00:07,  3.98s/it, avg_loss=0.0012, num_batches=52/61, num_samples=52]
      Epoch 18 train:  90%|█████████ | 18/20 [01:14<00:07,  3.98s/it, avg_loss=0.0012, num_batches=53/61, num_samples=53]
      Epoch 18 train:  90%|█████████ | 18/20 [01:14<00:07,  3.98s/it, avg_loss=0.0012, num_batches=54/61, num_samples=54]
      Epoch 18 train:  90%|█████████ | 18/20 [01:14<00:07,  3.98s/it, avg_loss=0.0012, num_batches=55/61, num_samples=55]
      Epoch 18 train:  90%|█████████ | 18/20 [01:14<00:07,  3.98s/it, avg_loss=0.0012, num_batches=56/61, num_samples=56]
      Epoch 18 train:  90%|█████████ | 18/20 [01:14<00:07,  3.98s/it, avg_loss=0.0012, num_batches=57/61, num_samples=57]
      Epoch 18 train:  90%|█████████ | 18/20 [01:14<00:07,  3.98s/it, avg_loss=0.0011, num_batches=58/61, num_samples=58]
      Epoch 18 train:  90%|█████████ | 18/20 [01:14<00:07,  3.98s/it, avg_loss=0.0011, num_batches=59/61, num_samples=59]
      Epoch 18 train:  90%|█████████ | 18/20 [01:15<00:07,  3.98s/it, avg_loss=0.0012, num_batches=60/61, num_samples=60]
      Epoch 18 train:  90%|█████████ | 18/20 [01:15<00:07,  3.98s/it, avg_loss=0.0012, num_batches=61/61, num_samples=61]
      Epoch 18 val:  90%|█████████ | 18/20 [01:15<00:07,  3.98s/it, avg_loss=0.0012, num_batches=61/61, num_samples=61]  
      Epoch 18 val:  90%|█████████ | 18/20 [01:15<00:07,  3.98s/it, avg_loss=7.4222, num_batches=1/15, num_samples=1]  
      Epoch 18 val:  90%|█████████ | 18/20 [01:15<00:07,  3.98s/it, avg_loss=3.9161, num_batches=2/15, num_samples=2]
      Epoch 18 val:  90%|█████████ | 18/20 [01:15<00:07,  3.98s/it, avg_loss=2.6264, num_batches=3/15, num_samples=3]
      Epoch 18 val:  90%|█████████ | 18/20 [01:15<00:07,  3.98s/it, avg_loss=1.9728, num_batches=4/15, num_samples=4]
      Epoch 18 val:  90%|█████████ | 18/20 [01:15<00:07,  3.98s/it, avg_loss=2.6233, num_batches=5/15, num_samples=5]
      Epoch 18 val:  90%|█████████ | 18/20 [01:15<00:07,  3.98s/it, avg_loss=2.2268, num_batches=6/15, num_samples=6]
      Epoch 18 val:  90%|█████████ | 18/20 [01:15<00:07,  3.98s/it, avg_loss=2.2194, num_batches=7/15, num_samples=7]
      Epoch 18 val:  90%|█████████ | 18/20 [01:15<00:07,  3.98s/it, avg_loss=1.9682, num_batches=8/15, num_samples=8]
      Epoch 18 val:  90%|█████████ | 18/20 [01:15<00:07,  3.98s/it, avg_loss=1.7930, num_batches=9/15, num_samples=9]
      Epoch 18 val:  90%|█████████ | 18/20 [01:15<00:07,  3.98s/it, avg_loss=2.1786, num_batches=10/15, num_samples=10]
      Epoch 18 val:  90%|█████████ | 18/20 [01:15<00:07,  3.98s/it, avg_loss=1.9832, num_batches=11/15, num_samples=11]
      Epoch 18 val:  90%|█████████ | 18/20 [01:15<00:07,  3.98s/it, avg_loss=1.8180, num_batches=12/15, num_samples=12]
      Epoch 18 val:  90%|█████████ | 18/20 [01:15<00:07,  3.98s/it, avg_loss=1.6869, num_batches=13/15, num_samples=13]
      Epoch 18 val:  90%|█████████ | 18/20 [01:15<00:07,  3.98s/it, avg_loss=1.7241, num_batches=14/15, num_samples=14]
      Epoch 18 val:  90%|█████████ | 18/20 [01:15<00:07,  3.98s/it, avg_loss=1.8460, num_batches=15/15, num_samples=15]
      Epoch 18 val:  95%|█████████▌| 19/20 [01:15<00:03,  3.98s/it, avg_loss=1.8460, num_batches=15/15, num_samples=15]
      Epoch 19 train:  95%|█████████▌| 19/20 [01:15<00:03,  3.98s/it, avg_loss=1.8460, num_batches=15/15, num_samples=15]
      Epoch 19 train:  95%|█████████▌| 19/20 [01:16<00:03,  3.98s/it, avg_loss=0.0036, num_batches=1/61, num_samples=1]  
      Epoch 19 train:  95%|█████████▌| 19/20 [01:16<00:03,  3.98s/it, avg_loss=0.0037, num_batches=2/61, num_samples=2]
      Epoch 19 train:  95%|█████████▌| 19/20 [01:16<00:03,  3.98s/it, avg_loss=0.0033, num_batches=3/61, num_samples=3]
      Epoch 19 train:  95%|█████████▌| 19/20 [01:16<00:03,  3.98s/it, avg_loss=0.0025, num_batches=4/61, num_samples=4]
      Epoch 19 train:  95%|█████████▌| 19/20 [01:16<00:03,  3.98s/it, avg_loss=0.0021, num_batches=5/61, num_samples=5]
      Epoch 19 train:  95%|█████████▌| 19/20 [01:16<00:03,  3.98s/it, avg_loss=0.0018, num_batches=6/61, num_samples=6]
      Epoch 19 train:  95%|█████████▌| 19/20 [01:16<00:03,  3.98s/it, avg_loss=0.0015, num_batches=7/61, num_samples=7]
      Epoch 19 train:  95%|█████████▌| 19/20 [01:16<00:03,  3.98s/it, avg_loss=0.0014, num_batches=8/61, num_samples=8]
      Epoch 19 train:  95%|█████████▌| 19/20 [01:16<00:03,  3.98s/it, avg_loss=0.0012, num_batches=9/61, num_samples=9]
      Epoch 19 train:  95%|█████████▌| 19/20 [01:16<00:03,  3.98s/it, avg_loss=0.0012, num_batches=10/61, num_samples=10]
      Epoch 19 train:  95%|█████████▌| 19/20 [01:16<00:03,  3.98s/it, avg_loss=0.0011, num_batches=11/61, num_samples=11]
      Epoch 19 train:  95%|█████████▌| 19/20 [01:16<00:03,  3.98s/it, avg_loss=0.0012, num_batches=12/61, num_samples=12]
      Epoch 19 train:  95%|█████████▌| 19/20 [01:16<00:03,  3.98s/it, avg_loss=0.0012, num_batches=13/61, num_samples=13]
      Epoch 19 train:  95%|█████████▌| 19/20 [01:16<00:03,  3.98s/it, avg_loss=0.0012, num_batches=14/61, num_samples=14]
      Epoch 19 train:  95%|█████████▌| 19/20 [01:16<00:03,  3.98s/it, avg_loss=0.0011, num_batches=15/61, num_samples=15]
      Epoch 19 train:  95%|█████████▌| 19/20 [01:16<00:03,  3.98s/it, avg_loss=0.0010, num_batches=16/61, num_samples=16]
      Epoch 19 train:  95%|█████████▌| 19/20 [01:16<00:03,  3.98s/it, avg_loss=0.0010, num_batches=17/61, num_samples=17]
      Epoch 19 train:  95%|█████████▌| 19/20 [01:16<00:03,  3.98s/it, avg_loss=0.0009, num_batches=18/61, num_samples=18]
      Epoch 19 train:  95%|█████████▌| 19/20 [01:16<00:03,  3.98s/it, avg_loss=0.0009, num_batches=19/61, num_samples=19]
      Epoch 19 train:  95%|█████████▌| 19/20 [01:17<00:03,  3.98s/it, avg_loss=0.0009, num_batches=20/61, num_samples=20]
      Epoch 19 train:  95%|█████████▌| 19/20 [01:17<00:03,  3.98s/it, avg_loss=0.0008, num_batches=21/61, num_samples=21]
      Epoch 19 train:  95%|█████████▌| 19/20 [01:17<00:03,  3.98s/it, avg_loss=0.0008, num_batches=22/61, num_samples=22]
      Epoch 19 train:  95%|█████████▌| 19/20 [01:17<00:03,  3.98s/it, avg_loss=0.0008, num_batches=23/61, num_samples=23]
      Epoch 19 train:  95%|█████████▌| 19/20 [01:17<00:03,  3.98s/it, avg_loss=0.0010, num_batches=24/61, num_samples=24]
      Epoch 19 train:  95%|█████████▌| 19/20 [01:17<00:03,  3.98s/it, avg_loss=0.0010, num_batches=25/61, num_samples=25]
      Epoch 19 train:  95%|█████████▌| 19/20 [01:17<00:03,  3.98s/it, avg_loss=0.0010, num_batches=26/61, num_samples=26]
      Epoch 19 train:  95%|█████████▌| 19/20 [01:17<00:03,  3.98s/it, avg_loss=0.0010, num_batches=27/61, num_samples=27]
      Epoch 19 train:  95%|█████████▌| 19/20 [01:17<00:03,  3.98s/it, avg_loss=0.0011, num_batches=28/61, num_samples=28]
      Epoch 19 train:  95%|█████████▌| 19/20 [01:17<00:03,  3.98s/it, avg_loss=0.0011, num_batches=29/61, num_samples=29]
      Epoch 19 train:  95%|█████████▌| 19/20 [01:17<00:03,  3.98s/it, avg_loss=0.0011, num_batches=30/61, num_samples=30]
      Epoch 19 train:  95%|█████████▌| 19/20 [01:17<00:03,  3.98s/it, avg_loss=0.0011, num_batches=31/61, num_samples=31]
      Epoch 19 train:  95%|█████████▌| 19/20 [01:17<00:03,  3.98s/it, avg_loss=0.0011, num_batches=32/61, num_samples=32]
      Epoch 19 train:  95%|█████████▌| 19/20 [01:17<00:03,  3.98s/it, avg_loss=0.0010, num_batches=33/61, num_samples=33]
      Epoch 19 train:  95%|█████████▌| 19/20 [01:17<00:03,  3.98s/it, avg_loss=0.0013, num_batches=34/61, num_samples=34]
      Epoch 19 train:  95%|█████████▌| 19/20 [01:17<00:03,  3.98s/it, avg_loss=0.0013, num_batches=35/61, num_samples=35]
      Epoch 19 train:  95%|█████████▌| 19/20 [01:17<00:03,  3.98s/it, avg_loss=0.0013, num_batches=36/61, num_samples=36]
      Epoch 19 train:  95%|█████████▌| 19/20 [01:17<00:03,  3.98s/it, avg_loss=0.0013, num_batches=37/61, num_samples=37]
      Epoch 19 train:  95%|█████████▌| 19/20 [01:17<00:03,  3.98s/it, avg_loss=0.0013, num_batches=38/61, num_samples=38]
      Epoch 19 train:  95%|█████████▌| 19/20 [01:17<00:03,  3.98s/it, avg_loss=0.0012, num_batches=39/61, num_samples=39]
      Epoch 19 train:  95%|█████████▌| 19/20 [01:18<00:03,  3.98s/it, avg_loss=0.0012, num_batches=40/61, num_samples=40]
      Epoch 19 train:  95%|█████████▌| 19/20 [01:18<00:03,  3.98s/it, avg_loss=0.0012, num_batches=41/61, num_samples=41]
      Epoch 19 train:  95%|█████████▌| 19/20 [01:18<00:03,  3.98s/it, avg_loss=0.0013, num_batches=42/61, num_samples=42]
      Epoch 19 train:  95%|█████████▌| 19/20 [01:18<00:03,  3.98s/it, avg_loss=0.0013, num_batches=43/61, num_samples=43]
      Epoch 19 train:  95%|█████████▌| 19/20 [01:18<00:03,  3.98s/it, avg_loss=0.0013, num_batches=44/61, num_samples=44]
      Epoch 19 train:  95%|█████████▌| 19/20 [01:18<00:03,  3.98s/it, avg_loss=0.0014, num_batches=45/61, num_samples=45]
      Epoch 19 train:  95%|█████████▌| 19/20 [01:18<00:03,  3.98s/it, avg_loss=0.0013, num_batches=46/61, num_samples=46]
      Epoch 19 train:  95%|█████████▌| 19/20 [01:18<00:03,  3.98s/it, avg_loss=0.0013, num_batches=47/61, num_samples=47]
      Epoch 19 train:  95%|█████████▌| 19/20 [01:18<00:03,  3.98s/it, avg_loss=0.0013, num_batches=48/61, num_samples=48]
      Epoch 19 train:  95%|█████████▌| 19/20 [01:18<00:03,  3.98s/it, avg_loss=0.0013, num_batches=49/61, num_samples=49]
      Epoch 19 train:  95%|█████████▌| 19/20 [01:18<00:03,  3.98s/it, avg_loss=0.0013, num_batches=50/61, num_samples=50]
      Epoch 19 train:  95%|█████████▌| 19/20 [01:18<00:03,  3.98s/it, avg_loss=0.0013, num_batches=51/61, num_samples=51]
      Epoch 19 train:  95%|█████████▌| 19/20 [01:18<00:03,  3.98s/it, avg_loss=0.0013, num_batches=52/61, num_samples=52]
      Epoch 19 train:  95%|█████████▌| 19/20 [01:18<00:03,  3.98s/it, avg_loss=0.0012, num_batches=53/61, num_samples=53]
      Epoch 19 train:  95%|█████████▌| 19/20 [01:18<00:03,  3.98s/it, avg_loss=0.0013, num_batches=54/61, num_samples=54]
      Epoch 19 train:  95%|█████████▌| 19/20 [01:18<00:03,  3.98s/it, avg_loss=0.0012, num_batches=55/61, num_samples=55]
      Epoch 19 train:  95%|█████████▌| 19/20 [01:18<00:03,  3.98s/it, avg_loss=0.0012, num_batches=56/61, num_samples=56]
      Epoch 19 train:  95%|█████████▌| 19/20 [01:18<00:03,  3.98s/it, avg_loss=0.0012, num_batches=57/61, num_samples=57]
      Epoch 19 train:  95%|█████████▌| 19/20 [01:18<00:03,  3.98s/it, avg_loss=0.0012, num_batches=58/61, num_samples=58]
      Epoch 19 train:  95%|█████████▌| 19/20 [01:19<00:03,  3.98s/it, avg_loss=0.0012, num_batches=59/61, num_samples=59]
      Epoch 19 train:  95%|█████████▌| 19/20 [01:19<00:03,  3.98s/it, avg_loss=0.0012, num_batches=60/61, num_samples=60]
      Epoch 19 train:  95%|█████████▌| 19/20 [01:19<00:03,  3.98s/it, avg_loss=0.0012, num_batches=61/61, num_samples=61]
      Epoch 19 val:  95%|█████████▌| 19/20 [01:19<00:03,  3.98s/it, avg_loss=0.0012, num_batches=61/61, num_samples=61]  
      Epoch 19 val:  95%|█████████▌| 19/20 [01:19<00:03,  3.98s/it, avg_loss=0.3925, num_batches=1/15, num_samples=1]  
      Epoch 19 val:  95%|█████████▌| 19/20 [01:19<00:03,  3.98s/it, avg_loss=3.9084, num_batches=2/15, num_samples=2]
      Epoch 19 val:  95%|█████████▌| 19/20 [01:19<00:03,  3.98s/it, avg_loss=2.6435, num_batches=3/15, num_samples=3]
      Epoch 19 val:  95%|█████████▌| 19/20 [01:19<00:03,  3.98s/it, avg_loss=2.8712, num_batches=4/15, num_samples=4]
      Epoch 19 val:  95%|█████████▌| 19/20 [01:19<00:03,  3.98s/it, avg_loss=2.3028, num_batches=5/15, num_samples=5]
      Epoch 19 val:  95%|█████████▌| 19/20 [01:19<00:03,  3.98s/it, avg_loss=2.7903, num_batches=6/15, num_samples=6]
      Epoch 19 val:  95%|█████████▌| 19/20 [01:19<00:03,  3.98s/it, avg_loss=2.7072, num_batches=7/15, num_samples=7]
      Epoch 19 val:  95%|█████████▌| 19/20 [01:19<00:03,  3.98s/it, avg_loss=2.3688, num_batches=8/15, num_samples=8]
      Epoch 19 val:  95%|█████████▌| 19/20 [01:19<00:03,  3.98s/it, avg_loss=2.1108, num_batches=9/15, num_samples=9]
      Epoch 19 val:  95%|█████████▌| 19/20 [01:19<00:03,  3.98s/it, avg_loss=1.9207, num_batches=10/15, num_samples=10]
      Epoch 19 val:  95%|█████████▌| 19/20 [01:19<00:03,  3.98s/it, avg_loss=1.7472, num_batches=11/15, num_samples=11]
      Epoch 19 val:  95%|█████████▌| 19/20 [01:19<00:03,  3.98s/it, avg_loss=1.6358, num_batches=12/15, num_samples=12]
      Epoch 19 val:  95%|█████████▌| 19/20 [01:19<00:03,  3.98s/it, avg_loss=1.5287, num_batches=13/15, num_samples=13]
      Epoch 19 val:  95%|█████████▌| 19/20 [01:19<00:03,  3.98s/it, avg_loss=1.8231, num_batches=14/15, num_samples=14]
      Epoch 19 val:  95%|█████████▌| 19/20 [01:19<00:03,  3.98s/it, avg_loss=1.8464, num_batches=15/15, num_samples=15]
      Epoch 19 val: 100%|██████████| 20/20 [01:19<00:00,  3.99s/it, avg_loss=1.8464, num_batches=15/15, num_samples=15]
      Epoch 19 val: 100%|██████████| 20/20 [01:19<00:00,  4.00s/it, avg_loss=1.8464, num_batches=15/15, num_samples=15]

  0%|          | 0/20 [00:00<?, ?it/s]
      Epoch 0 train:   0%|          | 0/20 [00:00<?, ?it/s]
      Epoch 0 train:   0%|          | 0/20 [00:00<?, ?it/s, avg_loss=1.2247, num_batches=1/60, num_samples=1]
      Epoch 0 train:   0%|          | 0/20 [00:00<?, ?it/s, avg_loss=0.6133, num_batches=2/60, num_samples=2]
      Epoch 0 train:   0%|          | 0/20 [00:00<?, ?it/s, avg_loss=0.4090, num_batches=3/60, num_samples=3]
      Epoch 0 train:   0%|          | 0/20 [00:00<?, ?it/s, avg_loss=2.6581, num_batches=4/60, num_samples=4]
      Epoch 0 train:   0%|          | 0/20 [00:00<?, ?it/s, avg_loss=3.5527, num_batches=5/60, num_samples=5]
      Epoch 0 train:   0%|          | 0/20 [00:00<?, ?it/s, avg_loss=2.9643, num_batches=6/60, num_samples=6]
      Epoch 0 train:   0%|          | 0/20 [00:00<?, ?it/s, avg_loss=2.5738, num_batches=7/60, num_samples=7]
      Epoch 0 train:   0%|          | 0/20 [00:00<?, ?it/s, avg_loss=2.3733, num_batches=8/60, num_samples=8]
      Epoch 0 train:   0%|          | 0/20 [00:00<?, ?it/s, avg_loss=2.9578, num_batches=9/60, num_samples=9]
      Epoch 0 train:   0%|          | 0/20 [00:00<?, ?it/s, avg_loss=2.6746, num_batches=10/60, num_samples=10]
      Epoch 0 train:   0%|          | 0/20 [00:00<?, ?it/s, avg_loss=2.9775, num_batches=11/60, num_samples=11]
      Epoch 0 train:   0%|          | 0/20 [00:00<?, ?it/s, avg_loss=3.0980, num_batches=12/60, num_samples=12]
      Epoch 0 train:   0%|          | 0/20 [00:00<?, ?it/s, avg_loss=3.0710, num_batches=13/60, num_samples=13]
      Epoch 0 train:   0%|          | 0/20 [00:00<?, ?it/s, avg_loss=2.8963, num_batches=14/60, num_samples=14]
      Epoch 0 train:   0%|          | 0/20 [00:01<?, ?it/s, avg_loss=2.7393, num_batches=15/60, num_samples=15]
      Epoch 0 train:   0%|          | 0/20 [00:01<?, ?it/s, avg_loss=2.5930, num_batches=16/60, num_samples=16]
      Epoch 0 train:   0%|          | 0/20 [00:01<?, ?it/s, avg_loss=2.5994, num_batches=17/60, num_samples=17]
      Epoch 0 train:   0%|          | 0/20 [00:01<?, ?it/s, avg_loss=2.6120, num_batches=18/60, num_samples=18]
      Epoch 0 train:   0%|          | 0/20 [00:01<?, ?it/s, avg_loss=2.6128, num_batches=19/60, num_samples=19]
      Epoch 0 train:   0%|          | 0/20 [00:01<?, ?it/s, avg_loss=2.5676, num_batches=20/60, num_samples=20]
      Epoch 0 train:   0%|          | 0/20 [00:01<?, ?it/s, avg_loss=2.5461, num_batches=21/60, num_samples=21]
      Epoch 0 train:   0%|          | 0/20 [00:01<?, ?it/s, avg_loss=2.4723, num_batches=22/60, num_samples=22]
      Epoch 0 train:   0%|          | 0/20 [00:01<?, ?it/s, avg_loss=2.4127, num_batches=23/60, num_samples=23]
      Epoch 0 train:   0%|          | 0/20 [00:01<?, ?it/s, avg_loss=2.3336, num_batches=24/60, num_samples=24]
      Epoch 0 train:   0%|          | 0/20 [00:01<?, ?it/s, avg_loss=2.3447, num_batches=25/60, num_samples=25]
      Epoch 0 train:   0%|          | 0/20 [00:01<?, ?it/s, avg_loss=2.3635, num_batches=26/60, num_samples=26]
      Epoch 0 train:   0%|          | 0/20 [00:01<?, ?it/s, avg_loss=2.3797, num_batches=27/60, num_samples=27]
      Epoch 0 train:   0%|          | 0/20 [00:01<?, ?it/s, avg_loss=2.3818, num_batches=28/60, num_samples=28]
      Epoch 0 train:   0%|          | 0/20 [00:01<?, ?it/s, avg_loss=2.3279, num_batches=29/60, num_samples=29]
      Epoch 0 train:   0%|          | 0/20 [00:01<?, ?it/s, avg_loss=2.2826, num_batches=30/60, num_samples=30]
      Epoch 0 train:   0%|          | 0/20 [00:01<?, ?it/s, avg_loss=2.2416, num_batches=31/60, num_samples=31]
      Epoch 0 train:   0%|          | 0/20 [00:01<?, ?it/s, avg_loss=2.1951, num_batches=32/60, num_samples=32]
      Epoch 0 train:   0%|          | 0/20 [00:01<?, ?it/s, avg_loss=2.1661, num_batches=33/60, num_samples=33]
      Epoch 0 train:   0%|          | 0/20 [00:01<?, ?it/s, avg_loss=2.1159, num_batches=34/60, num_samples=34]
      Epoch 0 train:   0%|          | 0/20 [00:02<?, ?it/s, avg_loss=2.0690, num_batches=35/60, num_samples=35]
      Epoch 0 train:   0%|          | 0/20 [00:02<?, ?it/s, avg_loss=2.0544, num_batches=36/60, num_samples=36]
      Epoch 0 train:   0%|          | 0/20 [00:02<?, ?it/s, avg_loss=2.0440, num_batches=37/60, num_samples=37]
      Epoch 0 train:   0%|          | 0/20 [00:02<?, ?it/s, avg_loss=2.0299, num_batches=38/60, num_samples=38]
      Epoch 0 train:   0%|          | 0/20 [00:02<?, ?it/s, avg_loss=1.9904, num_batches=39/60, num_samples=39]
      Epoch 0 train:   0%|          | 0/20 [00:02<?, ?it/s, avg_loss=1.9600, num_batches=40/60, num_samples=40]
      Epoch 0 train:   0%|          | 0/20 [00:02<?, ?it/s, avg_loss=1.9599, num_batches=41/60, num_samples=41]
      Epoch 0 train:   0%|          | 0/20 [00:02<?, ?it/s, avg_loss=1.9268, num_batches=42/60, num_samples=42]
      Epoch 0 train:   0%|          | 0/20 [00:02<?, ?it/s, avg_loss=1.8991, num_batches=43/60, num_samples=43]
      Epoch 0 train:   0%|          | 0/20 [00:02<?, ?it/s, avg_loss=1.8974, num_batches=44/60, num_samples=44]
      Epoch 0 train:   0%|          | 0/20 [00:02<?, ?it/s, avg_loss=1.8933, num_batches=45/60, num_samples=45]
      Epoch 0 train:   0%|          | 0/20 [00:02<?, ?it/s, avg_loss=1.8861, num_batches=46/60, num_samples=46]
      Epoch 0 train:   0%|          | 0/20 [00:02<?, ?it/s, avg_loss=1.8805, num_batches=47/60, num_samples=47]
      Epoch 0 train:   0%|          | 0/20 [00:02<?, ?it/s, avg_loss=1.8698, num_batches=48/60, num_samples=48]
      Epoch 0 train:   0%|          | 0/20 [00:02<?, ?it/s, avg_loss=1.8597, num_batches=49/60, num_samples=49]
      Epoch 0 train:   0%|          | 0/20 [00:02<?, ?it/s, avg_loss=1.8452, num_batches=50/60, num_samples=50]
      Epoch 0 train:   0%|          | 0/20 [00:02<?, ?it/s, avg_loss=1.8298, num_batches=51/60, num_samples=51]
      Epoch 0 train:   0%|          | 0/20 [00:02<?, ?it/s, avg_loss=1.8307, num_batches=52/60, num_samples=52]
      Epoch 0 train:   0%|          | 0/20 [00:02<?, ?it/s, avg_loss=1.8139, num_batches=53/60, num_samples=53]
      Epoch 0 train:   0%|          | 0/20 [00:02<?, ?it/s, avg_loss=1.7994, num_batches=54/60, num_samples=54]
      Epoch 0 train:   0%|          | 0/20 [00:03<?, ?it/s, avg_loss=1.7784, num_batches=55/60, num_samples=55]
      Epoch 0 train:   0%|          | 0/20 [00:03<?, ?it/s, avg_loss=1.7569, num_batches=56/60, num_samples=56]
      Epoch 0 train:   0%|          | 0/20 [00:03<?, ?it/s, avg_loss=1.7636, num_batches=57/60, num_samples=57]
      Epoch 0 train:   0%|          | 0/20 [00:03<?, ?it/s, avg_loss=1.7771, num_batches=58/60, num_samples=58]
      Epoch 0 train:   0%|          | 0/20 [00:03<?, ?it/s, avg_loss=1.7542, num_batches=59/60, num_samples=59]
      Epoch 0 train:   0%|          | 0/20 [00:03<?, ?it/s, avg_loss=1.7338, num_batches=60/60, num_samples=60]
      Epoch 0 val:   0%|          | 0/20 [00:03<?, ?it/s, avg_loss=1.7338, num_batches=60/60, num_samples=60]  
      Epoch 0 val:   0%|          | 0/20 [00:03<?, ?it/s, avg_loss=1.5881, num_batches=1/15, num_samples=1]  
      Epoch 0 val:   0%|          | 0/20 [00:03<?, ?it/s, avg_loss=1.0197, num_batches=2/15, num_samples=2]
      Epoch 0 val:   0%|          | 0/20 [00:03<?, ?it/s, avg_loss=1.4617, num_batches=3/15, num_samples=3]
      Epoch 0 val:   0%|          | 0/20 [00:03<?, ?it/s, avg_loss=1.4605, num_batches=4/15, num_samples=4]
      Epoch 0 val:   0%|          | 0/20 [00:03<?, ?it/s, avg_loss=1.2287, num_batches=5/15, num_samples=5]
      Epoch 0 val:   0%|          | 0/20 [00:03<?, ?it/s, avg_loss=1.4317, num_batches=6/15, num_samples=6]
      Epoch 0 val:   0%|          | 0/20 [00:03<?, ?it/s, avg_loss=1.2743, num_batches=7/15, num_samples=7]
      Epoch 0 val:   0%|          | 0/20 [00:03<?, ?it/s, avg_loss=1.4036, num_batches=8/15, num_samples=8]
      Epoch 0 val:   0%|          | 0/20 [00:03<?, ?it/s, avg_loss=1.2898, num_batches=9/15, num_samples=9]
      Epoch 0 val:   0%|          | 0/20 [00:03<?, ?it/s, avg_loss=1.4217, num_batches=10/15, num_samples=10]
      Epoch 0 val:   0%|          | 0/20 [00:03<?, ?it/s, avg_loss=1.4173, num_batches=11/15, num_samples=11]
      Epoch 0 val:   0%|          | 0/20 [00:03<?, ?it/s, avg_loss=1.4805, num_batches=12/15, num_samples=12]
      Epoch 0 val:   0%|          | 0/20 [00:03<?, ?it/s, avg_loss=1.4914, num_batches=13/15, num_samples=13]
      Epoch 0 val:   0%|          | 0/20 [00:03<?, ?it/s, avg_loss=1.5002, num_batches=14/15, num_samples=14]
      Epoch 0 val:   0%|          | 0/20 [00:03<?, ?it/s, avg_loss=1.4355, num_batches=15/15, num_samples=15]
      Epoch 0 val:   5%|▌         | 1/20 [00:04<01:16,  4.05s/it, avg_loss=1.4355, num_batches=15/15, num_samples=15]
      Epoch 1 train:   5%|▌         | 1/20 [00:04<01:16,  4.05s/it, avg_loss=1.4355, num_batches=15/15, num_samples=15]
      Epoch 1 train:   5%|▌         | 1/20 [00:04<01:16,  4.05s/it, avg_loss=2.2701, num_batches=1/60, num_samples=1]  
      Epoch 1 train:   5%|▌         | 1/20 [00:04<01:16,  4.05s/it, avg_loss=1.3160, num_batches=2/60, num_samples=2]
      Epoch 1 train:   5%|▌         | 1/20 [00:04<01:16,  4.05s/it, avg_loss=1.6284, num_batches=3/60, num_samples=3]
      Epoch 1 train:   5%|▌         | 1/20 [00:04<01:16,  4.05s/it, avg_loss=1.7339, num_batches=4/60, num_samples=4]
      Epoch 1 train:   5%|▌         | 1/20 [00:04<01:16,  4.05s/it, avg_loss=1.6160, num_batches=5/60, num_samples=5]
      Epoch 1 train:   5%|▌         | 1/20 [00:04<01:16,  4.05s/it, avg_loss=1.5153, num_batches=6/60, num_samples=6]
      Epoch 1 train:   5%|▌         | 1/20 [00:04<01:16,  4.05s/it, avg_loss=1.3938, num_batches=7/60, num_samples=7]
      Epoch 1 train:   5%|▌         | 1/20 [00:04<01:16,  4.05s/it, avg_loss=1.2898, num_batches=8/60, num_samples=8]
      Epoch 1 train:   5%|▌         | 1/20 [00:04<01:16,  4.05s/it, avg_loss=1.1938, num_batches=9/60, num_samples=9]
      Epoch 1 train:   5%|▌         | 1/20 [00:04<01:16,  4.05s/it, avg_loss=1.3544, num_batches=10/60, num_samples=10]
      Epoch 1 train:   5%|▌         | 1/20 [00:04<01:16,  4.05s/it, avg_loss=1.3638, num_batches=11/60, num_samples=11]
      Epoch 1 train:   5%|▌         | 1/20 [00:04<01:16,  4.05s/it, avg_loss=1.3858, num_batches=12/60, num_samples=12]
      Epoch 1 train:   5%|▌         | 1/20 [00:05<01:16,  4.05s/it, avg_loss=1.3892, num_batches=13/60, num_samples=13]
      Epoch 1 train:   5%|▌         | 1/20 [00:05<01:16,  4.05s/it, avg_loss=1.3134, num_batches=14/60, num_samples=14]
      Epoch 1 train:   5%|▌         | 1/20 [00:05<01:16,  4.05s/it, avg_loss=1.3186, num_batches=15/60, num_samples=15]
      Epoch 1 train:   5%|▌         | 1/20 [00:05<01:16,  4.05s/it, avg_loss=1.4210, num_batches=16/60, num_samples=16]
      Epoch 1 train:   5%|▌         | 1/20 [00:05<01:16,  4.05s/it, avg_loss=1.3569, num_batches=17/60, num_samples=17]
      Epoch 1 train:   5%|▌         | 1/20 [00:05<01:16,  4.05s/it, avg_loss=1.2984, num_batches=18/60, num_samples=18]
      Epoch 1 train:   5%|▌         | 1/20 [00:05<01:16,  4.05s/it, avg_loss=1.2834, num_batches=19/60, num_samples=19]
      Epoch 1 train:   5%|▌         | 1/20 [00:05<01:16,  4.05s/it, avg_loss=1.3501, num_batches=20/60, num_samples=20]
      Epoch 1 train:   5%|▌         | 1/20 [00:05<01:16,  4.05s/it, avg_loss=1.3219, num_batches=21/60, num_samples=21]
      Epoch 1 train:   5%|▌         | 1/20 [00:05<01:16,  4.05s/it, avg_loss=1.2955, num_batches=22/60, num_samples=22]
      Epoch 1 train:   5%|▌         | 1/20 [00:05<01:16,  4.05s/it, avg_loss=1.2651, num_batches=23/60, num_samples=23]
      Epoch 1 train:   5%|▌         | 1/20 [00:05<01:16,  4.05s/it, avg_loss=1.2974, num_batches=24/60, num_samples=24]
      Epoch 1 train:   5%|▌         | 1/20 [00:05<01:16,  4.05s/it, avg_loss=1.2795, num_batches=25/60, num_samples=25]
      Epoch 1 train:   5%|▌         | 1/20 [00:05<01:16,  4.05s/it, avg_loss=1.2740, num_batches=26/60, num_samples=26]
      Epoch 1 train:   5%|▌         | 1/20 [00:05<01:16,  4.05s/it, avg_loss=1.2789, num_batches=27/60, num_samples=27]
      Epoch 1 train:   5%|▌         | 1/20 [00:05<01:16,  4.05s/it, avg_loss=1.2546, num_batches=28/60, num_samples=28]
      Epoch 1 train:   5%|▌         | 1/20 [00:05<01:16,  4.05s/it, avg_loss=1.2484, num_batches=29/60, num_samples=29]
      Epoch 1 train:   5%|▌         | 1/20 [00:05<01:16,  4.05s/it, avg_loss=1.2414, num_batches=30/60, num_samples=30]
      Epoch 1 train:   5%|▌         | 1/20 [00:05<01:16,  4.05s/it, avg_loss=1.2453, num_batches=31/60, num_samples=31]
      Epoch 1 train:   5%|▌         | 1/20 [00:05<01:16,  4.05s/it, avg_loss=1.2410, num_batches=32/60, num_samples=32]
      Epoch 1 train:   5%|▌         | 1/20 [00:05<01:16,  4.05s/it, avg_loss=1.2361, num_batches=33/60, num_samples=33]
      Epoch 1 train:   5%|▌         | 1/20 [00:06<01:16,  4.05s/it, avg_loss=1.2275, num_batches=34/60, num_samples=34]
      Epoch 1 train:   5%|▌         | 1/20 [00:06<01:16,  4.05s/it, avg_loss=1.2305, num_batches=35/60, num_samples=35]
      Epoch 1 train:   5%|▌         | 1/20 [00:06<01:16,  4.05s/it, avg_loss=1.2142, num_batches=36/60, num_samples=36]
      Epoch 1 train:   5%|▌         | 1/20 [00:06<01:16,  4.05s/it, avg_loss=1.1958, num_batches=37/60, num_samples=37]
      Epoch 1 train:   5%|▌         | 1/20 [00:06<01:16,  4.05s/it, avg_loss=1.1797, num_batches=38/60, num_samples=38]
      Epoch 1 train:   5%|▌         | 1/20 [00:06<01:16,  4.05s/it, avg_loss=1.1622, num_batches=39/60, num_samples=39]
      Epoch 1 train:   5%|▌         | 1/20 [00:06<01:16,  4.05s/it, avg_loss=1.1786, num_batches=40/60, num_samples=40]
      Epoch 1 train:   5%|▌         | 1/20 [00:06<01:16,  4.05s/it, avg_loss=1.1558, num_batches=41/60, num_samples=41]
      Epoch 1 train:   5%|▌         | 1/20 [00:06<01:16,  4.05s/it, avg_loss=1.1341, num_batches=42/60, num_samples=42]
      Epoch 1 train:   5%|▌         | 1/20 [00:06<01:16,  4.05s/it, avg_loss=1.1607, num_batches=43/60, num_samples=43]
      Epoch 1 train:   5%|▌         | 1/20 [00:06<01:16,  4.05s/it, avg_loss=1.1800, num_batches=44/60, num_samples=44]
      Epoch 1 train:   5%|▌         | 1/20 [00:06<01:16,  4.05s/it, avg_loss=1.2114, num_batches=45/60, num_samples=45]
      Epoch 1 train:   5%|▌         | 1/20 [00:06<01:16,  4.05s/it, avg_loss=1.2274, num_batches=46/60, num_samples=46]
      Epoch 1 train:   5%|▌         | 1/20 [00:06<01:16,  4.05s/it, avg_loss=1.2564, num_batches=47/60, num_samples=47]
      Epoch 1 train:   5%|▌         | 1/20 [00:06<01:16,  4.05s/it, avg_loss=1.2648, num_batches=48/60, num_samples=48]
      Epoch 1 train:   5%|▌         | 1/20 [00:06<01:16,  4.05s/it, avg_loss=1.2727, num_batches=49/60, num_samples=49]
      Epoch 1 train:   5%|▌         | 1/20 [00:06<01:16,  4.05s/it, avg_loss=1.2795, num_batches=50/60, num_samples=50]
      Epoch 1 train:   5%|▌         | 1/20 [00:06<01:16,  4.05s/it, avg_loss=1.2783, num_batches=51/60, num_samples=51]
      Epoch 1 train:   5%|▌         | 1/20 [00:06<01:16,  4.05s/it, avg_loss=1.2764, num_batches=52/60, num_samples=52]
      Epoch 1 train:   5%|▌         | 1/20 [00:06<01:16,  4.05s/it, avg_loss=1.2794, num_batches=53/60, num_samples=53]
      Epoch 1 train:   5%|▌         | 1/20 [00:06<01:16,  4.05s/it, avg_loss=1.2787, num_batches=54/60, num_samples=54]
      Epoch 1 train:   5%|▌         | 1/20 [00:06<01:16,  4.05s/it, avg_loss=1.2656, num_batches=55/60, num_samples=55]
      Epoch 1 train:   5%|▌         | 1/20 [00:07<01:16,  4.05s/it, avg_loss=1.2537, num_batches=56/60, num_samples=56]
      Epoch 1 train:   5%|▌         | 1/20 [00:07<01:16,  4.05s/it, avg_loss=1.2472, num_batches=57/60, num_samples=57]
      Epoch 1 train:   5%|▌         | 1/20 [00:07<01:16,  4.05s/it, avg_loss=1.2610, num_batches=58/60, num_samples=58]
      Epoch 1 train:   5%|▌         | 1/20 [00:07<01:16,  4.05s/it, avg_loss=1.2669, num_batches=59/60, num_samples=59]
      Epoch 1 train:   5%|▌         | 1/20 [00:07<01:16,  4.05s/it, avg_loss=1.2763, num_batches=60/60, num_samples=60]
      Epoch 1 val:   5%|▌         | 1/20 [00:07<01:16,  4.05s/it, avg_loss=1.2763, num_batches=60/60, num_samples=60]  
      Epoch 1 val:   5%|▌         | 1/20 [00:07<01:16,  4.05s/it, avg_loss=1.6007, num_batches=1/15, num_samples=1]  
      Epoch 1 val:   5%|▌         | 1/20 [00:07<01:16,  4.05s/it, avg_loss=1.0009, num_batches=2/15, num_samples=2]
      Epoch 1 val:   5%|▌         | 1/20 [00:07<01:16,  4.05s/it, avg_loss=0.8849, num_batches=3/15, num_samples=3]
      Epoch 1 val:   5%|▌         | 1/20 [00:07<01:16,  4.05s/it, avg_loss=1.0505, num_batches=4/15, num_samples=4]
      Epoch 1 val:   5%|▌         | 1/20 [00:07<01:16,  4.05s/it, avg_loss=1.3238, num_batches=5/15, num_samples=5]
      Epoch 1 val:   5%|▌         | 1/20 [00:07<01:16,  4.05s/it, avg_loss=1.3561, num_batches=6/15, num_samples=6]
      Epoch 1 val:   5%|▌         | 1/20 [00:07<01:16,  4.05s/it, avg_loss=1.4639, num_batches=7/15, num_samples=7]
      Epoch 1 val:   5%|▌         | 1/20 [00:07<01:16,  4.05s/it, avg_loss=1.3147, num_batches=8/15, num_samples=8]
      Epoch 1 val:   5%|▌         | 1/20 [00:07<01:16,  4.05s/it, avg_loss=1.2568, num_batches=9/15, num_samples=9]
      Epoch 1 val:   5%|▌         | 1/20 [00:07<01:16,  4.05s/it, avg_loss=1.2991, num_batches=10/15, num_samples=10]
      Epoch 1 val:   5%|▌         | 1/20 [00:07<01:16,  4.05s/it, avg_loss=1.3673, num_batches=11/15, num_samples=11]
      Epoch 1 val:   5%|▌         | 1/20 [00:07<01:16,  4.05s/it, avg_loss=1.2717, num_batches=12/15, num_samples=12]
      Epoch 1 val:   5%|▌         | 1/20 [00:07<01:16,  4.05s/it, avg_loss=1.3186, num_batches=13/15, num_samples=13]
      Epoch 1 val:   5%|▌         | 1/20 [00:07<01:16,  4.05s/it, avg_loss=1.3704, num_batches=14/15, num_samples=14]
      Epoch 1 val:   5%|▌         | 1/20 [00:07<01:16,  4.05s/it, avg_loss=1.4045, num_batches=15/15, num_samples=15]
      Epoch 1 val:  10%|█         | 2/20 [00:08<01:12,  4.02s/it, avg_loss=1.4045, num_batches=15/15, num_samples=15]
      Epoch 2 train:  10%|█         | 2/20 [00:08<01:12,  4.02s/it, avg_loss=1.4045, num_batches=15/15, num_samples=15]
      Epoch 2 train:  10%|█         | 2/20 [00:08<01:12,  4.02s/it, avg_loss=1.6834, num_batches=1/60, num_samples=1]  
      Epoch 2 train:  10%|█         | 2/20 [00:08<01:12,  4.02s/it, avg_loss=1.7569, num_batches=2/60, num_samples=2]
      Epoch 2 train:  10%|█         | 2/20 [00:08<01:12,  4.02s/it, avg_loss=1.3064, num_batches=3/60, num_samples=3]
      Epoch 2 train:  10%|█         | 2/20 [00:08<01:12,  4.02s/it, avg_loss=1.3827, num_batches=4/60, num_samples=4]
      Epoch 2 train:  10%|█         | 2/20 [00:08<01:12,  4.02s/it, avg_loss=1.2833, num_batches=5/60, num_samples=5]
      Epoch 2 train:  10%|█         | 2/20 [00:08<01:12,  4.02s/it, avg_loss=1.2601, num_batches=6/60, num_samples=6]
      Epoch 2 train:  10%|█         | 2/20 [00:08<01:12,  4.02s/it, avg_loss=1.1908, num_batches=7/60, num_samples=7]
      Epoch 2 train:  10%|█         | 2/20 [00:08<01:12,  4.02s/it, avg_loss=1.1884, num_batches=8/60, num_samples=8]
      Epoch 2 train:  10%|█         | 2/20 [00:08<01:12,  4.02s/it, avg_loss=1.1645, num_batches=9/60, num_samples=9]
      Epoch 2 train:  10%|█         | 2/20 [00:08<01:12,  4.02s/it, avg_loss=1.1707, num_batches=10/60, num_samples=10]
      Epoch 2 train:  10%|█         | 2/20 [00:08<01:12,  4.02s/it, avg_loss=1.1477, num_batches=11/60, num_samples=11]
      Epoch 2 train:  10%|█         | 2/20 [00:08<01:12,  4.02s/it, avg_loss=1.1948, num_batches=12/60, num_samples=12]
      Epoch 2 train:  10%|█         | 2/20 [00:08<01:12,  4.02s/it, avg_loss=1.1495, num_batches=13/60, num_samples=13]
      Epoch 2 train:  10%|█         | 2/20 [00:08<01:12,  4.02s/it, avg_loss=1.1505, num_batches=14/60, num_samples=14]
      Epoch 2 train:  10%|█         | 2/20 [00:08<01:12,  4.02s/it, avg_loss=1.1579, num_batches=15/60, num_samples=15]
      Epoch 2 train:  10%|█         | 2/20 [00:09<01:12,  4.02s/it, avg_loss=1.2005, num_batches=16/60, num_samples=16]
      Epoch 2 train:  10%|█         | 2/20 [00:09<01:12,  4.02s/it, avg_loss=1.1938, num_batches=17/60, num_samples=17]
      Epoch 2 train:  10%|█         | 2/20 [00:09<01:12,  4.02s/it, avg_loss=1.2100, num_batches=18/60, num_samples=18]
      Epoch 2 train:  10%|█         | 2/20 [00:09<01:12,  4.02s/it, avg_loss=1.1913, num_batches=19/60, num_samples=19]
      Epoch 2 train:  10%|█         | 2/20 [00:09<01:12,  4.02s/it, avg_loss=1.1648, num_batches=20/60, num_samples=20]
      Epoch 2 train:  10%|█         | 2/20 [00:09<01:12,  4.02s/it, avg_loss=1.1506, num_batches=21/60, num_samples=21]
      Epoch 2 train:  10%|█         | 2/20 [00:09<01:12,  4.02s/it, avg_loss=1.1389, num_batches=22/60, num_samples=22]
      Epoch 2 train:  10%|█         | 2/20 [00:09<01:12,  4.02s/it, avg_loss=1.1266, num_batches=23/60, num_samples=23]
      Epoch 2 train:  10%|█         | 2/20 [00:09<01:12,  4.02s/it, avg_loss=1.1070, num_batches=24/60, num_samples=24]
      Epoch 2 train:  10%|█         | 2/20 [00:09<01:12,  4.02s/it, avg_loss=1.1097, num_batches=25/60, num_samples=25]
      Epoch 2 train:  10%|█         | 2/20 [00:09<01:12,  4.02s/it, avg_loss=1.0892, num_batches=26/60, num_samples=26]
      Epoch 2 train:  10%|█         | 2/20 [00:09<01:12,  4.02s/it, avg_loss=1.0732, num_batches=27/60, num_samples=27]
      Epoch 2 train:  10%|█         | 2/20 [00:09<01:12,  4.02s/it, avg_loss=1.0532, num_batches=28/60, num_samples=28]
      Epoch 2 train:  10%|█         | 2/20 [00:09<01:12,  4.02s/it, avg_loss=1.0557, num_batches=29/60, num_samples=29]
      Epoch 2 train:  10%|█         | 2/20 [00:09<01:12,  4.02s/it, avg_loss=1.0816, num_batches=30/60, num_samples=30]
      Epoch 2 train:  10%|█         | 2/20 [00:09<01:12,  4.02s/it, avg_loss=1.1168, num_batches=31/60, num_samples=31]
      Epoch 2 train:  10%|█         | 2/20 [00:09<01:12,  4.02s/it, avg_loss=1.1373, num_batches=32/60, num_samples=32]
      Epoch 2 train:  10%|█         | 2/20 [00:09<01:12,  4.02s/it, avg_loss=1.1547, num_batches=33/60, num_samples=33]
      Epoch 2 train:  10%|█         | 2/20 [00:09<01:12,  4.02s/it, avg_loss=1.1522, num_batches=34/60, num_samples=34]
      Epoch 2 train:  10%|█         | 2/20 [00:10<01:12,  4.02s/it, avg_loss=1.1377, num_batches=35/60, num_samples=35]
      Epoch 2 train:  10%|█         | 2/20 [00:10<01:12,  4.02s/it, avg_loss=1.1276, num_batches=36/60, num_samples=36]
      Epoch 2 train:  10%|█         | 2/20 [00:10<01:12,  4.02s/it, avg_loss=1.1140, num_batches=37/60, num_samples=37]
      Epoch 2 train:  10%|█         | 2/20 [00:10<01:12,  4.02s/it, avg_loss=1.1025, num_batches=38/60, num_samples=38]
      Epoch 2 train:  10%|█         | 2/20 [00:10<01:12,  4.02s/it, avg_loss=1.0836, num_batches=39/60, num_samples=39]
      Epoch 2 train:  10%|█         | 2/20 [00:10<01:12,  4.02s/it, avg_loss=1.0602, num_batches=40/60, num_samples=40]
      Epoch 2 train:  10%|█         | 2/20 [00:10<01:12,  4.02s/it, avg_loss=1.0404, num_batches=41/60, num_samples=41]
      Epoch 2 train:  10%|█         | 2/20 [00:10<01:12,  4.02s/it, avg_loss=1.0461, num_batches=42/60, num_samples=42]
      Epoch 2 train:  10%|█         | 2/20 [00:10<01:12,  4.02s/it, avg_loss=1.0365, num_batches=43/60, num_samples=43]
      Epoch 2 train:  10%|█         | 2/20 [00:10<01:12,  4.02s/it, avg_loss=1.0775, num_batches=44/60, num_samples=44]
      Epoch 2 train:  10%|█         | 2/20 [00:10<01:12,  4.02s/it, avg_loss=1.0582, num_batches=45/60, num_samples=45]
      Epoch 2 train:  10%|█         | 2/20 [00:10<01:12,  4.02s/it, avg_loss=1.0478, num_batches=46/60, num_samples=46]
      Epoch 2 train:  10%|█         | 2/20 [00:10<01:12,  4.02s/it, avg_loss=1.0948, num_batches=47/60, num_samples=47]
      Epoch 2 train:  10%|█         | 2/20 [00:10<01:12,  4.02s/it, avg_loss=1.0740, num_batches=48/60, num_samples=48]
      Epoch 2 train:  10%|█         | 2/20 [00:10<01:12,  4.02s/it, avg_loss=1.1101, num_batches=49/60, num_samples=49]
      Epoch 2 train:  10%|█         | 2/20 [00:10<01:12,  4.02s/it, avg_loss=1.1392, num_batches=50/60, num_samples=50]
      Epoch 2 train:  10%|█         | 2/20 [00:10<01:12,  4.02s/it, avg_loss=1.1341, num_batches=51/60, num_samples=51]
      Epoch 2 train:  10%|█         | 2/20 [00:10<01:12,  4.02s/it, avg_loss=1.1208, num_batches=52/60, num_samples=52]
      Epoch 2 train:  10%|█         | 2/20 [00:10<01:12,  4.02s/it, avg_loss=1.1257, num_batches=53/60, num_samples=53]
      Epoch 2 train:  10%|█         | 2/20 [00:10<01:12,  4.02s/it, avg_loss=1.1249, num_batches=54/60, num_samples=54]Terminated

ERROR conda.cli.main_run:execute(127): `conda run python -m scripts.run_benchmark --source cptac_ucec --task Immune_class --experiment_type finetune --model_name hilbertwsi_2dpe_mamba --patch_features_dir /data/hilbert-wsi/features/CPTAC_UCEC --splits_root splits --saveto runs/postfix_ucec_2dpe_mamba --model_kwargs_yaml configs/backbones/mamba_2dpe_base.yaml --num_epochs 20 --gpu 0` failed. (See above for error)
Loaded split from splits/cptac_ucec/Immune_class/k=all.tsv with 94 samples and 50 folds assigned.

Experiment dir: runs/postfix_ucec_2dpe_mamba
############################################################################################################
Training: Fold 1 of 50...
############################################################################################################
Training: Fold 2 of 50...
############################################################################################################
Training: Fold 3 of 50...
############################################################################################################
Training: Fold 4 of 50...
############################################################################################################
Training: Fold 5 of 50...

